Segment 1,Segment 2,Segment 3,Segment 4
1.0,2.0,0.0,2.0
-0.28994394002358,2.157032542928089,-0.1774585074559745,-0.1017547425581119
-0.3040937540855618,2.066376118917215,-0.1840308673372461,-0.0184905803045472
-0.3184194458829109,1.9580319863152933,-0.1936670360184006,0.0629742579945806
-0.3332310027849802,1.832589395092684,-0.2063805558363841,0.1409518295093064
-0.3488494154634872,1.6909583207351329,-0.2221662960330692,0.213836648554227
-0.3655960136334897,1.5343597659470871,-0.2410041955963723,0.2801529501209143
-0.3837805852582203,1.364306553693292,-0.2628617296528674,0.3385972854284144
-0.4036884832946342,1.1825750587320196,-0.2876949212536103,0.388074880837107
-0.4255669790159189,0.99116869167556,-0.3154477969302335,0.4277285116828075
-0.4496111793078571,0.7922742591673044,-0.3460502638599464,0.4569590093972365
-0.475949886766532,0.5882125708255961,-0.3794144678547182,0.4754369078786113
-0.5046318437378682,0.3813848488937034,-0.4154297740624711,0.4831051188972445
-0.5356128607867733,0.1742166222022393,-0.4539565958344028,0.4801728850104307
-0.5687443814670249,-0.0308991465755253,-0.4948193810766856,0.4671015756605276
-0.6037640730123451,-0.231657941166028,-0.5377991480638296,0.4445831575922382
-0.6402890509181706,-0.4258968626826763,-0.5826260413083478,0.4135123799667527
-0.6778123390439375,-0.611643459436709,-0.6289724485707978,0.3749538673002131
-0.7157031311147544,-0.7871586989735825,-0.6764472768066854,0.3301054118777886
-0.7532113499614692,-0.9509727075599776,-0.7245920199213283,0.2802588051877997
-0.7894768940198579,-1.1019120788586187,-0.7728792553278362,0.2267595493068012
-0.8235438155101638,-1.2391177794314274,-0.8207141709649542,0.1709667482572706
-0.8543794940912489,-1.3620529667075818,-0.8674396436380546,0.1142144003556933
-0.8808986598877755,-1.4705003909047931,-0.9123452605074563,0.0577751998044965
-0.9019918892269428,-1.5645494710355947,-0.9546804995202864,0.0028278141467133
-0.9165579552450472,-1.644573595065239,-0.9936720679488666,-0.0495715601391183
-0.923539174789238,-1.7111986558113257,-1.0285451524707865,-0.0985127409003761
-0.921958664504438,-1.765264248414814,-1.058548074143549,-0.1432497652275575
-0.9109582149576284,-1.8077792801287813,-1.0829795825444335,-0.1832135039375068
-0.8898353248797825,-1.8398739547346048,-1.101217780339106,-0.2180186127334679
-0.858077821091907,-1.8627501866588216,-1.1127494585040312,-0.2474649164488959
-0.815394436413394,-1.8776324811839185,-1.1171984602774745,-0.2715334783297554
-0.761739741121278,-1.8857212011645184,-1.1143515941998874,-0.2903777440533101
-0.6973319371291714,-1.8881499443870904,-1.1041805945324206,-0.3043102659873012
-0.6226622403522526,-1.885948496870175,-1.0868586867507632,-0.3137856032655289
-0.5384949012573256,-1.8800125232947664,-1.0627704580362138,-0.319380054938975
-0.4458573373449636,-1.8710808226693896,-1.0325139556510938,-0.3217689161428553
-0.3460203458605552,-1.8597206302257745,-0.996894234483272,-0.3217019526683267
-0.2404688872267305,-1.846321098845423,-0.956907939669198,-0.3199777712372298
-0.1308644342667068,-1.8310947568984328,-0.9137189272515962,-0.317417725972753
-0.0190003313815729,-1.8140864245973047,-0.8686253769208567,-0.3148399514479993
0.0932480286542519,-1.7951887868506742,-0.8230193136961875,-0.3130340550647763
0.2039761489886532,-1.7741635750178533,-0.7783399038607098,-0.3127369422780788
0.3113043043533863,-1.7506671098493105,-0.7360222947675101,-0.3146101928482508
0.4134301567221853,-1.7242788094518644,-0.697444096447549,-0.3192193593216917
0.5086780342424105,-1.694531174995095,-0.663871825762281,-0.3270155231077827
0.5955430126820778,-1.660939738338125,-0.6364097290547518,-0.3383194195574451
0.6727282411941534,-1.6230314947810478,-0.6159533556771997,-0.3533084298623359
0.7391743264034261,-1.5803704554858249,-0.6031500733703526,-0.3720067308663697
0.7940800075093067,-1.5325791422995612,-0.5983684097677127,-0.3942788889154416
0.8369137913792543,-1.4793551170078665,-0.6016776945473641,-0.4198271745795965
0.8674166400919877,-1.4204819913286184,-0.6128389930112786,-0.448192855294454
0.8855961867043989,-1.3558348047685531,-0.631307796167836,-0.478761687622501
0.8917132767956644,-1.2853801720553035,-0.6562483960065661,-0.5107737767419229
0.886261879648419,-1.2091721353930622,-0.6865593562018761,-0.5433378964326201
0.8699435775794646,-1.1273450949278312,-0.7209090139674365,-0.5754502678079337
0.8436379260438855,-1.040105400336252,-0.7577795413996352,-0.606017679699205
0.8083699879507671,-0.9477231015293492,-0.7955177727755212,-0.6338846992648166
0.7652762948534381,-0.8505250221808588,-0.8323907789199598,-0.657864570464712
0.7155703896208293,-0.7488898486042297,-0.8666440435417859,-0.6767732339642635
0.6605089749640403,-0.6432454272107611,-0.8965600644979826,-0.6894657295110984
0.6013595440950334,-0.5340680095804997,-0.9205152550934718,-0.6948740671684434
0.539370216107144,-0.4218828182894817,-0.9370331438840412,-0.6920454848319547
0.4757423487704443,-0.3072650548996865,-0.9448320529237164,-0.6801798554072858
0.4116063613499982,-0.1908403483070984,-0.9428656624252348,-0.6586648792128313
0.3480010724768271,-0.0732836507550433,-0.9303551352034326,-0.6271076103824076
0.2858567429899288,0.0446842766652749,-0.9068117706139832,-0.5853608381761416
0.2259819093943984,0.1623034045550862,-0.8720494818808401,-0.5335428930540388
0.1690539986144277,0.2787842942485561,-0.8261867436540615,-0.4720495866757556
0.1156136290834581,0.3933212027012945,-0.7696380431949476,-0.401557230439177
0.0660624282808224,0.5051079993054923,-0.7030952949541637,-0.3230160048289143
0.0206641335994628,0.6133561485178902,-0.6275001422489601,-0.2376333572870505
-0.0204513084081463,0.7173137842186068,-0.5440085400108127,-0.1468475650458072
-0.0572809704744196,0.8162847773321602,-0.4539494154987156,-0.0522920795209765
-0.0899398569152965,0.9096466805043676,-0.3587794500527509,0.044248263068732
-0.1186498737722711,0.9968665124095144,-0.2600360678483103,0.1408876535324942
-0.1437272351067659,1.077513500845236,-0.1592905829621564,0.2356944714965192
-0.1655686742227292,1.151268115523825,-0.0581032116065617,0.3267490513307538
-0.1846368061675037,1.2179269653074165,0.0420186353503029,0.4122017424661861
-0.2014449547157925,1.2774033885238647,0.1396576637901034,0.4903289157181053
-0.2165417159670981,1.3297238085290055,0.2335187798276865,0.5595846585199656
-0.2304954845718558,1.375020142913047,0.3224553705595482,0.6186461153778005
-0.2438791207016933,1.4135187329576302,0.405489436712276,0.6664507475082646
-0.2572548904698477,1.4455263961203713,0.4818254399109087,0.7022241829795253
-0.2711597747826349,1.4714142985382204,0.5508579203648665,0.725497777934106
-0.2860912166582416,1.4916003981245844,0.6121731213279228,0.736115482810534
-0.3024933688121843,1.5065312234849926,0.6655450233288702,0.7342300795982513
-0.3207439139475633,1.5166637321520566,0.7109263400831283,0.7202893056821075
-0.3411415598727605,1.522447937536489,0.7484351542995372,0.6950127884218806
-0.3638943583579733,1.5243109130871624,0.7783379702170281,0.6593610628868234
-0.3891090564667721,1.5226426811608842,0.8010300259132755,0.6144982096683892
-0.4167817559932223,1.5177843798426411,0.8170137384400238,0.5617498090281521
-0.446790223201308,1.5100189794665773,0.8268761469228684,0.5025579558434567
-0.478888248899615,1.499564697280583,0.8312661743770963,0.4384350321885849
-0.5127024991367686,1.4865711393571894,0.8308724529198575,0.3709178184257147
-0.5477323114711055,1.471118089929581,0.826402356355224,0.3015233654894921
-0.5833528753490864,1.4532167757682122,0.8185627667883023,0.2317078687619954
-0.6188221851668458,1.4328133609318556,0.8080429760547405,0.1628295881418314
-0.6532920708872684,1.4097943765805558,0.7954999958364449,0.0961166555210736
-0.6858234948518517,1.3839937607742865,0.7815464288492834,0.0326404042067235
-0.7154061572004552,1.355201172167943,0.766740942601203,-0.0267053502880757
-0.7409822802312355,1.323171246244379,0.7515812906543012,-0.0812188469807611
-0.7614742499345882,1.2876334796848097,0.736499746314111,-0.1303986902316782
-0.7758155881782749,1.2483024541614096,0.7218607510514126,-0.1739460660244692
-0.7829845200535014,1.2048881424721114,0.7079605345101366,-0.2117611550842709
-0.7820391966166829,1.1571060758534475,0.6950284338212219,-0.243934175841829
-0.7721534428075236,1.1046871905406368,0.6832296259419626,-0.2707316090235859
-0.7526517340381474,1.047387212964044,0.672668986354838,-0.2925782473428971
-0.7230419760165916,0.9849954841265832,0.6633957987541278,-0.3100357757158763
-0.6830445870021995,0.9173431613377356,0.6554090611419783,-0.3237786192567297
-0.632616377020035,0.8443107654667419,0.6486631620189705,-0.3345678001454825
-0.5719677996150907,0.765835059871891,0.643073734362401,-0.3432235245015033
-0.5015723287915436,0.6819152493303728,0.6385235331252537,-0.3505971820900503
-0.4221669899526187,0.5926184711933092,0.6348682220437388,-0.3575433908873104
-0.3347434423196443,0.4980845164221841,0.6319419952825416,-0.3648926609266084
-0.2405294534032413,0.3985296681778028,0.6295629963855511,-0.3734251927829657
-0.1409610944142873,0.2942494878623564,0.6275385286932053,-0.3838462703220074
-0.0376464819973392,0.1856203254777577,0.6256700757739152,-0.3967636587592756
0.0676776420567879,0.0730992974292793,0.6237581661411855,-0.4126673799430289
0.1731947984773106,-0.0427775281114414,0.6216071230249128,-0.4319122075162029
0.2770611172296069,-0.161398965632163,0.6190297373348653,-0.4547032038387357
0.3774589327286254,-0.2820847270150637,0.6158518908036114,-0.4810846054864525
0.4726493453573832,-0.4040936813272442,0.6119171376279468,-0.5109323511651755
0.5610215366511201,-0.5266343081284981,0.6070912281119448,-0.5439505307550949
0.6411368322288501,-0.6488771672287779,0.6012665286496528,-0.5796720119971069
0.7117658311129197,-0.7699690863429387,0.5943662611247553,-0.617463466483694
0.7719173319902232,-0.8890486643083759,0.5863484539668873,-0.656534963770586
0.8208582500213327,-1.0052626132721754,0.5772094690703292,-0.6959542279271068
0.8581241948408317,-1.1177824257163922,0.5669869455021658,-0.7346655536486674
0.883520837110324,-1.2258208506850512,0.5557619840850662,-0.7715132602645869
0.8971165987331224,-1.3286476882833278,0.543660388344368,-0.8052694237414345
0.8992275394937613,-1.4256044480578254,0.5308527789826404,-0.834665471831986
0.8903955677692278,-1.51611745496877,0.5175534128680627,-0.8584270595445301
0.8713612706613607,-1.5997090249634536,0.5040175647597257,-0.8753114664422197
0.8430327421312204,-1.6760063754375465,0.4905373709679421,-0.8841465812672473
0.8064517946998981,-1.7447479901005247,0.4774360881730996,-0.8838703722898773
0.7627588831378198,-1.8057872282970329,0.4650607860922534,-0.8735695945025881
0.7131579617404313,-1.8590930604954448,0.4537735670947877,-0.8525163693178974
0.6588823553934194,-1.9047479267717369,0.4439414857777033,-0.8202012012911303
0.6011625628336755,-1.942942849046112,0.4359254225484156,-0.7763609824408919
0.5411967402726586,-1.9739700662501167,0.4300682425843147,-0.7210005911807701
0.4801244438531835,-1.9982135840707744,0.4266826405765971,-0.654406831661286
0.419004046213407,-2.0161381190090646,0.4260391283833838,-0.57715368751891
0.3587940896103673,-2.028276960069239,0.4283546628511322,-0.4900981800243694
0.300338698783347,-2.035219269415012,0.4337824294524078,-0.3943665120891665
0.2443570536593722,-2.0375973010343587,0.4424032888266888,-0.2913306235207122
0.1914368160022045,-2.03607394231418,0.4542193543568076,-0.182575747457133
0.1420313137542262,-2.031330887140327,0.4691500988159043,-0.0698600060331111
0.0964602097359163,-2.024057640559773,0.4870312885313855,0.044932521397118
0.0549133160692682,-2.0149414435713147,0.5076169182030723,0.1598435101251576
0.0174571623619261,-2.0046581008018256,0.5305841746783808,0.2728949168434234
-0.0159561141609675,-1.9938636010662087,0.5555413025781912,0.3821442378143073
-0.0454780127085419,-1.983186347099216,0.5820380899398515,0.4857383961284359
-0.0713515102757879,-1.973219760567532,0.6095785499930639,0.581964237448624
-0.0938979519975221,-1.9645150047330329,0.6376352568141547,0.6692937949522162
-0.1135034121778648,-1.9575735711788511,0.6656647076285045,0.7464227562150209
-0.1306048997439962,-1.952839508619309,0.6931230414214246,0.8123009093377349
-0.1456767182126514,-1.9506911293035627,0.7194814470500205,0.8661537379032491
-0.1592172151063049,-1.9514321088232487,0.7442406417139735,0.907494746540044
-0.17173607536895,-1.9552819939340669,0.7669438829255282,0.9361285033171508
-0.1837422349162697,-1.962366244909394,0.7871880824075164,0.9521447574363904
-0.1957324209203513,-1.9727060576884523,0.8046327092992057,0.9559043117243452
-0.2081802706958192,-1.986208329734093,0.8190062954258326,0.9480175868056088
-0.2215259458209191,-2.0026562447444785,0.8301104794750961,0.9293170015582568
-0.2361661456404823,-2.021701047710625,0.8378216408365239,0.9008244124406324
-0.2524444360686696,-2.042855655990069,0.8420902695709682,0.863714907800744
-0.2706418452572608,-2.065490797271772,0.842938291709602,0.8192782518590737
-0.2909677348045332,-2.08883437554205,0.8404546180346479,0.7688792285134253
-0.3135510289420679,-2.111974736564121,0.8347892118391248,0.7139180592327571
-0.3384319672823916,-2.133868431551283,0.8261459804717924,0.6557919720389955
-0.3655546306594169,-2.1533529600099226,0.8147747906438827,0.5958588871605861
-0.3947605664345575,-2.169164810571043,0.8009628923392084,0.5354040637444134
-0.4257839031775859,-2.1799629147386064,0.7850260143830177,0.4756104230036834
-0.4582483898696152,-2.1843573880866787,0.7672993695606989,0.4175331271912846
-0.4916668171737738,-2.18094316441124,0.7481287812074916,0.3620788523438104
-0.5254432738708035,-2.1683378412831,0.727862118034659,0.3099900492704152
-0.5588786573425951,-2.145222763660653,0.7068412002712348,0.2618343464391383
-0.5911797915282153,-2.1103860916136616,0.6853943179146242,0.217999114301739
-0.6214724091211944,-2.062766347087756,0.6638294805703784,0.1786910858310497
-0.6488181283462742,-2.001494733393899,0.6424284975793797,0.1439408147143936
-0.6722354007206368,-1.925934391720908,0.6214419666364319,0.1136116531293019
-0.6907242274482466,-1.835714723845376,0.6010852288830377,0.0874128475680534
-0.7032942423047633,-1.7307589890260804,0.5815353286212983,0.0649162850084549
-0.7089955446170436,-1.6113035868233487,0.562928996450622,0.0455763727468012
-0.7069514474212186,-1.4779077623299526,0.5453616558235589,0.0287525022381929
-0.6963920960590718,-1.331452895594569,0.5288874348843192,0.0137335284512209
-0.6766877257619717,-1.1731310308718812,0.5135201483877901,-0.0002363108544254
-0.6473801784146441,-1.0044228271758666,0.4992351990752126,-0.0139306096961278
-0.6082112044230433,-0.8270656321862649,0.4859723345697274,-0.0281137083644137
-0.5591460509195417,-0.6430128599721203,0.4736391847995735,-0.0435138633966774
-0.5003908962801144,-0.4543862551592711,0.4621154959789435,-0.0607972178713361
-0.4324028432736672,-0.2634229269333316,0.4512579698606028,-0.0805431079362951
-0.3558914332255468,-0.0724192251223883,0.4409056108296142,-0.103221235166261
-0.2718109876569176,0.1163263904757722,0.4308854780030162,-0.1291712300418228
-0.1813435096784246,0.3005693619919422,0.4210187344596848,-0.1585851274008295
-0.0858723633799053,0.4781719277170742,0.4111268806694121,-0.1914932664545205
0.0130525361278375,0.64715112155589,0.401038053757031,-0.2277541111299131
0.1137567870372551,0.8057204031680135,0.3905932681469716,-0.2670484561883366
0.2144891388126393,0.9523238044030908,0.3796524663241057,-0.3088784366088409
0.313472675412294,1.0856618677935066,0.368100241241131,-0.3525716886938934
0.4089572979898493,1.2047090462586425,0.3558510850062775,-0.3972909180637207
0.4992711930383933,1.3087226070255529,0.3428540128269532,-0.4420490096441309
0.5828690563974048,1.3972434192282857,0.3290964078771464,-0.485729667694058
0.6583750693302073,1.4700892896538744,0.3146069331507715,-0.5271134028948257
0.7246189656915745,1.527341733121807,0.2994573619559248,-0.5649084940723098
0.7806639550346801,1.5693272152075208,0.283763190899152,-0.5977863508459637
0.8258257359351276,1.5965939844928956,0.267682919098209,-0.6244204972647133
0.8596823077256808,1.6098856260260843,0.2514159055910211,-0.6435281925123449
0.8820747341704814,1.6101124285820931,0.2351987536123648,-0.6539135111422536
0.8930994051257448,1.5983215776866362,0.2193002151936853,-0.6545105317019719
0.8930926657828775,1.5756670753223565,0.2040146614157652,-0.6444251407160627
0.8826089278992363,1.5433801563116614,0.1896542209500857,-0.6229738621763461
0.8623935394463135,1.5027408309919303,0.1765397500095295,-0.5897180847125778
0.8333517700599232,1.4550510441155935,0.1649908578900914,-0.5444920921086626
0.7965152766940412,1.401609810106612,0.1553152712049509,-0.4874234182888589
0.7530073583406748,1.3436905722948287,0.1477978738724168,-0.4189442530222392
0.7040082044488897,1.2825209435057618,0.1426898057834889,-0.3397929225081835
0.6507212033502194,1.2192649195861172,0.1401980372081742,-0.2510048550516184
0.5943412186606223,1.1550076153236122,0.1404758543932686,-0.1538929008576689
0.5360255760429032,1.0907425499878045,0.1436146904824607,-0.0500173799141224
0.4768683402665316,1.0273615008651371,0.1496377114625479,0.0588532528089541
0.417878309855283,0.9656469395272302,0.1584955171633842,0.170789750804565
0.3599610161289978,0.9062670590554583,0.1700642422442403,0.2837556401859772
0.3039048842040285,0.8497733845789894,0.1841462440268578,0.3956649075706373
0.2503715932213959,0.7966009303825776,0.2004734483134229,0.5044415312577245
0.1998905596341403,0.7470708235710288,0.2187132987085023,0.6080785213719302
0.1528573598381173,0.7013952587585686,0.2384771282139018,0.7046942012538805
0.1095358074354374,0.6596845847491661,0.2593306521008265,0.7925836363118018
0.0700633084564184,0.6219562585355848,0.2808061752501846,0.8702633853224676
0.0344590390251054,0.5881453406668179,0.3024160218930746,0.9365080981284052
0.0026344293884769,0.5581161551498349,0.3236666374799631,0.9903778917841872
-0.0255945988024827,0.5316747010942319,0.3440727862808271,1.0312358772923595
-0.0504942046522517,0.5085813848642747,0.3631712761116995,1.058755651614707
-0.0723985532031633,0.4885636415029684,0.3805336815566137,1.0729189868543283
-0.0916955912094311,0.4713280324075809,0.3957776046812934,1.074004317395757
-0.1088131023192418,0.4565714414673857,0.4085761011785648,1.0625669300890974
-0.1242053846374037,0.4439910419173725,0.4186650027266919,1.0394119934219892
-0.1383407970935935,0.4332927679113204,0.4258479752340537,1.005561717368913
-0.1516903204018878,0.4241980946444788,0.4299992599790966,0.962218020769354
-0.1647171803866194,0.4164490050180996,0.4310641436894099,0.9107221067191036
-0.1778674930132697,0.4098110957162356,0.4290572891115534,0.852512319979163
-0.1915618183305633,0.4040748477710689,0.4240591264948781,0.7890815955860471
-0.2061874598605527,0.3990551532016048,0.4162105577680322,0.7219357153625601
-0.2220913191837677,0.3945892477385818,0.4057062598206027,0.6525534773808891
-0.2395731126902568,0.3905332486346906,0.3927868928703626,0.5823497582554913
-0.2588787781611578,0.3867575359327366,0.3777305263123285,0.5126423123295611
-0.280193942473968,0.3831412460583443,0.3608435896224174,0.444623006409707
-0.3036373868689996,0.3795661693231086,0.3424516417018157,0.3793340341046323
-0.329254529503629,0.3759103589527003,0.3228902303224687,0.3176494911685488
-0.3570110409716011,0.3720417695071835,0.3024960857885748,0.2602625258205002
-0.386786809961209,0.3678122476552075,0.2815988611638158,0.2076781117178587
-0.418370575148471,0.3630521982272247,0.2605135969774942,0.1602113331796422
-0.4514556273483192,0.357566242533648,0.2395340527677132,0.1179909281820616
-0.4856370548828581,0.3511301727518915,0.2189270125614656,0.0809677080530004
-0.5204110479345248,0.3434894843541706,0.1989276373948448,0.0489273657942549
-0.5551767879733952,0.3343597369154323,0.1797359056650116,0.0215070996511301
-0.5892414205404055,0.3234289513796857,0.1615141516511819,-0.0017845828290876
-0.6218285397661907,0.3103621984568801,0.1443856841626102,-0.021545550807268
-0.6520905004713343,0.2948084680961382,0.1284344413067598,-0.038455906792841
-0.6791247222708133,0.2764098342356177,0.1137056143337732,-0.0532526803735527
-0.7019939668876326,0.254812843276667,0.1002071541723615,-0.0667039908692831
-0.7197503636749332,0.2296819608401127,0.0879120595155277,-0.0795832606266737
-0.7314627386373245,0.2007148119557599,0.0767613357704865,-0.0926440008633056
-0.736246578974725,0.1676588480649524,0.0666675099722692,-0.106595628555417
-0.7332957489164226,0.1303289736986745,0.0575185875652859,-0.1220807119593621
-0.7219148747453326,0.0886255706596029,0.0491823421690042,-0.1396539897084087
-0.7015511495217793,0.0425522730801926,0.0415108380891374,-0.1597634685751135
-0.6718241833867008,-0.0077672212089652,0.0343450960968084,-0.1827338803624854
-0.632552455410194,-0.0620740631227089,0.0275198244512038,-0.2087527688107804
-0.5837749195593075,-0.1199616677311961,0.0208681480013604,-0.2378594801977722
-0.5257663924863213,-0.1808664028163563,0.0142262774756367,-0.269937341675351
-0.4590455153213322,-0.2440622842809875,0.0074380681189234,-0.3047093229033978
-0.3843743415039067,-0.3086603491853365,0.0003594212825679,-0.3417374818775878
-0.3027489548239937,-0.3736132884260104,-0.0071375159322685,-0.3804264876159081
-0.2153809513187639,-0.4377258065197161,-0.0151603996239514,-0.4200314835636465
-0.1236700984642904,-0.4996710352648356,-0.0237930382646669,-0.4596704997131872
-0.029168978474357,-0.5580131608388739,-0.0330921014566859,-0.4983415335290664
0.0664591125436428,-0.6112362299591628,-0.0430842570949093,-0.5349442981081157
0.1614873429139459,-0.6577788800544003,-0.0537638156404352,-0.5683064829678448
0.2541756443404657,-0.6960744914130147,-0.0650909690631874,-0.5972141940109326
0.3428220105019852,-0.7245959887574,-0.076990718412696,-0.6204460419326004
0.4258126408821694,-0.7419042334209905,-0.0893525865348986,-0.6368101411265087
0.5016688636703767,-0.7466986589692458,-0.1020312099352809,-0.6451830736485767
0.5690889667626118,-0.7378685302881741,-0.114847895349294,-0.6445496760268536
0.6269833524435128,-0.7145429673374178,-0.127593211845983,-0.634042333164243
0.6745017913097748,-0.6761376874861162,-0.1400306682056122,-0.6129783269758265
0.7110519611581657,-0.6223963009788706,-0.1519014979350154,-0.5808937017167447
0.736308888883174,-0.5534239582752221,-0.1629305406588369,-0.5375720863638835
0.7502153385227733,-0.4697112111679712,-0.1728331687451424,-0.4830669688677513
0.7529735793628255,-0.3721461265766431,-0.1813231619830073,-0.417716058155877
0.7450293024754723,-0.2620129958244216,-0.1881213815693226,-0.3421466049037214
0.7270487172996335,-0.1409764222871455,-0.192965039342551,-0.257270881944544
0.6998900451455363,-0.0110501488492702,-0.1956173022298024,-0.1642714400845343
0.6645707352489837,0.1254493057273704,-0.1958769194189321,-0.0645762337872949
0.6222317689695128,0.2659633221876946,-0.1935875155957581,0.040175777774254
0.5741003998464957,0.4077644231513683,-0.1886461627176795,0.1481774439361059
0.5214526128859412,0.5480394836043816,-0.1810108301360226,0.2575030821860984
0.4655764862475501,0.6839795463153512,-0.1707063225786946,0.3661630453090562
0.4077375118277092,0.8128722835070141,-0.1578283500852279,0.4721610036477937
0.3491467859066839,0.932192787329,-0.1425454336059932,0.5735516313173343
0.2909328230252097,1.039688296122461,-0.125098432176761,0.6684964004626311
0.2341175798656038,1.1334526899124329,-0.1057975776830498,0.7553153225786702
0.1795971043419837,1.2119871042438373,-0.08501701512495,0.8325327120408571
0.1281270513326611,1.2742437708811876,-0.0631869629586176,0.8989153673292174
0.0803131341839266,1.3196511242067177,-0.0407837217027456,0.9535019519928832
0.0366064154659326,1.3481192293602462,-0.0183178613235821,0.9956227871236096
-0.0026968116715,1.3600256185786272,0.0036789986302618,1.024909712285845
-0.0374509315770101,1.3561826170422593,0.0246683432895456,1.04129610405841
-0.0676531888517015,1.3377881744719822,0.0441193470165714,1.0450075353293449
-0.0934327076003799,1.3063630749969144,0.0615233807086504,1.0365438948322836
-0.1150369567628719,1.2636781273152051,0.0764079562964647,1.016654052953819
-0.1328162908244599,1.211675440587192,0.088349665867599,0.9863043518570168
-0.14720718799972,1.1523880558097042,0.0969857311020728,0.9466423172806212
-0.1587147754823403,1.0878619835223042,0.102023845877548,0.8989570425734694
-0.1678951761632843,1.0200841617575047,0.1032500647707788,0.8446376916530862
-0.1753381373838835,0.9509191224390862,0.1005345575455313,0.7851315161165375
-0.1816503152735187,0.882056361697258,0.0938351111803346,0.7219026914982373
-0.187439494205911,0.8149696313239203,0.0831983152489446,0.6563931563526626
-0.1932999258480206,0.7508886514541437,0.0687584139799283,0.5899864917055351
-0.1997988815758317,0.6907831142441455,0.0507338507719601,0.5239757123547321
-0.2074644310128186,0.635358318556608,0.0294215708343167,0.4595356596423163
-0.216774393661604,0.585061352307566,0.0051891880162458,0.3977004919609664
-0.228146365244481,0.5400964221092978,-0.0215348338265575,0.3393465697088965
-0.2419286992370887,0.5004477147389038,-0.0502727829139545,0.2851808325299063
-0.2583923288100379,0.4659080544608683,-0.080510820629543,0.2357345770375593
-0.2777233441876524,0.4361115852300702,-0.1117132811761035,0.191362372455731
-0.3000162921901816,0.4105687470584994,-0.1433377201250637,0.1522457086047823
-0.3252682335938441,0.3887019203356628,-0.174850189484636,0.1184008614682621
-0.353373673974191,0.3698802691010013,-0.2057401443298889,0.0896903885998713
-0.384120568034681,0.3534525122626083,-0.235534362594652,0.0658376293643319
-0.4171876779039378,0.3387765784438165,-0.2638093009026206,0.046443580942666
-0.4521436330283622,0.3252453434563159,-0.2902014073179716,0.0310055461386267
-0.488448083777618,0.3123078975825729,-0.3144150437110412,0.0189369979441176
-0.5254553559187934,0.2994860318382578,-0.3362278133074783,0.0095881719569117
-0.5624209954834753,0.2863858584279338,-0.355493227489752,0.0022669734074911
-0.5985115427804475,0.2727046828866282,-0.3721407710814043,-0.003740137379602
-0.632817791397586,0.2582334182888179,-0.386173532006747,-0.009147546196414
-0.6643716749248871,0.2428549718454894,-0.3976636464310428,-0.0146503785733096
-0.692166783772215,0.2265391394854743,-0.4067458727869437,-0.020905047918832
-0.7151823510565981,0.2093346145823092,-0.413609647245297,-0.0285105957129324
-0.7324103655665098,0.1913587543317404,-0.4184899902286546,-0.0379909589784791
-0.7428852776385101,0.1727857543873322,-0.421657630868725,-0.0497783227076067
-0.7457155671206478,0.1538338635578012,-0.4234086973677928,-0.0641977629004438
-0.7401162485786187,0.1347522307324163,-0.4240542901992629,-0.0814534576803185
-0.7254412064337088,0.1158079205416864,-0.423910216336472,-0.1016168339267901
-0.7012140943617117,0.0972735665257902,-0.4232871203810523,-0.1246171119826094
-0.6671564155574162,0.0794160540287277,-0.4224812061918776,-0.1502347890049952
-0.623211341877778,0.0624865426947251,-0.4217657033803538,-0.178098637467178
-0.5695618479381924,0.0467120533898382,-0.4213831992022897,-0.2076867740727431
-0.5066418449298676,0.032288759746425,-0.4215389295115345,-0.2383322766142948
-0.4351392063658756,0.0193770433787187,-0.4223951029860294,-0.2692337021011847
-0.3559898838388092,0.0080982968761536,-0.4240663200061912,-0.2994706990510612
-0.270362704063224,-0.001466607735073,-0.4266161397465058,-0.3280247182680738
-0.179634896029265,-0.0092773233640042,-0.4300548444509407,-0.3538046175551061
-0.0853588861787469,-0.0153326875312494,-0.4343384469442653,-0.3756767351001629
0.0107786168930245,-0.01966825140888,-0.4393689847343255,-0.3924987822895281
0.1070037831177356,-0.0223529112451026,-0.4449961399114305,-0.4031566878753031
0.2015072278062978,-0.0234848821358018,-0.4510202165019428,-0.4066033204884115
0.2924978674055082,-0.0231872501387337,-0.4571964940408695,-0.4018978348245824
0.3782567891695129,-0.0216033253083661,-0.4632409562972685,-0.3882442386963561
0.4571888394432502,-0.0188919969782572,-0.4688373663337178,-0.3650276745351532
0.5278697562395449,-0.0152232651470414,-0.4736456231899341,-0.331846860741641
0.5890869230323216,-0.0107740897018012,-0.4773112919880941,-0.2885411553460827
0.6398721787698151,-0.00572466405533,-0.4794761492899581,-0.2352107955532893
0.6795255524699642,-0.0002551832643527,-0.4797895306158393,-0.1722290400643986
0.7076292639899616,0.0054568595301133,-0.4779202090958531,-0.1002452024585302
0.7240518104075238,0.0112388488540564,-0.4735684759399955,-0.020177912883923
0.7289424083598348,0.0169247261783206,-0.466478038566466,0.0668016290124998
0.7227164615783725,0.022356229748575,-0.4564473057593501,0.1592961673008646
0.7060330525464719,0.0273837714992752,-0.4433395969713826,0.255717925736062
0.6797657082409259,0.0318670406431333,-0.4270918010437799,0.354331940267814
0.6449678594623249,0.0356754303559459,-0.4077210238927751,0.4533055369900599
0.6028345038701669,0.0386883848254778,-0.3853288091735125,0.5507619732335574
0.5546616014020247,0.0407957590360317,-0.3601025918659041,0.6448360487232676
0.5018046872388742,0.0418982734965955,-0.3323141501145573,0.7337294161313488
0.4456380933966113,0.0419081316052193,-0.3023149505229009,0.8157633724020552
0.3875160369112352,0.0407498497114533,-0.2705284293391151,0.8894270779562556
0.32873667081955,0.0383613304203339,-0.2374394077379772,0.9534194106040276
0.2705100123229073,0.0346951892219694,-0.2035809930254917,1.006682996624117
0.2139304676910446,0.0297203237260093,-0.1695194569863888,1.048429354709715
0.1599544721579678,0.0234236939767395,-0.1358376958802693,1.0781545169945104
0.1093835623540959,0.0158122618202587,-0.1031179541743771,1.0956449287688932
0.0628530058008384,0.0069150175109861,-0.0719245300701047,1.1009738476780435
0.0208259319920006,-0.0032149967963684,-0.042787173452017,1.09448883995922
-0.0164072545514079,-0.0144987738395015,-0.016185838191554,1.0767912868065144
-0.0487245452524712,-0.0268296601405028,0.007462633757879,1.0487090564060442
-0.0761635742677756,-0.0400720406681978,0.027815431336875,1.011263662572993
-0.0989090340738472,-0.0540605310892232,0.0446119618190453,0.9656333228147426
-0.1172769254948922,-0.0685998227402842,0.0576791106365072,0.9131133560628668
-0.1316963494211383,-0.0834653227715169,0.0669335140727208,0.8550753342721896
-0.142689557378094,-0.0984047220227962,0.0723809112700903,0.792926332683609
-0.1508509575212814,-0.1131406048013157,0.0741127512352623,0.72806951903054
-0.1568257242745336,-0.1273741867078962,0.0723003197568766,0.6618671890921847
-0.1612885877490847,-0.1407902285754721,0.067186719399856,0.5956072005147787
-0.1649232887270137,-0.1530631268972073,0.0590770834997287,0.5304735838066118
-0.1684030833594484,-0.1638641249336527,0.0483274338082434,0.4675219237527518
-0.1723725769695203,-0.1728695254697033,0.0353326032259766,0.4076599114928718
-0.1774310668006462,-0.1797697178718159,0.0205136422662826,0.351633273109901
-0.1841174867766828,-0.1842787613371161,0.0043051128726669,0.3000170913158456
-0.1928969795727245,-0.1861441966297717,-0.012857351902767,0.253212359916824
-0.204149077083725,-0.1851566948729539,-0.0305488771244116,0.2114474541189099
-0.2181574522716848,-0.1811591001011867,-0.0483662584691014,0.1747840709288039
-0.2351012136627173,-0.1740543894335014,-0.0659376967000685,0.1431270980156126
-0.2550477462687769,-0.1638120684319814,-0.082931140831953,0.1162378079190607
-0.2779471545217106,-0.1504725461656799,-0.0990610777275325,0.0937497458845887
-0.303628426220308,-0.1341490995295364,-0.1140936591539069,0.075186680722076
-0.331797501564976,-0.1150271414238926,-0.1278501115703435,0.0599820149879664
-0.3620374875630324,-0.0933606500634054,-0.1402084272678889,0.0474990987798917
-0.39381129650524,-0.0694657884734462,-0.1511033857328385,0.0370519547323438
-0.4264670018902905,-0.0437119291208333,-0.1605249990243846,0.0279259936775118
-0.4592461929505594,-0.0165104787355553,-0.1685155126638368,0.0193983741247475
-0.4912955683875198,0.01169794846723,-0.175165122853563,0.0107577286436029
-0.5216819405831019,0.040457352960146,-0.1806065914215477,0.0013230425253602
-0.5494107238287128,0.0693104599979677,-0.1850089520546272,-0.0095384780902414
-0.57344785564449,0.097812418568896,-0.1885705059162803,-0.0223946729534359
-0.5927449521067026,0.1255434525316288,-0.1915113027162637,-0.0377329316048716
-0.6062673306490687,0.1521199311451567,-0.1940652960759257,-0.0559460335290044
-0.6130243525088608,0.1772034557394216,-0.1964723512095161,-0.0773194395087812
-0.6121013482776728,0.200507699345899,-0.1989702701394248,-0.1020201816734146
-0.6026922019938378,0.221802874807834,-0.2017869863757454,-0.1300875446423311
-0.5841314931361613,0.2409178358081171,-0.2051330685502395,-0.1614257819915694
-0.5559249469529081,0.2577399286132958,-0.209194662021119,-0.1957991646919646
-0.5177768397637037,0.2722128063551046,-0.2141269897194661,-0.2328297041572991
-0.4696129653837712,0.2843324902661656,-0.2200485287405891,-0.2719979245636194
-0.4115978074878429,0.2941420128161314,-0.2270359770631221,-0.3126470692015652
-0.3441446919984016,0.3017250067827171,-0.2351201243658578,-0.3539911057730434
-0.2679179183527554,0.3071986135791928,-0.2442827406325769,-0.3951268391583666
-0.1838261847903446,0.3107060758341191,-0.2544545940523576,-0.4350503442478707
-0.0930070159590789,0.3124093555153717,-0.2655147036691869,-0.472677797376701
0.0031976537421879,0.3124820819346547,-0.2772909209327981,-0.506870617596702
0.1032741218873627,0.3111030860182724,-0.2895619170197873,-0.536464635320046
0.2055767113369443,0.3084507209687421,-0.3020606291845766,-0.5603027938468653
0.3083732295393034,0.3046981079626875,-0.3144791893819072,-0.5772706681198849
0.4098942689692306,0.3000093820263443,-0.3264753221689569,-0.5863338651739147
0.5083842879621552,0.2945369507440609,-0.3376801567983533,-0.5865761640657638
0.6021523030432114,0.2884197198582442,-0.3477073508357705,-0.5772370727224289
0.6896200547750183,0.2817821878678223,-0.3561633701564186,-0.5577473385182771
0.7693656748941201,0.2747342691141956,-0.3626587139225207,-0.5277608610096954
0.8401611650751226,0.2673716742077093,-0.3668198149418092,-0.4871814309700265
0.9010023692103316,0.2597766604498613,-0.3683012881088562,-0.436182772026679
0.951130548261336,0.2520189649196485,-0.3667981456445752,-0.3752205021693848
0.9900451146782212,0.2441567496155553,-0.3620575518775022,-0.3050348709848815
1.0175075190605518,0.2362374204213519,-0.3538896577831208,-0.2266434652636484
1.0335366766482912,0.2282982271356314,-0.3421770423447495,-0.1413234999792952
1.0383966538240894,0.220366606364756,-0.3268822994069476,-0.0505838012356366
1.0325775921085765,0.2124602872617902,-0.3080533488351625,0.0438728898208867
1.0167710246307202,0.2045872352809259,-0.2858261207710269,0.1401961472949302
0.9918408399978104,0.1967455543958395,-0.2604243598462741,0.2364410126746967
0.9587911778941836,0.1889234975812069,-0.2321564174671539,0.3306260751451449
0.9187325100334276,0.1810997447180761,-0.201409037034958,0.42079421870427
0.8728470820443409,0.1732440950233038,-0.1686382800893837,0.5050736328692302
0.8223547802327713,0.1653186890367815,-0.1343578818892166,0.5817366672526997
0.768480354941024,0.1572798271522724,-0.0991254547286853,0.6492542126658634
0.7124227901805659,0.1490803935154283,-0.0635270682465681,0.7063435044834148
0.6553274652140204,0.1406728323616556,-0.0281608197075516,0.7520075556831952
0.5982616132994768,0.132012564564012,0.0063799436856986,0.7855648176658422
0.5421934498915005,0.1230616802403604,0.0395230782931936,0.806668109910046
0.4879752197837804,0.1137927025667819,0.0707331303035956,0.8153123245115039
0.4363303002903618,0.1041921914714802,0.0995252764942822,0.8118308694154522
0.3878443936527833,0.0942639459128129,0.1254772353534563,0.7968812399066283
0.3429607439227431,0.0840315713127911,0.1482387798956593,0.7714204836134401
0.3019792206187984,0.0735402045550718,0.1675386113558279,0.7366716394813713
0.2650590248680551,0.062857231518098,0.1831884840165387,0.6940824825887683
0.2322246966983067,0.0520718887008579,0.1950845968802468,0.6452780959869476
0.2033750384721618,0.0412937070888079,0.2032063799788245,0.5920089212202416
0.1782945225772327,0.0306498281767258,0.2076128960053833,0.5360960132575924
0.1566667237519339,0.0202812940716763,0.2084371484785994,0.4793752446816859
0.138089308864667,0.0103384809842299,0.2058786352430001,0.4236421697436795
0.1220901293103447,0.0009759030660415,0.2001945121903198,0.3705991740543288
0.1081439918069362,-0.0076533438630253,0.1916897393325319,0.3218064044889657
0.0956897290142151,-0.0154032061748692,0.1807065731389274,0.2786378021188943
0.0841472471976252,-0.0221400703890672,0.1676137490073937,0.2422433560370399
0.0729342881587061,-0.0277476623440912,0.1527956694193894,0.2135184668666488
0.0614827004675577,-0.0321312138425134,0.1366418799011557,0.1930810658456094
0.0492540644738433,-0.0352207158712694,0.1195370790501313,0.1812568891341924
0.0357545512808358,-0.0369731384156254,0.1018518727482122,0.1780730664535008
0.0205489139999363,-0.0373735602732256,0.0839344478406829,0.1832599548055772
0.0032735084392678,-0.0364352131863858,0.0661033077175284,0.1962609358641079
-0.0163517792576863,-0.0341984991918319,0.0486411810836516,0.2162497025580685
-0.0385128550524221,-0.0307290857352975,0.0317901847529937,0.242154389822676
-0.0632921899589639,-0.0261152183963187,0.0157482905598097,0.2726877612284986
-0.0906612887287937,-0.0204644156066144,0.0006671150130298,0.3063825529092309
-0.1204751385787069,-0.0138997238554125,-0.0133489815644499,0.3416310040783175
-0.1524689500230857,-0.0065557162796916,-0.0262425309729473,0.3767275723165338
-0.1862575141756596,0.0014255869038074,-0.0380014019943164,0.4099138406924087
-0.2213374943960366,0.0098987099512131,-0.0486561537600881,0.4394246668802327
-0.2570929421048534,0.0187184777962665,-0.0582764180875321,0.4635346914938097
-0.2928042750469991,0.0277434133999706,-0.0669664462086125,0.4806044005073888
-0.3276608804388846,0.036838679867514,-0.0748599637682078,0.4891250108897699
-0.3607774057830584,0.0458784998206,-0.0821144798260598,0.4877615073527113
-0.3912136784886394,0.0547480137302806,-0.0889051914373564,0.4753931927432685
-0.4179980546061786,0.0633445672118904,-0.0954186165134964,0.4511511199362534
-0.4401538400406599,0.0715784434868818,-0.1018460759949156,0.414451747144116
-0.4567282575920199,0.0793730803707988,-0.1083771341110804,0.3650261028128238
-0.4668232542520323,0.0866648305981143,-0.1151930948026214,0.3029436663434119
-0.4696272626048438,0.0934023396219751,-0.122460645033044,0.2286300773848637
-0.4644468591747107,0.0995456259338271,-0.130325732974687,0.142877695409568
-0.4507371156144938,0.1050649552434446,-0.138907771503649,0.0468479637634586
-0.4281293320887326,0.1099396014999099,-0.1482942649135302,-0.0579354868957554
-0.3964547929994584,0.1141565848758707,-0.15853596822437,-0.1696040059683454
-0.3557632091562206,0.1177094699207351,-0.1696427019425598,-0.2859722189538767
-0.3063346200684264,0.1205972969005894,-0.1815799578645462,-0.4045780443230192
-0.2486837317805769,0.1228237069553076,-0.1942664405580384,-0.5227346393079666
-0.1835559579970516,0.1243963082968472,-0.2075726920756742,-0.6375939873821993
-0.1119148045530242,0.1253263174366656,-0.2213209427246945,-0.7462212523490848
-0.0349206705058087,0.1256284975907564,-0.2352863175015224,-0.8456783729856691
0.046098393691475,0.1253214071134258,-0.2491995055921333,-0.9331146973520872
0.1296829638704305,0.1244279647070192,-0.2627509688138853,-1.0058618053259138
0.2142841227129465,0.1229763350245317,-0.2755967240354992,-1.0615290973134317
0.2983091651609458,0.1210011370036988,-0.2873656849588406,-1.0980962964989158
0.380169119547936,0.1185449759430686,-0.2976684912766756,-1.1139987781593506
0.4583259792049678,0.1156602963141483,-0.3061076898459318,-1.1082016419174436
0.531337584690196,0.1124115423671707,-0.3122890652703329,-1.080258689387248
0.5978982760058177,0.1088775943764697,-0.3158338483846303,-1.0303529361183186
0.656873726983022,0.1051544172099121,-0.3163914628174872,-0.9593159332845412
0.7073287507968582,0.101357813867091,-0.3136524049866327,-0.8686239685084711
0.7485472913330542,0.0976261215608438,-0.3073607960743396,-0.7603701417719595
0.7800442538583777,0.0941226268874313,-0.2973261021351984,-0.6372123675139151
0.8015692469354716,0.0910374176499128,-0.2834334978057762,-0.5022985224745871
0.813102678376297,0.0885883421971946,-0.26565235679469,-0.3591711871489427
0.8148449516622627,0.0870207240219508,-0.2440423930682199,-0.2116556140441986
0.8071997344911555,0.086605490267526,-0.2187570518783435,-0.0637355673279296
0.7907524143831419,0.0876354248086963,-0.1900438570406898,0.0805776003096465
0.7662449203145967,0.0904193512950486,-0.1582415536152928,0.2173769027993802
0.7345480819601542,0.095274184210147,-0.1237740335606257,0.3429869756614456
0.6966326311536813,0.1025149460033135,-0.087141184882591,0.4540812255886153
0.65353983822838,0.112443020885771,-0.0489069520801447,0.5477840729910434
0.6063526347263395,0.1253330841074808,-0.00968502882757,0.6217543135701943
0.5561679189455869,0.1414192927959342,0.0298772849108506,0.6742466238424952
0.5040705858462966,0.1608814359932243,0.0691164474218608,0.7041493468492916
0.4511096798353917,0.1838318051600828,0.1073706016069163,0.7109978541015832
0.3982769468282848,0.2103035525117336,0.1439973960262597,0.694963923600676
0.3464879655374391,0.2402412471850772,0.1783910633272641,0.6568226410077685
0.2965659672620124,0.273494218840228,0.2099981806468051,0.5978992682133948
0.2492284048878739,0.3098131041961124,0.2383316229903835,0.5199992867300689
0.2050762997329966,0.3488498027007236,0.2629823229291513,0.4253253809988976
0.1645863733357459,0.3901608282221384,0.2836285596074918,0.3163854635694435
0.1281059549637952,0.4332138416358794,0.3000426090906762,0.1958959632206096
0.0958506402759323,0.4773969885804102,0.3120946895945379,0.0666845157945363
0.0679046592159929,0.5220305633345631,0.3197542235311799,-0.0684040616818461
0.0442238902265205,0.5663804779933357,0.3230885099279736,-0.2065950483806772
0.0246414329600657,0.6096730282428814,0.3222589546466828,-0.3452614317497035
0.0088756237692261,0.6511104972840489,0.3175150436126781,-0.4819895892265484
-0.0034596509312051,0.6898872099823965,0.3091862693308208,-0.6146314921715336
-0.0128425172946477,0.7252057248219878,0.2976722372408925,-0.7413426257767528
-0.0198287550485295,0.7562929201960632,0.2834311897024787,-0.8606055405945564
-0.0250357488506629,0.7824157858361318,0.2669671947536601,-0.971239614596878
-0.0291250146097959,0.8028967648430666,0.2488162564967347,-1.0723981764625474
-0.0327836004920364,0.8171285052176623,0.2295316152044315,-1.1635545960535836
-0.0367046945836908,0.8245878732391305,0.2096685182960885,-1.2444792700129574
-0.0415677931456435,0.8248490577366505,0.1897687579608145,-1.3152096117828325
-0.0480187921995705,0.8175955585879516,0.170345286889151,-1.3760151999257404
-0.0566503658685666,0.8026308095913386,0.1518672394245537,-1.427360160938494
-0.067982996441101,0.7798871405661746,0.1347456999108558,-1.4698646844347618
-0.0824470298860916,0.7494327420179108,0.1193205709789179,-1.5042673141504574
-0.1003661471490229,0.7114762642875337,0.1058488998788812,-1.531389352452581
-0.121942662207699,0.6663686681738765,0.0944950191235819,-1.5521023832308285
-0.1472450772293788,0.6146019513007227,0.0853228476144359,-1.5672995823154512
-0.1761983382481775,0.5568044084603583,0.078290679309206,-1.5778711694345624
-0.2085772370543851,0.4937321478379735,0.0732487576194521,-1.5846840820636523
-0.2440033919579096,0.4262566803664739,0.069939894295435,-1.5885657334973158
-0.281946207436173,0.3553485281270772,0.0680033408154328,-1.5902915589226363
-0.3217281570564743,0.2820569621582437,0.066982057713348,-1.5905759479603807
-0.3625346537438818,0.2074861847219297,0.0663334526562457,-1.590066098674819
-0.4034286664293927,0.1327685217768457,0.0654435715153401,-1.5893382958230888
-0.4433701138778347,0.059035486025553,0.0636446283980958,-1.5888961082543798
-0.4812399176948038,-0.0126121227728344,0.0602356510015276,-1.5891700133813464
-0.5158684299074127,-0.0811336727799338,0.0545058975474141,-1.590517988706575
-0.5460677681845413,-0.1455762206916042,0.0457605728307622,-1.5932266599149203
-0.5706673961293778,-0.2050987286415581,0.0333482368511446,-1.5975126599923994
-0.588552082471572,-0.2589918933955113,0.0166891648514654,-1.6035239315393608
-0.598701171069591,-0.3066928694666777,-0.004696211633997,-1.6113407916814422
-0.6002279063053939,-0.3477945367977936,-0.0311597697660491,-1.620976672015669
-0.5924173999229074,-0.3820492915357972,-0.062900149287328,-1.6323785407087623
-0.5747617101569742,-0.4093676075271298,-0.0999403439749576,-1.6454271057568464
-0.5469904467163659,-0.4298118235661333,-0.1421096051449885,-1.6599369829831536
-0.5090953299887194,-0.443585760954262,-0.1890308071655463,-1.6756570851373782
-0.4613472322540641,-0.4510208739238061,-0.2401143400031977,-1.6922715452766597
-0.404304421790353,-0.4525596887402554,-0.2945594396710849,-1.7094015247085632
-0.3388110209994784,-0.4487373022906398,-0.3513636370644817,-1.7266082700346026
-0.2659850729179727,-0.4401616937927765,-0.4093406940177037,-1.7433977729060142
-0.1871960733825144,-0.4274935598300206,-0.467147000593032,-1.7592273485842684
-0.1040323454483624,-0.4114263190456083,-0.5233159381630971,-1.773514384950967
-0.0182591755116326,-0.3926668541871693,-0.5762992046178764,-1.7856474230851684
0.0682308436208375,-0.3719174710900644,-0.6245136248389138,-1.7949996160464263
0.1534733527576729,-0.349859461368135,-0.6663916191909518,-1.8009444775297423
0.2354913773023062,-0.3271385620873218,-0.7004333251850681,-1.802873681414674
0.3123555902612673,-0.304352514896238,-0.7252583479837119,-1.800216513079379
0.3822431169573623,-0.2820408417692737,-0.7396551997073016,-1.792460411140126
0.4434924000136857,-0.2606768770441989,-0.7426266242035652,-1.7791718826329592
0.4946518820812048,-0.2406620278827964,-0.7334291652356243,-1.7600169352207944
0.5345206290789308,-0.2223221794194925,-0.7116055153211458,-1.734780057239767
0.5621794749116336,-0.205906117768639,-0.6770083855859047,-1.7033807012963065
0.5770117810044395,-0.1915858135983242,-0.6298148750044668,-1.665886200936137
0.5787134316792529,-0.1794583897661421,-0.5705306006299734,-1.6225200837636982
0.5672921946576215,-0.1695495865831204,-0.4999831838070862,-1.5736648489343827
0.5430570363161079,-0.1618185358114737,-0.419305067338701,-1.5198584619015305
0.5065983717276344,-0.1561636581252362,-0.3299060517641365,-1.4617840930662889
0.4587605344523838,-0.1524295074000409,-0.2334363627055062,-1.4002529961756705
0.4006079618843938,-0.1504143978632181,-0.1317414669954901,-1.336180889486987
0.3333867072464109,-0.1498786657125779,-0.0268102145946055,-1.2705587536321958
0.2584829141101029,-0.1505534338906719,0.079281825707117,-1.2044195347127753
0.1773798340468554,-0.1521497654626209,0.1844317605596391,-1.1388027159018923
0.0916148476216899,-0.1543681052979132,0.286569306076514,-1.074718952548112
0.0027377824140905,-0.1569079191885285,0.3837150626613205,-1.0131168832947142
-0.0877283691405789,-0.1594774420124212,0.4740350344494868,-0.9548538799530142
-0.1783234237992748,-0.1618034402737865,0.555889507392095,-0.9006720001896106
-0.2676819487903913,-0.1636408780428948,0.6278747020054269,-0.8511798730591262
-0.3545606127954041,-0.1647823485868251,0.688855986171084,-0.8068407513139604
-0.4378605410524254,-0.1650670976255113,0.7379918412220675,-0.7679665441466212
-0.5166444101138528,-0.1643894201292026,0.7747481916568701,-0.7347173159116672
-0.5901481525122283,-0.1627061637728241,0.7989031086618368,-0.7071055038046199
-0.6577872731215189,-0.160043022202481,0.8105422580441152,-0.6850039653760345
-0.7191579089248108,-0.1564992546358796,0.8100457673172399,-0.6681569053281575
-0.774032892167811,-0.1522504307306447,0.7980674239318803,-0.656192739227422
-0.8223532017794615,-0.1475487783232105,0.775507283295625,-0.6486380190090053
-0.8642153057919844,-0.1427207151040645,0.7434788637366145,-0.6449316608641851
-0.8998550022180124,-0.1381611829376319,0.7032721427600594,-0.6444388685989249
-0.9296284494100108,-0.13432448465857,0.6563135546044585,-0.6464643219407251
-0.9539911316999632,-0.1317114548181959,0.6041241355656776,-0.65026438618343
-0.9734755280276528,-0.130852979327797,0.5482768854083933,-0.6550582840172717
-0.9886682408278524,-0.1322901068142287,0.4903543259035201,-0.6600383404736673
-1.0001873028812704,-0.1365512499460867,0.4319071549692417,-0.6643795570646237
-1.0086603149409434,-0.1441272340276557,0.3744148264538052,-0.6672488821103781
-1.0147039806651632,-0.1554451859011031,0.3192488343645343,-0.6678146127926803
-1.018905502338958,-0.1708424437125709,0.267639443121556,-0.6652563842959611
-1.0218061867144532,-0.1905417884770985,0.2206465743249188,-0.6587761690931979
-1.0238874917347538,-0.2146293408957993,0.1791355247706478,-0.6476106251320283
-1.0255596291003188,-0.2430364288333557,0.1437581376659347,-0.631044998565331
-1.027152730969526,-0.275526615651118,0.1149399673325468,-0.6084286102141688
-1.0289104959064963,-0.311688894438629,0.0928738590120497,-0.5791917428882203
-1.030986152296048,-0.3509378077912252,0.0775202077836365,-0.5428635098859322
-1.033440520048863,-0.3925209589371594,0.0686139686474228,-0.4990900386947031
-1.0362419178445397,-0.4355340514931637,0.0656782729765923,-0.4476520688636199
-1.0392676570130917,-0.4789432472652518,0.0680442772622064,-0.3884808657287383
-1.0423068851634507,-0.5216142805414631,0.074876642598067,-0.3216712226005074
-1.0450645901921622,-0.5623474296829752,0.085203832710376,-0.2474902931396965
-1.0471666429774542,-0.5999171390502769,0.0979522386928905,-0.1663810860879956
-1.0481658374151863,-0.6331148234313688,0.1119830013195433,-0.078959676550278
-1.0475489704305303,-0.6607931892295582,0.1261303148842893,0.0139944651747959
-1.0447450822471598,-0.681910281856389,0.1392399654943795,0.1115551807475907
-1.0391350385253102,-0.6955714177549114,0.1502068844660124,0.2126730208642344
-1.0300626717861083,-0.7010671781636002,0.1580105818259433,0.316204489589735
-1.016847702131353,-0.6979057304507434,0.1617474570473037,0.4209458583222334
-0.9988006214336422,-0.6858379092728172,0.1606591496714898,0.5256699463908574
-0.9752396492823552,-0.6648737429333019,0.1541562750682857,0.6291640780711197
-0.9455097553861808,-0.6352894524016844,0.1418370753472749,0.7302673835938015
-0.9090035975036824,-0.5976243723773159,0.1235006904917737,0.8279057025887571
-0.8651840541704678,-0.5526677239959733,0.0991549116026907,0.9211225468570728
-0.8136078469488824,-0.501435674715607,0.069018411508655,1.0091048525470458
-0.7539495584339057,-0.4451396127443672,0.0335175563277105,1.0912025671198573
-0.6860251719798478,-0.385147000223656,-0.0067220131138544,1.1669414488361662
-0.6098141007947088,-0.3229365173671077,-0.0508887741827338,1.236028790559096
-0.5254785531060141,-0.2600494483873501,-0.0980033798807714,1.2983521061541592
-0.4333790133599072,-0.1980393826558875,-0.1469410247840162,1.3539711281978148
-0.3340846238632365,-0.1384223133459582,-0.1964577196518439,1.4031037499407797
-0.2283773416653498,-0.0826291177344304,-0.2452200284099651,1.4461067909714118
-0.1172489312526577,-0.0319622102807414,-0.2918377677337341,1.4834526632978224
-0.0018901360701587,0.0124421102636589,-0.3348991063215648,1.515703152729286
0.1163282581259935,0.0496444220664823,-0.3730074272075525,1.5434816023867093
0.2358823182960834,0.078925204956911,-0.4048192325928628,1.5674447871962287
0.3551291961185051,0.0997996432747831,-0.4290822787194567,1.5882557000043476
0.4723476094446993,0.1120240681189915,-0.4446730322422405,1.6065583344601562
0.5857830687221176,0.1155942196812841,-0.4506324454847136,1.6229553540099146
0.6936960169412983,0.110735792649188,-0.4461989646101583,1.6379892928052877
0.7944108469049079,0.0978879679954011,-0.4308376241994099,1.652127662018612
0.8863636955189732,0.0776808322008748,-0.4042640592415221,1.6657520582435084
0.9681469922613296,0.0509077422259825,-0.3664622975765142,1.6791511163782638
1.0385489410063975,0.0184938143761152,-0.3176952971285989,1.6925169443478227
1.0965864121665478,-0.0185382001842164,-0.2585073727312342,1.7059445431575275
1.1415300848571228,-0.0591033407178289,-0.1897179190062031,1.719433664101614
1.1729210796529812,-0.1020898371327061,-0.1124061705512928,1.7328925804270752
1.1905787375108874,-0.1463931860438584,-0.0278871298247055,1.746143333093554
1.194599605705386,-0.1909476754516268,0.0623207914588991,1.7589281218683743
1.1853480637734235,-0.2347542527656852,0.1565354630944836,1.7709166286044535
1.1634393413654989,-0.2769038060872757,0.2529567349917613,1.7817141615420211
1.1297159312207912,-0.3165951561042452,0.3497165116193599,1.7908705877976925
1.085218576928452,-0.3531473284914614,0.444931340667919,1.797890071032046
1.031153116642075,-0.3860059800355197,0.536755515500715,1.802241651005845
0.9688544970151656,-0.4147441658559425,0.6234326553001363,1.803370691955413
0.8997492479977334,-0.439057937810251,0.7033438021266797,1.800711189943666
0.8253176429349901,-0.4587575336742883,0.7750502579586882,1.7936988697932297
0.7470566729349286,-0.4737551329526323,0.8373296630933532,1.7817849256040164
0.6664448499793433,-0.4840503010943879,0.8892041671973892,1.7644501722418304
0.5849097269023519,-0.4897143075420057,0.929959938370314,1.741219286784611
0.503798889031283,-0.4908744800875193,0.9591576655012138,1.7116747380066202
0.4243550348652621,-0.4876996527426015,0.9766341083129032,1.6754699387270566
0.3476956224947365,-0.4803875888807318,0.9824951144322488,1.6323411210302567
0.2747974137127402,-0.4691550337464432,0.9771008347980554,1.5821174386530776
0.20648609747482,-0.4542307917702551,0.9610441149423512,1.524728852485379
0.1434310179725864,-0.4358519562031337,0.9351232145750776,1.460211455224088
0.0861448722393665,-0.4142631612130096,0.900310112772845,1.388710028668674
0.0349880837251661,-0.3897184963222869,0.8577156972476337,1.3104777788586388
-0.0098225901662457,-0.3624855329491103,0.8085531227983964,1.225873333094275
-0.0482017894442921,-0.3328507724767403,0.7541005664198358,1.135355188332381
-0.0801803026646018,-0.3011257406847127,0.6956645148455851,1.0394738644345574
-0.1058875998983751,-0.2676529263582535,0.6345446036099502,0.9388620416009535
-0.1255329601680422,-0.2328107900618646,0.5720008923409158,0.8342229595415064
-0.1393860223851725,-0.1970171465050317,0.509224314451974,0.7263173404844567
-0.147757569140899,-0.1607303423095835,0.4473108850350066,0.6159490836660413
-0.1509812973190379,-0.1244478005930216,0.3872400929257265,0.5039499772447562
-0.1493972411928366,-0.0887016744800924,0.3298577467477666,0.3911636893481361
-0.1433373971627421,-0.0540515340364987,0.2758633956938803,0.278429329535028
-0.1331139607189966,-0.021074197225746,0.225802308422591,0.1665649064518235
-0.1190104325634004,0.009649001993375,0.1800618708484592,0.056351037557391
-0.10127568969686,0.0375470450358,0.1388721580244867,-0.0514847141600922
-0.0801209567777,0.0620755488882179,0.1023103487113483,-0.1562824967774564
-0.0557194616385151,0.0827338514822638,0.0703085851258219,-0.2574634495566027
-0.028208424999234,0.099082068569089,0.0426648353420964,-0.3545412600049141
0.0023070738902408,0.1107573058872231,0.0190562912368763,-0.4471316850360157
0.0357488898760011,0.1174882352474426,-0.0009451710082165,-0.5349597629667079
0.0720598354655723,0.1191073112325638,-0.0178559304690665,-0.6178644815889656
0.1111975061700759,0.1155600094150662,-0.032262400137167,-0.6958006986256914
0.1531284363150899,0.1069105984785673,-0.044802050411903,-0.7688381333718395
0.1978230350106149,0.093344108174659,-0.0561440440011999,-0.8371572680684033
0.2452516428637229,0.0751643143313719,-0.0669698075741781,-0.9010420241699616
0.2953819192336346,0.0527877244614935,-0.0779538258329867,-0.9608691209828027
0.3481776254181015,0.0267337077408155,-0.089744908976453,-1.0170940879104562
0.4035987185093152,-0.0023889332300605,-0.1029481579563169,-1.070233989245399
0.4616025222366395,-0.033898509151232,-0.1181078359496469,-1.120847031853338
0.5221456056106265,-0.0670595439513058,-0.1356913502631917,-1.1695093586810286
0.5851858892093105,-0.1011037596130052,-0.1560745559291562,-1.2167894801843389
0.650684422713601,-0.1352522024128538,-0.1795286086173735,-1.2632209546177369
0.7186062433258408,-0.1687377235889507,-0.2062086174094062,-1.3092740866695092
0.7889197378132573,-0.2008270172099022,-0.2361443739694277,-1.35532755901264
0.8615939936452732,-0.230841440191766,-0.2692334591608877,-1.4016410290266368
0.9365937375029978,-0.2581758911565612,-0.3052370455749181,-1.4483298025479234
1.0138716203514575,-0.2823151019968981,-0.3437787189120069,-1.4953427326245845
1.0933578116288278,-0.3028467939927554,-0.3843466279395915,-1.5424444821920469
1.1749470995336508,-0.3194712652719967,-0.4262992388718394,-1.5892032347429776
1.2584839415784972,-0.3320071064151056,-0.4688749139705016,-1.6349848358031702
1.3437461467575424,-0.3403928859068991,-0.511205455239197,-1.6789542000069662
1.4304280759470072,-0.3446848064037282,-0.5523336522148116,-1.720084624510228
1.518124402939386,-0.3450505029145417,-0.5912347488819298,-1.7571754117675324
1.6063155709739247,-0.3417593270486205,-0.626841600606708,-1.7888779272749302
1.694356097455599,-0.3351696252735525,-0.658073130953996,-1.813729905291129
1.781466815233994,-0.3257136589022151,-0.6838655250419444,-1.830197472503956
1.8667319916580096,-0.3138809148398769,-0.7032054168229505,-1.8367239928794992
1.949102045380484,-0.3002006081209187,-0.7151641496779277,-1.831784458778225
2.0274023044443807,-0.2852241752602931,-0.7189320221944987,-1.813943782781245
2.100347944239296,-0.2695085039112174,-0.7138512865993375,-1.781917004376398
2.166564939269668,-0.2536005480722797,-0.6994465622823283,-1.7346291382272163
2.224616582899325,-0.2380238518384035,-0.675451278758245,-1.6712721757951694
2.2730348918723067,-0.2232673618785127,-0.6418287867979224,-1.5913566259109295
2.310356027310771,-0.2097767611464693,-0.5987868842176102,-1.4947549565575624
2.335158730188914,-0.197948412820817,-0.5467846984049889,-1.3817343933473445
2.3461046731686106,-0.1881258706213516,-0.4865311475896093,-1.2529767551940685
2.341979551637104,-0.1805987938730052,-0.4189745546433862,-1.1095833815847238
2.32173365985806,-0.175604005844928,-0.3452833895500127,-0.953063744484964
2.284520621956254,-0.1733283539486561,-0.2668185418415209,-0.7853070489555594
2.229732883930902,-0.1739129718476557,-0.1850979427541961,-0.6085369998431429
2.157032542928089,-0.1774585074559745,-0.1017547425581119,-0.4252509093942576
2.066376118917215,-0.1840308673372461,-0.0184905803045472,-0.2381453702111801
1.9580319863152933,-0.1936670360184006,0.0629742579945806,-0.0500317162276157
1.832589395092684,-0.2063805558363841,0.1409518295093064,0.1362546788095386
1.6909583207351329,-0.2221662960330692,0.213836648554227,0.3179466738207639
1.5343597659470871,-0.2410041955963723,0.2801529501209143,0.4924344363281007
1.364306553693292,-0.2628617296528674,0.3385972854284144,0.6573467754917994
1.1825750587320196,-0.2876949212536103,0.388074880837107,0.8106207787649395
0.99116869167556,-0.3154477969302335,0.4277285116828075,0.9505566865802988
0.7922742591673044,-0.3460502638599464,0.4569590093972365,1.0758560088286335
0.5882125708255961,-0.3794144678547182,0.4754369078786113,1.185642009812789
0.3813848488937034,-0.4154297740624711,0.4831051188972445,1.279462749713283
0.1742166222022393,-0.4539565958344028,0.4801728850104307,1.3572777883585745
-0.0308991465755253,-0.4948193810766856,0.4671015756605276,1.419430387292851
-0.231657941166028,-0.5377991480638296,0.4445831575922382,1.4666075750522891
-0.4258968626826763,-0.5826260413083478,0.4135123799667527,1.499790773649558
-0.611643459436709,-0.6289724485707978,0.3749538673002131,1.5201998378513435
-0.7871586989735825,-0.6764472768066854,0.3301054118777886,1.529233355182129
-0.9509727075599776,-0.7245920199213283,0.2802588051877997,1.5284079190202162
-1.1019120788586187,-0.7728792553278362,0.2267595493068012,1.519298846170661
-1.2391177794314274,-0.8207141709649542,0.1709667482572706,1.503484490276611
-1.3620529667075818,-0.8674396436380546,0.1142144003556933,1.4824959286434942
-1.4705003909047931,-0.9123452605074563,0.0577751998044965,1.4577733959334622
-1.5645494710355947,-0.9546804995202864,0.0028278141467133,1.430630424774428
-1.644573595065239,-0.9936720679488666,-0.0495715601391183,1.4022262488994703
-1.7111986558113257,-1.0285451524707865,-0.0985127409003761,1.3735466443301212
-1.765264248414814,-1.058548074143549,-0.1432497652275575,1.3453930406899173
-1.8077792801287813,-1.0829795825444335,-0.1832135039375068,1.3183794373933029
-1.8398739547346048,-1.101217780339106,-0.2180186127334679,1.2929364148203757
-1.8627501866588216,-1.1127494585040312,-0.2474649164488959,1.2693213427143657
-1.8776324811839185,-1.1171984602774745,-0.2715334783297554,1.2476337586588877
-1.8857212011645184,-1.1143515941998874,-0.2903777440533101,1.227834818085484
-1.8881499443870904,-1.1041805945324206,-0.3043102659873012,1.2097697006558163
-1.885948496870175,-1.0868586867507632,-0.3137856032655289,1.1931918895058755
-1.8800125232947664,-1.0627704580362138,-0.319380054938975,1.1777883096817223
-1.8710808226693896,-1.0325139556510938,-0.3217689161428553,1.163204407984103
-1.8597206302257745,-0.996894234483272,-0.3217019526683267,1.1490683666742507
-1.846321098845423,-0.956907939669198,-0.3199777712372298,1.135013759032952
-1.8310947568984328,-0.9137189272515962,-0.317417725972753,1.120700069852539
-1.8140864245973047,-0.8686253769208567,-0.3148399514479993,1.1058306153406023
-1.7951887868506742,-0.8230193136961875,-0.3130340550647763,1.0901675028465063
-1.7741635750178533,-0.7783399038607098,-0.3127369422780788,1.073543370409077
-1.7506671098493105,-0.7360222947675101,-0.3146101928482508,1.0558697393215848
-1.7242788094518644,-0.697444096447549,-0.3192193593216917,1.0371419004581215
-1.694531174995095,-0.663871825762281,-0.3270155231077827,1.017440338204681
-1.660939738338125,-0.6364097290547518,-0.3383194195574451,0.9969287756957694
-1.6230314947810478,-0.6159533556771997,-0.3533084298623359,0.9758490025068371
-1.5803704554858249,-0.6031500733703526,-0.3720067308663697,0.9545127211626184
-1.5325791422995612,-0.5983684097677127,-0.3942788889154416,0.9332907212052672
-1.4793551170078665,-0.6016776945473641,-0.4198271745795965,0.912599758104394
-1.4204819913286184,-0.6128389930112786,-0.448192855294454,0.8928875780070886
-1.3558348047685531,-0.631307796167836,-0.478761687622501,0.8746165873186829
-1.2853801720553035,-0.6562483960065661,-0.5107737767419229,0.8582467171003442
-1.2091721353930622,-0.6865593562018761,-0.5433378964326201,0.8442180742780669
-1.1273450949278312,-0.7209090139674365,-0.5754502678079337,0.8329340020166474
-1.040105400336252,-0.7577795413996352,-0.606017679699205,0.824745187131356
-0.9477231015293492,-0.7955177727755212,-0.6338846992648166,0.8199354494172281
-0.8505250221808588,-0.8323907789199598,-0.657864570464712,0.8187098222104379
-0.7488898486042297,-0.8666440435417859,-0.6767732339642635,0.8211854811986729
-0.6432454272107611,-0.8965600644979826,-0.6894657295110984,0.8273859956491376
-0.5340680095804997,-0.9205152550934718,-0.6948740671684434,0.8372392599669906
-0.4218828182894817,-0.9370331438840412,-0.6920454848319547,0.8505793130393519
-0.3072650548996865,-0.9448320529237164,-0.6801798554072858,0.8671520710005908
-0.1908403483070984,-0.9428656624252348,-0.6586648792128313,0.8866247935899946
-0.0732836507550433,-0.9303551352034326,-0.6271076103824076,0.9085988877894084
0.0446842766652749,-0.9068117706139832,-0.5853608381761416,0.9326254412293656
0.1623034045550862,-0.8720494818808401,-0.5335428930540388,0.9582226900207595
0.2787842942485561,-0.8261867436540615,-0.4720495866757556,0.9848944791183902
0.3933212027012945,-0.7696380431949476,-0.401557230439177,1.0121486840668366
0.5051079993054923,-0.7030952949541637,-0.3230160048289143,1.0395145435282669
0.6133561485178902,-0.6275001422489601,-0.2376333572870505,1.0665579095813311
0.7173137842186068,-0.5440085400108127,-0.1468475650458072,1.0928935571809624
0.8162847773321602,-0.4539494154987156,-0.0522920795209765,1.118193895481678
0.9096466805043676,-0.3587794500527509,0.044248263068732,1.142193672043176
0.9968665124095144,-0.2600360678483103,0.1408876535324942,1.1646905299680856
1.077513500845236,-0.1592905829621564,0.2356944714965192,1.185541541745885
1.151268115523825,-0.0581032116065617,0.3267490513307538,1.2046560818307188
1.2179269653074165,0.0420186353503029,0.4122017424661861,1.2219856001769565
1.2774033885238647,0.1396576637901034,0.4903289157181053,1.2375110147480324
1.3297238085290055,0.2335187798276865,0.5595846585199656,1.2512285501399425
1.375020142913047,0.3224553705595482,0.6186461153778005,1.263134912059951
1.4135187329576302,0.405489436712276,0.6664507475082646,1.2732127050679494
1.4455263961203713,0.4818254399109087,0.7022241829795253,1.2814169763769376
1.4714142985382204,0.5508579203648665,0.725497777934106,1.2876637051525064
1.4916003981245844,0.6121731213279228,0.736115482810534,1.291820958892162
1.5065312234849926,0.6655450233288702,0.7342300795982513,1.2937033109225724
1.5166637321520566,0.7109263400831283,0.7202893056821075,1.293069961157741
1.522447937536489,0.7484351542995372,0.6950127884218806,1.2896268318440758
1.5243109130871624,0.7783379702170281,0.6593610628868234,1.2830327274043465
1.5226426811608842,0.8010300259132755,0.6144982096683892,1.2729094594239212
1.5177843798426411,0.8170137384400238,0.5617498090281521,1.2588556510742952
1.5100189794665773,0.8268761469228684,0.5025579558434567,1.2404637557391682
1.499564697280583,0.8312661743770963,0.4384350321885849,1.2173396563305734
1.4865711393571894,0.8308724529198575,0.3709178184257147,1.18912405705689
1.471118089929581,0.826402356355224,0.3015233654894921,1.1555147406036217
1.4532167757682122,0.8185627667883023,0.2317078687619954,1.116288645487512
1.4328133609318556,0.8080429760547405,0.1628295881418314,1.0713226285718798
1.4097943765805558,0.7954999958364449,0.0961166555210736,1.020611726457578
1.3839937607742865,0.7815464288492834,0.0326404042067235,0.964283727529507
1.355201172167943,0.766740942601203,-0.0267053502880757,0.902608924710705
1.323171246244379,0.7515812906543012,-0.0812188469807611,0.8360040484488207
1.2876334796848097,0.736499746314111,-0.1303986902316782,0.7650295911537428
1.2483024541614096,0.7218607510514126,-0.1739460660244692,0.6903800382887613
1.2048881424721114,0.7079605345101366,-0.2117611550842709,0.6128669253864073
1.1571060758534475,0.6950284338212219,-0.243934175841829,0.5333951470561801
1.1046871905406368,0.6832296259419626,-0.2707316090235859,0.4529335377509256
1.047387212964044,0.672668986354838,-0.2925782473428971,0.3724813601443476
0.9849954841265832,0.6633957987541278,-0.3100357757158763,0.2930328442537534
0.9173431613377356,0.6554090611419783,-0.3237786192567297,0.2155421676646988
0.8443107654667419,0.6486631620189705,-0.3345678001454825,0.1408911792547327
0.765835059871891,0.643073734362401,-0.3432235245015033,0.0698617943308763
0.6819152493303728,0.6385235331252537,-0.3505971820900503,0.0031144512590897
0.5926184711933092,0.6348682220437388,-0.3575433908873104,-0.0588265633934263
0.4980845164221841,0.6319419952825416,-0.3648926609266084,-0.1155806658088331
0.3985296681778028,0.6295629963855511,-0.3734251927829657,-0.1669116263474474
0.2942494878623564,0.6275385286932053,-0.3838462703220074,-0.2127219351911637
0.1856203254777577,0.6256700757739152,-0.3967636587592756,-0.253041788769929
0.0730992974292793,0.6237581661411855,-0.4126673799430289,-0.2880138012286424
-0.0427775281114414,0.6216071230249128,-0.4319122075162029,-0.3178746537186002
-0.161398965632163,0.6190297373348653,-0.4547032038387357,-0.3429349226262801
-0.2820847270150637,0.6158518908036114,-0.4810846054864525,-0.3635582869539863
-0.4040936813272442,0.6119171376279468,-0.5109323511651755,-0.3801412170421257
-0.5266343081284981,0.6070912281119448,-0.5439505307550949,-0.3930941040302916
-0.6488771672287779,0.6012665286496528,-0.5796720119971069,-0.4028246139530247
-0.7699690863429387,0.5943662611247553,-0.617463466483694,-0.4097238537362546
-0.8890486643083759,0.5863484539668873,-0.656534963770586,-0.4141557296045129
-1.0052626132721754,0.5772094690703292,-0.6959542279271068,-0.4164496717173948
-1.1177824257163922,0.5669869455021658,-0.7346655536486674,-0.416896701330077
-1.2258208506850512,0.5557619840850662,-0.7715132602645869,-0.4157486363608016
-1.3286476882833278,0.543660388344368,-0.8052694237414345,-0.4132200748757949
-1.4256044480578254,0.5308527789826404,-0.834665471831986,-0.4094926696413525
-1.51611745496877,0.5175534128680627,-0.8584270595445301,-0.4047211153710652
-1.5997090249634536,0.5040175647597257,-0.8753114664422197,-0.3990402170127339
-1.6760063754375465,0.4905373709679421,-0.8841465812672473,-0.3925723940517384
-1.7447479901005247,0.4774360881730996,-0.8838703722898773,-0.3854350019851584
-1.8057872282970329,0.4650607860922534,-0.8735695945025881,-0.3777469152164753
-1.8590930604954448,0.4537735670947877,-0.8525163693178974,-0.369633910713718
-1.9047479267717369,0.4439414857777033,-0.8202012012911303,-0.3612325116560284
-1.942942849046112,0.4359254225484156,-0.7763609824408919,-0.3526920856684848
-1.9739700662501167,0.4300682425843147,-0.7210005911807701,-0.3441751324545026
-1.9982135840707744,0.4266826405765971,-0.654406831661286,-0.3358558298127323
-2.0161381190090646,0.4260391283833838,-0.57715368751891,-0.3279170252805008
-2.028276960069239,0.4283546628511322,-0.4900981800243694,-0.320545955097748
-2.035219269415012,0.4337824294524078,-0.3943665120891665,-0.3139290377575354
-2.0375973010343587,0.4424032888266888,-0.2913306235207122,-0.30824612413255
-2.03607394231418,0.4542193543568076,-0.182575747457133,-0.3036645909143101
-2.031330887140327,0.4691500988159043,-0.0698600060331111,-0.3003336420989213
-2.024057640559773,0.4870312885313855,0.044932521397118,-0.2983791396479568
-2.0149414435713147,0.5076169182030723,0.1598435101251576,-0.2978992257193026
-2.0046581008018256,0.5305841746783808,0.2728949168434234,-0.2989609317941162
-1.9938636010662087,0.5555413025781912,0.3821442378143073,-0.3015979006863745
-1.983186347099216,0.5820380899398515,0.4857383961284359,-0.3058092806516083
-1.973219760567532,0.6095785499930639,0.581964237448624,-0.3115597902689402
-1.9645150047330329,0.6376352568141547,0.6692937949522162,-0.3187809010085545
-1.9575735711788511,0.6656647076285045,0.7464227562150209,-0.3273730428180621
-1.952839508619309,0.6931230414214246,0.8123009093377349,-0.3372087069825058
-1.9506911293035627,0.7194814470500205,0.8661537379032491,-0.3481362994250999
-1.9514321088232487,0.7442406417139735,0.907494746540044,-0.3599845854766002
-1.9552819939340669,0.7669438829255282,0.9361285033171508,-0.3725675625517986
-1.962366244909394,0.7871880824075164,0.9521447574363904,-0.3856895984296615
-1.9727060576884523,0.8046327092992057,0.9559043117243452,-0.3991506780382136
-1.986208329734093,0.8190062954258326,0.9480175868056088,-0.4127516090882554
-2.0026562447444785,0.8301104794750961,0.9293170015582568,-0.4262990455768525
-2.021701047710625,0.8378216408365239,0.9008244124406324,-0.4396101979556746
-2.042855655990069,0.8420902695709682,0.863714907800744,-0.4525171101079746
-2.065490797271772,0.842938291709602,0.8192782518590737,-0.4648703969149852
-2.08883437554205,0.8404546180346479,0.7688792285134253,-0.4765423526846542
-2.111974736564121,0.8347892118391248,0.7139180592327571,-0.4874293601420589
-2.133868431551283,0.8261459804717924,0.6557919720389955,-0.4974535515415792
-2.1533529600099226,0.8147747906438827,0.5958588871605861,-0.5065636968654187
-2.169164810571043,0.8009628923392084,0.5354040637444134,-0.5147353179431106
-2.1799629147386064,0.7850260143830177,0.4756104230036834,-0.521970050459138
-2.1843573880866787,0.7672993695606989,0.4175331271912846,-0.5282942969169526
-2.18094316441124,0.7481287812074916,0.3620788523438104,-0.5337572314441137
-2.1683378412831,0.727862118034659,0.3099900492704152,-0.5384282308972791
-2.145222763660653,0.7068412002712348,0.2618343464391383,-0.5423938157234439
-2.1103860916136616,0.6853943179146242,0.217999114301739,-0.545754188920297
-2.062766347087756,0.6638294805703784,0.1786910858310497,-0.5486194632422081
-2.001494733393899,0.6424284975793797,0.1439408147143936,-0.551105666614257
-1.925934391720908,0.6214419666364319,0.1136116531293019,-0.5533306144227705
-1.835714723845376,0.6010852288830377,0.0874128475680534,-0.5554097356733815
-1.7307589890260804,0.5815353286212983,0.0649162850084549,-0.557451938624057
-1.6113035868233487,0.562928996450622,0.0455763727468012,-0.5595556009556747
-1.4779077623299526,0.5453616558235589,0.0287525022381929,-0.5618047700636382
-1.331452895594569,0.5288874348843192,0.0137335284512209,-0.564265660453677
-1.1731310308718812,0.5135201483877901,-0.0002363108544254,-0.5669835369999119
-1.0044228271758666,0.4992351990752126,-0.0139306096961278,-0.5699800743327998
-0.8270656321862649,0.4859723345697274,-0.0281137083644137,-0.5732512831401912
-0.6430128599721203,0.4736391847995735,-0.0435138633966774,-0.576766092836983
-0.4543862551592711,0.4621154959789435,-0.0607972178713361,-0.58046567602352
-0.2634229269333316,0.4512579698606028,-0.0805431079362951,-0.5842635927045922
-0.0724192251223883,0.4409056108296142,-0.103221235166261,-0.5880468208207009
0.1163263904757722,0.4308854780030162,-0.1291712300418228,-0.5916777237091271
0.3005693619919422,0.4210187344596848,-0.1585851274008295,-0.5949969841559869
0.4781719277170742,0.4111268806694121,-0.1914932664545205,-0.597827508444381
0.64715112155589,0.401038053757031,-0.2277541111299131,-0.599979272392909
0.8057204031680135,0.3905932681469716,-0.2670484561883366,-0.6012550453822555
0.9523238044030908,0.3796524663241057,-0.3088784366088409,-0.6014568886227802
1.0856618677935066,0.368100241241131,-0.3525716886938934,-0.600393281494336
1.2047090462586425,0.3558510850062775,-0.3972909180637207,-0.5978866862056733
1.3087226070255529,0.3428540128269532,-0.4420490096441309,-0.5937813184535358
1.3972434192282857,0.3290964078771464,-0.485729667694058,-0.5879508530162498
1.4700892896538744,0.3146069331507715,-0.5271134028948257,-0.5803057614016365
1.527341733121807,0.2994573619559248,-0.5649084940723098,-0.5707999568328119
1.5693272152075208,0.283763190899152,-0.5977863508459637,-0.5594364128804237
1.5965939844928956,0.267682919098209,-0.6244204972647133,-0.5462714287083389
1.6098856260260843,0.2514159055910211,-0.6435281925123449,-0.5314172386405995
1.6101124285820931,0.2351987536123648,-0.6539135111422536,-0.5150427081036526
1.5983215776866362,0.2193002151936853,-0.6545105317019719,-0.497371921961705
1.5756670753223565,0.2040146614157652,-0.6444251407160627,-0.4786805531782647
1.5433801563116614,0.1896542209500857,-0.6229738621763461,-0.4592899963959659
1.5027408309919303,0.1765397500095295,-0.5897180847125778,-0.4395593577223589
1.4550510441155935,0.1649908578900914,-0.5444920921086626,-0.419875502504328
1.401609810106612,0.1553152712049509,-0.4874234182888589,-0.4006414697965731
1.3436905722948287,0.1477978738724168,-0.4189442530222392,-0.382263658031564
1.2825209435057618,0.1426898057834889,-0.3397929225081835,-0.3651382643705899
1.2192649195861172,0.1401980372081742,-0.2510048550516184,-0.3496375151080556
1.1550076153236122,0.1404758543932686,-0.1538929008576689,-0.3360962527807076
1.0907425499878045,0.1436146904824607,-0.0500173799141224,-0.3247994456268879
1.0273615008651371,0.1496377114625479,0.0588532528089541,-0.3159711569989321
0.9656469395272302,0.1584955171633842,0.170789750804565,-0.3097654582597529
0.9062670590554583,0.1700642422442403,0.2837556401859772,-0.3062596919798152
0.8497733845789894,0.1841462440268578,0.3956649075706373,-0.3054503972297153
0.7966009303825776,0.2004734483134229,0.5044415312577245,-0.3072521002054593
0.7470708235710288,0.2187132987085023,0.6080785213719302,-0.3114990560376004
0.7013952587585686,0.2384771282139018,0.7046942012538805,-0.3179499059673478
0.6596845847491661,0.2593306521008265,0.7925836363118018,-0.3262950927997923
0.6219562585355848,0.2808061752501846,0.8702633853224676,-0.3361667616873696
0.5881453406668179,0.3024160218930746,0.9365080981284052,-0.347150768070072
0.5581161551498349,0.3236666374799631,0.9903778917841872,-0.3588003250894548
0.5316747010942319,0.3440727862808271,1.0312358772923595,-0.370650753640629
0.5085813848642747,0.3631712761116995,1.058755651614707,-0.3822347532703506
0.4885636415029684,0.3805336815566137,1.0729189868543283,-0.3930975941042371
0.4713280324075809,0.3957776046812934,1.074004317395757,-0.4028116403438389
0.4565714414673857,0.4085761011785648,1.0625669300890974,-0.4109896545097544
0.4439910419173725,0.4186650027266919,1.0394119934219892,-0.4172963964547947
0.4332927679113204,0.4258479752340537,1.005561717368913,-0.4214581182687603
0.4241980946444788,0.4299992599790966,0.962218020769354,-0.4232696604429051
0.4164490050180996,0.4310641436894099,0.9107221067191036,-0.4225989704318729
0.4098110957162356,0.4290572891115534,0.852512319979163,-0.4193889857578229
0.4040748477710689,0.4240591264948781,0.7890815955860471,-0.4136569428875764
0.3990551532016048,0.4162105577680322,0.7219357153625601,-0.4054912827382425
0.3945892477385818,0.4057062598206027,0.6525534773808891,-0.3950464168936122
0.3905332486346906,0.3927868928703626,0.5823497582554913,-0.3825356900575698
0.3867575359327366,0.3777305263123285,0.5126423123295611,-0.3682229207868904
0.3831412460583443,0.3608435896224174,0.444623006409707,-0.3524129235634365
0.3795661693231086,0.3424516417018157,0.3793340341046323,-0.3354414127321909
0.3759103589527003,0.3228902303224687,0.3176494911685488,-0.3176646667899047
0.3720417695071835,0.3024960857885748,0.2602625258205002,-0.2994492952088584
0.3678122476552075,0.2815988611638158,0.2076781117178587,-0.28116240464002
0.3630521982272247,0.2605135969774942,0.1602113331796422,-0.263162411235164
0.357566242533648,0.2395340527677132,0.1179909281820616,-0.2457906941887593
0.3511301727518915,0.2189270125614656,0.0809677080530004,-0.229364234976767
0.3434894843541706,0.1989276373948448,0.0489273657942549,-0.2141693392473587
0.3343597369154323,0.1797359056650116,0.0215070996511301,-0.2004564954314976
0.3234289513796857,0.1615141516511819,-0.0017845828290876,-0.1884363867405044
0.3103621984568801,0.1443856841626102,-0.021545550807268,-0.1782770415882408
0.2948084680961382,0.1284344413067598,-0.038455906792841,-0.1701020815972189
0.2764098342356177,0.1137056143337732,-0.0532526803735527,-0.1639900059686477
0.254812843276667,0.1002071541723615,-0.0667039908692831,-0.1599744355495028
0.2296819608401127,0.0879120595155277,-0.0795832606266737,-0.158045228661988
0.2007148119557599,0.0767613357704865,-0.0926440008633056,-0.1581503730884412
0.1676588480649524,0.0666675099722692,-0.106595628555417,-0.160198554287024
0.1303289736986745,0.0575185875652859,-0.1220807119593621,-0.1640622988874626
0.0886255706596029,0.0491823421690042,-0.1396539897084087,-0.1695815946915177
0.0425522730801926,0.0415108380891374,-0.1597634685751135,-0.1765678936414567
-0.0077672212089652,0.0343450960968084,-0.1827338803624854,-0.1848084123587237
-0.0620740631227089,0.0275198244512038,-0.2087527688107804,-0.1940706555723523
-0.1199616677311961,0.0208681480013604,-0.2378594801977722,-0.2041071003429389
-0.1808664028163563,0.0142262774756367,-0.269937341675351,-0.2146599922548983
-0.2440622842809875,0.0074380681189234,-0.3047093229033978,-0.2254662170985151
-0.3086603491853365,0.0003594212825679,-0.3417374818775878,-0.2362622210237792
-0.3736132884260104,-0.0071375159322685,-0.3804264876159081,-0.2467889564638089
-0.4377258065197161,-0.0151603996239514,-0.4200314835636465,-0.2567968282311134
-0.4996710352648356,-0.0237930382646669,-0.4596704997131872,-0.2660506030013363
-0.5580131608388739,-0.0330921014566859,-0.4983415335290664,-0.2743342263117536
-0.6112362299591628,-0.0430842570949093,-0.5349442981081157,-0.2814554660142602
-0.6577788800544003,-0.0537638156404352,-0.5683064829678448,-0.2872502727570358
-0.6960744914130147,-0.0650909690631874,-0.5972141940109326,-0.2915867203760608
-0.7245959887574,-0.076990718412696,-0.6204460419326004,-0.2943683665899984
-0.7419042334209905,-0.0893525865348986,-0.6368101411265087,-0.2955368618790497
-0.7466986589692458,-0.1020312099352809,-0.6451830736485767,-0.2950736362512828
-0.7378685302881741,-0.114847895349294,-0.6445496760268536,-0.2930005128709262
-0.7145429673374178,-0.127593211845983,-0.634042333164243,-0.2893791352089731
-0.6761376874861162,-0.1400306682056122,-0.6129783269758265,-0.2843091487350133
-0.6223963009788706,-0.1519014979350154,-0.5808937017167447,-0.2779251448075129
-0.5534239582752221,-0.1629305406588369,-0.5375720863638835,-0.2703924468774973
-0.4697112111679712,-0.1728331687451424,-0.4830669688677513,-0.2619018897643156
-0.3721461265766431,-0.1813231619830073,-0.417716058155877,-0.2526638039020701
-0.2620129958244216,-0.1881213815693226,-0.3421466049037214,-0.2429014615725315
-0.1409764222871455,-0.192965039342551,-0.257270881944544,-0.2328442669512468
-0.0110501488492702,-0.1956173022298024,-0.1642714400845343,-0.2227209748515833
0.1254493057273704,-0.1958769194189321,-0.0645762337872949,-0.2127532057753712
0.2659633221876946,-0.1935875155957581,0.040175777774254,-0.2031494910764001
0.4077644231513683,-0.1886461627176795,0.1481774439361059,-0.1941000370221974
0.5480394836043816,-0.1810108301360226,0.2575030821860984,-0.185772345958934
0.6839795463153512,-0.1707063225786946,0.3661630453090562,-0.1783077815734154
0.8128722835070141,-0.1578283500852279,0.4721610036477937,-0.1718191169638826
0.932192787329,-0.1425454336059932,0.5735516313173343,-0.1663890610388874
1.039688296122461,-0.125098432176761,0.6684964004626311,-0.1620697218496663
1.1334526899124329,-0.1057975776830498,0.7553153225786702,-0.1588829355105212
1.2119871042438373,-0.08501701512495,0.8325327120408571,-0.1568213667765964
1.2742437708811876,-0.0631869629586176,0.8989153673292174,-0.1558502722584028
1.3196511242067177,-0.0407837217027456,0.9535019519928832,-0.1559098094424943
1.3481192293602462,-0.0183178613235821,0.9956227871236096,-0.1569177735461462
1.3600256185786272,0.0036789986302618,1.024909712285845,-0.1587726487730214
1.3561826170422593,0.0246683432895456,1.04129610405841,-0.1613568694645448
1.3377881744719822,0.0441193470165714,1.0450075353293449,-0.1645401984612887
1.3063630749969144,0.0615233807086504,1.0365438948322836,-0.1681831431450075
1.2636781273152051,0.0764079562964647,1.016654052953819,-0.1721403426116863
1.211675440587192,0.088349665867599,0.9863043518570168,-0.1762638707607869
1.1523880558097042,0.0969857311020728,0.9466423172806212,-0.1804064085573142
1.0878619835223042,0.102023845877548,0.8989570425734694,-0.1844242439317888
1.0200841617575047,0.1032500647707788,0.8446376916530862,-0.1881800605179906
0.9509191224390862,0.1005345575455313,0.7851315161165375,-0.1915454782569781
0.882056361697258,0.0938351111803346,0.7219026914982373,-0.1944033113128404
0.8149696313239203,0.0831983152489446,0.6563931563526626,-0.1966495126425178
0.7508886514541437,0.0687584139799283,0.5899864917055351,-0.1981947802365453
0.6907831142441455,0.0507338507719601,0.5239757123547321,-0.1989658074113887
0.635358318556608,0.0294215708343167,0.4595356596423163,-0.1989061681840779
0.585061352307566,0.0051891880162458,0.3977004919609664,-0.1979768379192603
0.5400964221092978,-0.0215348338265575,0.3393465697088965,-0.1961563580049975
0.5004477147389038,-0.0502727829139545,0.2851808325299063,-0.1934406601380505
0.4659080544608683,-0.080510820629543,0.2357345770375593,-0.1898425700981636
0.4361115852300702,-0.1117132811761035,0.191362372455731,-0.185391012558693
0.4105687470584994,-0.1433377201250637,0.1522457086047823,-0.1801299380820236
0.3887019203356628,-0.174850189484636,0.1184008614682621,-0.1741169919194997
0.3698802691010013,-0.2057401443298889,0.0896903885998713,-0.1674219425989554
0.3534525122626083,-0.235534362594652,0.0658376293643319,-0.160124887475387
0.3387765784438165,-0.2638093009026206,0.046443580942666,-0.1523142531067639
0.3252453434563159,-0.2902014073179716,0.0310055461386267,-0.1440846107372669
0.3123078975825729,-0.3144150437110412,0.0189369979441176,-0.1355343312177173
0.2994860318382578,-0.3362278133074783,0.0095881719569117,-0.1267631091402142
0.2863858584279338,-0.355493227489752,0.0022669734074911,-0.1178693925415491
0.2727046828866282,-0.3721407710814043,-0.003740137379602,-0.1089477617943736
0.2582334182888179,-0.386173532006747,-0.009147546196414,-0.1000863085694755
0.2428549718454894,-0.3976636464310428,-0.0146503785733096,-0.0913640722957091
0.2265391394854743,-0.4067458727869437,-0.020905047918832,-0.0828485968803849
0.2093346145823092,-0.413609647245297,-0.0285105957129324,-0.0745936743322777
0.1913587543317404,-0.4184899902286546,-0.0379909589784791,-0.066637344193204
0.1727857543873322,-0.421657630868725,-0.0497783227076067,-0.0590002182487434
0.1538338635578012,-0.4234086973677928,-0.0641977629004438,-0.0516841988462282
0.1347522307324163,-0.4240542901992629,-0.0814534576803185,-0.0446716562522902
0.1158079205416864,-0.423910216336472,-0.1016168339267901,-0.0379251256799536
0.0972735665257902,-0.4232871203810523,-0.1246171119826094,-0.0313875776663974
0.0794160540287277,-0.4224812061918776,-0.1502347890049952,-0.0249833060280076
0.0624865426947251,-0.4217657033803538,-0.178098637467178,-0.0186194651735522
0.0467120533898382,-0.4213831992022897,-0.2076867740727431,-0.0121882726963079
0.032288759746425,-0.4215389295115345,-0.2383322766142948,-0.0055698738235075
0.0193770433787187,-0.4223951029860294,-0.2692337021011847,0.0013641580698314
0.0080982968761536,-0.4240663200061912,-0.2994706990510612,0.0087467351313561
-0.001466607735073,-0.4266161397465058,-0.3280247182680738,0.0167106583999967
-0.0092773233640042,-0.4300548444509407,-0.3538046175551061,0.0253836110614076
-0.0153326875312494,-0.4343384469442653,-0.3756767351001629,0.0348828645377581
-0.01966825140888,-0.4393689847343255,-0.3924987822895281,0.0453098401642259
-0.0223529112451026,-0.4449961399114305,-0.4031566878753031,0.056744685610958
-0.0234848821358018,-0.4510202165019428,-0.4066033204884115,0.0692410387697495
-0.0231872501387337,-0.4571964940408695,-0.4018978348245824,0.0828211644159224
-0.0216033253083661,-0.4632409562972685,-0.3882442386963561,0.0974716637685093
-0.0188919969782572,-0.4688373663337178,-0.3650276745351532,0.1131399781241069
-0.0152232651470414,-0.4736456231899341,-0.331846860741641,0.1297319385130029
-0.0107740897018012,-0.4773112919880941,-0.2885411553460827,0.1471106519989152
-0.00572466405533,-0.4794761492899581,-0.2352107955532893,0.1650970447213258
-0.0002551832643527,-0.4797895306158393,-0.1722290400643986,0.1834723651482502
0.0054568595301133,-0.4779202090958531,-0.1002452024585302,0.2019828506500511
0.0112388488540564,-0.4735684759399955,-0.020177912883923,0.2203465726939439
0.0169247261783206,-0.466478038566466,0.0668016290124998,0.2382622425987099
0.022356229748575,-0.4564473057593501,0.1592961673008646,0.2554195420157029
0.0273837714992752,-0.4433395969713826,0.255717925736062,0.2715103861963153
0.0318670406431333,-0.4270918010437799,0.354331940267814,0.2862404520245621
0.0356754303559459,-0.4077210238927751,0.4533055369900599,0.2993403034855385
0.0386883848254778,-0.3853288091735125,0.5507619732335574,0.3105755096638901
0.0407957590360317,-0.3601025918659041,0.6448360487232676,0.3197552548243796
0.0418982734965955,-0.3323141501145573,0.7337294161313488,0.3267390671733002
0.0419081316052193,-0.3023149505229009,0.8157633724020552,0.3314414266159506
0.0407498497114533,-0.2705284293391151,0.8894270779562556,0.3338341410289966
0.0383613304203339,-0.2374394077379772,0.9534194106040276,0.3339464981322882
0.0346951892219694,-0.2035809930254917,1.006682996624117,0.3318633016159135
0.0297203237260093,-0.1695194569863888,1.048429354709715,0.3277209833316283
0.0234236939767395,-0.1358376958802693,1.0781545169945104,0.321702047303064
0.0158122618202587,-0.1031179541743771,1.0956449287688932,0.3140281466679142
0.0069150175109861,-0.0719245300701047,1.1009738476780435,0.3049521229828641
-0.0032149967963684,-0.042787173452017,1.09448883995922,0.294749350447693
-0.0144987738395015,-0.016185838191554,1.0767912868065144,0.2837087273357646
-0.0268296601405028,0.007462633757879,1.0487090564060442,0.2721236449685736
-0.0400720406681978,0.027815431336875,1.011263662572993,0.2602832426092821
-0.0540605310892232,0.0446119618190453,0.9656333228147426,0.2484642262697846
-0.0685998227402842,0.0576791106365072,0.9131133560628668,0.2369234921177286
-0.0834653227715169,0.0669335140727208,0.8550753342721896,0.2258917522959199
-0.0984047220227962,0.0723809112700903,0.792926332683609,0.2155683137906247
-0.1131406048013157,0.0741127512352623,0.72806951903054,0.2061171108244018
-0.1273741867078962,0.0723003197568766,0.6618671890921847,0.1976640396850699
-0.1407902285754721,0.067186719399856,0.5956072005147787,0.1902955938971527
-0.1530631268972073,0.0590770834997287,0.5304735838066118,0.1840587494759043
-0.1638641249336527,0.0483274338082434,0.4675219237527518,0.17896200710453
-0.1728695254697033,0.0353326032259766,0.4076599114928718,0.174977462849003
-0.1797697178718159,0.0205136422662826,0.351633273109901,0.1720437536631632
-0.1842787613371161,0.0043051128726669,0.3000170913158456,0.1700697100995848
-0.1861441966297717,-0.012857351902767,0.253212359916824,0.168938547106279
-0.1851566948729539,-0.0305488771244116,0.2114474541189099,0.168512434219037
-0.1811591001011867,-0.0483662584691014,0.1747840709288039,0.1686373072812521
-0.1740543894335014,-0.0659376967000685,0.1431270980156126,0.1691478121945921
-0.1638120684319814,-0.082931140831953,0.1162378079190607,0.1698723031569948
-0.1504725461656799,-0.0990610777275325,0.0937497458845887,0.1706378486482893
-0.1341490995295364,-0.1140936591539069,0.075186680722076,0.1712752231581611
-0.1150271414238926,-0.1278501115703435,0.0599820149879664,0.1716238769896843
-0.0933606500634054,-0.1402084272678889,0.0474990987798917,0.1715368775296381
-0.0694657884734462,-0.1511033857328385,0.0370519547323438,0.1708858023344907
-0.0437119291208333,-0.1605249990243846,0.0279259936775118,0.1695655386283714
-0.0165104787355553,-0.1685155126638368,0.0193983741247475,0.1674989085493886
0.01169794846723,-0.175165122853563,0.0107577286436029,0.1646409990382233
0.040457352960146,-0.1806065914215477,0.0013230425253602,0.160983034562717
0.0693104599979677,-0.1850089520546272,-0.0095384780902414,0.156555595224459
0.097812418568896,-0.1885705059162803,-0.0223946729534359,0.1514309575268031
0.1255434525316288,-0.1915113027162637,-0.0377329316048716,0.1457243246706199
0.1521199311451567,-0.1940652960759257,-0.0559460335290044,0.1395937203832672
0.1772034557394216,-0.1964723512095161,-0.0773194395087812,0.1332383456315719
0.200507699345899,-0.1989702701394248,-0.1020201816734146,0.1268952401305883
0.221802874807834,-0.2017869863757454,-0.1300875446423311,0.1208341483816707
0.2409178358081171,-0.2051330685502395,-0.1614257819915694,0.1153505608102551
0.2577399286132958,-0.209194662021119,-0.1957991646919646,0.1107569823401035
0.2722128063551046,-0.2141269897194661,-0.2328297041572991,0.1073725715692194
0.2843324902661656,-0.2200485287405891,-0.2719979245636194,0.1055113916144864
0.2941420128161314,-0.2270359770631221,-0.3126470692015652,0.1054696159262753
0.3017250067827171,-0.2351201243658578,-0.3539911057730434,0.1075121346699376
0.3071986135791928,-0.2442827406325769,-0.3951268391583666,0.1118591031204594
0.3107060758341191,-0.2544545940523576,-0.4350503442478707,0.1186730538711264
0.3124093555153717,-0.2655147036691869,-0.472677797376701,0.1280472484369804
0.3124820819346547,-0.2772909209327981,-0.506870617596702,0.1399959594793149
0.3111030860182724,-0.2895619170197873,-0.536464635320046,0.1544473426897116
0.3084507209687421,-0.3020606291845766,-0.5603027938468653,0.1712394719892588
0.3046981079626875,-0.3144791893819072,-0.5772706681198849,0.1901199739923071
0.3000093820263443,-0.3264753221689569,-0.5863338651739147,0.210749515385239
0.2945369507440609,-0.3376801567983533,-0.5865761640657638,0.2327091834374257
0.2884197198582442,-0.3477073508357705,-0.5772370727224289,0.2555115721359652
0.2817821878678223,-0.3561633701564186,-0.5577473385182771,0.2786151626516402
0.2747342691141956,-0.3626587139225207,-0.5277608610096954,0.3014413855837615
0.2673716742077093,-0.3668198149418092,-0.4871814309700265,0.3233935912273105
0.2597766604498613,-0.3683012881088562,-0.436182772026679,0.3438770467688264
0.2520189649196485,-0.3667981456445752,-0.3752205021693848,0.3623190332619627
0.2441567496155553,-0.3620575518775022,-0.3050348709848815,0.3781881305092362
0.2362374204213519,-0.3538896577831208,-0.2266434652636484,0.3910118482739982
0.2282982271356314,-0.3421770423447495,-0.1413234999792952,0.4003918770260701
0.220366606364756,-0.3268822994069476,-0.0505838012356366,0.4060163781818581
0.2124602872617902,-0.3080533488351625,0.0438728898208867,0.4076688998423465
0.2045872352809259,-0.2858261207710269,0.1401961472949302,0.4052336776889107
0.1967455543958395,-0.2604243598462741,0.2364410126746967,0.3986972521015223
0.1889234975812069,-0.2321564174671539,0.3306260751451449,0.3881464939308487
0.1810997447180761,-0.201409037034958,0.42079421870427,0.3737632767057755
0.1732440950233038,-0.1686382800893837,0.5050736328692302,0.3558161577131343
0.1653186890367815,-0.1343578818892166,0.5817366672526997,0.3346495306299093
0.1572798271522724,-0.0991254547286853,0.6492542126658634,0.3106707854598383
0.1490803935154283,-0.0635270682465681,0.7063435044834148,0.2843360558785507
0.1406728323616556,-0.0281608197075516,0.7520075556831952,0.2561351496353891
0.132012564564012,0.0063799436856986,0.7855648176658422,0.2265762457744469
0.1230616802403604,0.0395230782931936,0.806668109910046,0.1961709057773514
0.1137927025667819,0.0707331303035956,0.8153123245115039,0.1654198879953622
0.1041921914714802,0.0995252764942822,0.8118308694154522,0.134800180541895
0.0942639459128129,0.1254772353534563,0.7968812399066283,0.1047535827432398
0.0840315713127911,0.1482387798956593,0.7714204836134401,0.0756770757124134
0.0735402045550718,0.1675386113558279,0.7366716394813713,0.0479151348625282
0.062857231518098,0.1831884840165387,0.6940824825887683,0.0217540557956144
0.0520718887008579,0.1950845968802468,0.6452780959869476,-0.002581707589018
0.0412937070888079,0.2032063799788245,0.5920089212202416,-0.0249312566107175
0.0306498281767258,0.2076128960053833,0.5360960132575924,-0.045197128831493
0.0202812940716763,0.2084371484785994,0.4793752446816859,-0.0633435033669793
0.0103384809842299,0.2058786352430001,0.4236421697436795,-0.0793929169978974
0.0009759030660415,0.2001945121903198,0.3705991740543288,-0.0934216966440825
-0.0076533438630253,0.1916897393325319,0.3218064044889657,-0.1055543229398505
-0.0154032061748692,0.1807065731389274,0.2786378021188943,-0.1159569401022408
-0.0221400703890672,0.1676137490073937,0.2422433560370399,-0.1248302205793494
-0.0277476623440912,0.1527956694193894,0.2135184668666488,-0.132401780865532
-0.0321312138425134,0.1366418799011557,0.1930810658456094,-0.1389183288550387
-0.0352207158712694,0.1195370790501313,0.1812568891341924,-0.1446377043914283
-0.0369731384156254,0.1018518727482122,0.1780730664535008,-0.1498209548346332
-0.0373735602732256,0.0839344478406829,0.1832599548055772,-0.1547245687323712
-0.0364352131863858,0.0661033077175284,0.1962609358641079,-0.1595929753457569
-0.0341984991918319,0.0486411810836516,0.2162497025580685,-0.1646514074662732
-0.0307290857352975,0.0317901847529937,0.242154389822676,-0.1700992203044294
-0.0261152183963187,0.0157482905598097,0.2726877612284986,-0.1761037598864142
-0.0204644156066144,0.0006671150130298,0.3063825529092309,-0.1827948792465887
-0.0138997238554125,-0.0133489815644499,0.3416310040783175,-0.1902602081884561
-0.0065557162796916,-0.0262425309729473,0.3767275723165338,-0.1985412907274065
0.0014255869038074,-0.0380014019943164,0.4099138406924087,-0.2076307114439461
0.0098987099512131,-0.0486561537600881,0.4394246668802327,-0.2174703353032605
0.0187184777962665,-0.0582764180875321,0.4635346914938097,-0.2279507823143816
0.0277434133999706,-0.0669664462086125,0.4806044005073888,-0.2389122467317091
0.036838679867514,-0.0748599637682078,0.4891250108897699,-0.2501467497261819
0.0458784998206,-0.0821144798260598,0.4877615073527113,-0.261401885008901
0.0547480137302806,-0.0889051914373564,0.4753931927432685,-0.2723860795741581
0.0633445672118904,-0.0954186165134964,0.4511511199362534,-0.282775347433276
0.0715784434868818,-0.1018460759949156,0.414451747144116,-0.2922214640920691
0.0793730803707988,-0.1083771341110804,0.3650261028128238,-0.3003614352069886
0.0866648305981143,-0.1151930948026214,0.3029436663434119,-0.3068280764418612
0.0934023396219751,-0.122460645033044,0.2286300773848637,-0.3112614654003498
0.0995456259338271,-0.130325732974687,0.142877695409568,-0.3133209728420231
0.1050649552434446,-0.138907771503649,0.0468479637634586,-0.3126975309081698
0.1099396014999099,-0.1482942649135302,-0.0579354868957554,-0.3091257520879063
0.1141565848758707,-0.15853596822437,-0.1696040059683454,-0.3023954758224
0.1177094699207351,-0.1696427019425598,-0.2859722189538767,-0.2923622929753966
