18_37,18_36,18_38,18_31
1.0,1.0,1.0,1.0
-0.0189882202082135,-0.001026405115703,-0.0165056877789971,-0.010619680364127
-0.0201856160592159,-0.0012798435308059,-0.0178410924463478,-0.0081896223115819
-0.0213904683279778,-0.0015484001453491,-0.0191416036174334,-0.0057919157571122
-0.0226094547327663,-0.0018458070870282,-0.0204204718630643,-0.0034635935137183
-0.0238500144614947,-0.002184654662718,-0.0216924050030891,-0.0012402179384518
-0.0251201607585553,-0.0025760387732414,-0.0229733168538478,0.0008444912030052
-0.0264282028097907,-0.0030292681244708,-0.024280049868214,0.002758990198014
-0.027782373946346,-0.0035516415903705,-0.0256300691827595,0.004474209295475
-0.0291903689375085,-0.0041483039251857,-0.0270411225873365,0.0059638167194595
-0.0306587996640643,-0.0048221854847978,-0.0285308587387906,0.0072044484480151
-0.0321925854315865,-0.0055740287433479,-0.0301163950636206,0.0081759011201174
-0.0337943011605637,-0.006402501249477,-0.0318138276177535,0.0088612831354918
-0.0354635131666969,-0.0073043913567522,-0.0336376779066986,0.0092471170516784
-0.0371961376825859,-0.0082748797135063,-0.035600276322398,0.0093233851113806
-0.0389838611587802,-0.0093078762578834,-0.0377110882112959,0.0090835094753593
-0.0408136632770713,-0.010396409495468,-0.0399759962296328,0.0085242597463253
-0.0426674831787689,-0.011533052301109,-0.0423965609661614,0.0076455827895874
-0.0445220664552144,-0.0127103665302008,-0.044969290085455,0.0064503536835897
-0.0463490249170161,-0.0139213474617552,-0.0476849536585261,0.0049440517023559
-0.0481151331608922,-0.0151598485933998,-0.0505279890917252,0.0031343712153416
-0.0497828757520969,-0.016420967582183,-0.0534760424075659,0.0010307838183738
-0.0513112468443679,-0.0177013751396301,-0.0564996929902335,-0.0013559256970165
-0.0526567908097821,-0.0189995703653631,-0.0595624059086791,-0.0040141214092985
-0.0537748586094698,-0.0203160482278055,-0.0626207494404004,-0.0069317441351302
-0.0546210409631431,-0.0216533675449359,-0.0656249055723788,-0.0100966707470358
-0.0551527266981019,-0.0230161107630532,-0.068519488448343,-0.0134969708987598
-0.0553307238307227,-0.0244107299879221,-0.0712446705992559,-0.0171210301320369
-0.0551208727863365,-0.0258452770463477,-0.0737376001700306,-0.0209575141242541
-0.0544955764432532,-0.027329018852075,-0.075934075218519,-0.024995157233989
-0.0534351709856636,-0.0288719430636361,-0.0777704245781156,-0.0292223691308495
-0.0519290652384169,-0.0304841630186599,-0.0791855298300865,-0.033626665579114
-0.0499765843250257,-0.0321752352628971,-0.0801229106640051,-0.0381939426430063
-0.0475874659078874,-0.0339534076709815,-0.0805327872311598,-0.0429076268460198
-0.0447819733649325,-0.0358248211115439,-0.080374028746865,-0.0477477462466986
-0.0415906091323443,-0.0377926926718918,-0.0796158980637524,-0.0526899781001875
-0.0380534319303329,-0.0398565133400457,-0.0782395074278424,-0.0577047369431138
-0.0342190023371543,-0.0420112973425763,-0.0762389110378388,-0.0627563718757381
-0.0301430007628996,-0.044246923565229,-0.073621774923036,-0.0678025429865139
-0.0258865789294799,-0.0465476111092792,-0.0704095832857254,-0.0727938439268521
-0.0215145192985744,-0.048891570549376,-0.0666373617901015,-0.0776737304686608
-0.017093285612418,-0.0512508694320727,-0.0623529210780241,-0.0823788035647258
-0.0126890513085816,-0.0535915447112845,-0.0576156466816787,-0.086839480318451
-0.0083657909443442,-0.0558739860891052,-0.0524948830854389,-0.0909810679237994
-0.0041835132423979,-0.0580536028016308,-0.0470679786441752,-0.0947252348509158
-0.0001967036463865,-0.0600817727133701,-0.0414180732563624,-0.0979918513273059
0.003546969656231,-0.0619070573712694,-0.0356317212554533,-0.1007011486752214
0.0070076482536619,-0.0634766508472076,-0.0297964474008098,-0.1027761256182368
0.010153953358737,-0.0647380148432254,-0.0239983339736644,-0.1041451106297463
0.0129633282016959,-0.0656406387870361,-0.0183197320410582,-0.1047443741065313
0.015422063261062,-0.0661378526080357,-0.0128371805054255,-0.1045206738378573
0.017525027593722,-0.066188612515296,-0.0076196034447799,-0.103433612910675
0.0192751398799227,-0.065759177124823,-0.0027268404876287,-0.1014576915247442
0.0206826203119793,-0.0648245931260817,0.0017914523377604,-0.0985839434494542
0.0217640691416443,-0.0633699164089687,0.0058965115978298,-0.0948210638163834
0.0225414197682055,-0.0613911058926136,0.0095607828319471,-0.090195956885768
0.0230408140343979,-0.0588955425508141,0.0127678577191703,-0.0847536591541678
0.0232914453026084,-0.0559021443552185,0.015512059330268,-0.0785566230884005
0.0233244113257186,-0.052441067872343,0.0177977142783461,-0.0716833779994875
0.0231716142974721,-0.0485530077434218,0.0196381595164968,-0.0642266151026714
0.0228647401103985,-0.0442881249158393,0.0210545378408207,-0.0562907716788628
0.0224343430495658,-0.0397046520388321,0.0220744399211203,-0.0479892127018239
0.0219090561352997,-0.034867238829849,0.0227304520597598,-0.0394411259249038
0.0213149412808639,-0.0298451106730526,0.0230586680748738,-0.0307682573036874
0.020674987507094,-0.0247101197550176,0.0230972209351235,-0.0220916173748403
0.0200087597944552,-0.019534769538235,0.022884885257747,-0.0135282859675817
0.0193321958837503,-0.0143902905117265,0.0224597957373221,-0.0051884330349972
0.0186575435805317,-0.009344838419405,0.0218583192243686,0.0028273415049944
0.0179934269841476,-0.0044618762545402,0.0211141097671426,0.0104302649275339
0.0173450266437289,0.0002012109256697,0.020257366752056,0.0175451833236416
0.0167143560143376,0.004594232947602,0.0193143066660393,0.0241118477279162
0.0161006147966754,0.0086750219383734,0.0183068493494877,0.0300856771554693
0.0155005988120041,0.0124099626974763,0.0172525103415454,0.0354380019884912
0.0149091459722593,0.0157742312264566,0.0161644824825297,0.0401558100010794
0.0143195985969495,0.0187517577303857,0.0150518827525876,0.0442410333868771
0.0137242637108165,0.021334939532567,0.0139201347566654,0.0477094281338062
0.0131148549076609,0.023524136290775,0.0127714535872896,0.0505891068751645
0.0124829017435075,0.0253269846291024,0.0116053981576116,0.052918793015063
0.0118201152722985,0.0267575718923339,0.0104194564990151,0.0547458676824736
0.011118701104426,0.0278355093736075,0.0092096318066881,0.0561242821945616
0.0103716141058959,0.0285849443109019,0.0079710008962746,0.0571124075301259
0.0095727514333241,0.029033547482365,0.0066982217955508,0.0577708891647721
0.0087170829113756,0.0292115096578417,0.0053859729594865,0.0581605708334877
0.0078007197332697,0.0291505757834883,0.0040293125734317,0.0583405446830702
0.0068209240749784,0.0288831408731788,0.002623952147941,0.0583663781581855
0.0057760634838549,0.0284414264199226,0.0011664437513938,0.0582885601092259
0.0046655149047956,0.0278567509638871,-0.0003457154609929,0.0581512002666219
0.003489524050249,0.027158903474304,-0.0019140543779419,0.0579910076116501
0.0022490266309783,0.0263756236047739,-0.0035391651887844,0.0578365644736133
0.0009454388650176,0.0255321888199141,-0.0052207955018942,0.0577079045533605
-0.0004195742316726,0.0246511049885613,-0.006957982891801,0.057616394640737
-0.0018443429509533,0.0237518943793131,-0.0087492186202421,0.0575649116622234
-0.0033274380423256,0.022850973115935,-0.0105926266210805,0.0575482989542697
-0.0048679039104716,0.0219616090382595,-0.0124861432434225,0.0575540783953402
-0.0064654652835812,0.0210939505020172,-0.0144276827069397,0.0575633883430527
-0.0081206915014575,0.0202551168275357,-0.0164152728435342,0.0575521113303889
-0.0098351018899959,0.0194493417270353,-0.0184471456785883,0.057492150322794
-0.011611195892127,0.0186781619343813,-0.0205217679983158,0.0573528081971118
-0.0134523929786636,0.017940644251434,-0.0226377985219785,0.0571022221570688
-0.015362870056995,0.017233645143403,-0.0247939608743081,0.0567088032272945
-0.0173472882113567,0.0165520977235234,-0.0269888253733875,0.0561426309261256
-0.0194104060887063,0.0158893213710464,-0.0292204977249051,0.0553767548226127
-0.0215565838876833,0.0152373492848227,-0.0314862189053088,0.0543883579841731
-0.0237891893769779,0.0145872690020522,-0.0337818875282137,0.0531597422773582
-0.0261099252098582,0.0139295703745516,-0.0361015233867669,0.051679101955064
-0.0285181044755181,0.0132544948003194,-0.0384366981130926,0.0499410597159296
-0.0310099083568068,0.0125523787869722,-0.0407759654024138,0.0479469481452311
-0.0335776653800245,0.0118139843110018,-0.0431043284206875,0.0457048287746037
-0.036209195537471,0.0110308080539113,-0.0454027853101616,0.0432292505331804
-0.0388872641278648,0.0101953615344517,-0.0476479946873199,0.0405407587069013
-0.041589189212514,0.0093014144672107,-0.0498121013916258,0.0376651743053957
-0.0442866429930997,0.0083441943726919,-0.0518627583588762,0.0346326716383961
-0.0469456812027084,0.0073205365179679,-0.053763373411562,0.0314766886760177
-0.0495270259400255,0.0062289796270906,-0.0554736002165645,0.0282327102358558
-0.0519866165846974,0.0050698043943757,-0.0569500810645032,0.0249369681060982
-0.054276430959074,0.0038450135784422,-0.0581474360300147,0.0216251048445276
-0.0563455653154211,0.0025582542649845,-0.05901947915423,0.0183308492060663
-0.0581415476942892,0.0012146846803586,-0.0595206283143124,0.0150847509982122
-0.0596118454589245,-0.0001792103558752,-0.059607462224657,0.011913021713389
-0.0607055151494447,-0.0016158496944053,-0.0592403663719861,0.0088365246124108
-0.0613749320204728,-0.0030868248348888,-0.0583852004068826,0.005869954102645
-0.0615775284969704,-0.0045831995092739,-0.0570149132995253,0.0030212393321698
-0.0612774659844026,-0.0060958309274328,-0.0551110299883077,0.0002912009693956
-0.0604471635268991,-0.0076157032011684,-0.0526649346952386,-0.0023265167797881
-0.059068610036343,-0.0091342631955559,-0.0496788817114937,-0.0048452246770651
-0.0571343942745127,-0.0106437490217767,-0.0461666741680726,-0.007284671857995
-0.0546483982256083,-0.0121375015183732,-0.0421539647211483,-0.0096702378326913
-0.0516261144076509,-0.0136102492874397,-0.0376781485491836,-0.012031846633937
-0.0480945652091056,-0.0150583580741655,-0.0327878376864046,-0.0144026268784203
-0.0440918214353031,-0.0164800354340072,-0.0275419254226235,-0.0168173518285891
-0.039666136686843,-0.0178754816916691,-0.0220082690889231,-0.0193107036762279
-0.0348747326965129,-0.0192469781853536,-0.0162620378110992,-0.0219154158620498
-0.0297822871095159,-0.0205989037970443,-0.0103837876184978,-0.0246603558948022
-0.0244591883592007,-0.0219376709456245,-0.0044573386903386,-0.0275686183934493
-0.0189796314836037,-0.0232715727660247,0.0014324621963841,-0.0306557034772722
-0.0134196334924302,-0.0246105343444452,0.0072020071757732,-0.0339278586998888
-0.0078550471368197,-0.0259657628537272,0.0127711347007167,-0.0373806630174004
-0.0023596479178218,-0.027349294418683,0.0180651978660606,-0.0409979284050154
0.0029966385327698,-0.0287734396401512,0.0230169214732276,-0.0447509883860487
0.0081493121450891,-0.0302501349012165,0.0275679874328729,-0.0485984327362498
0.0130406331318019,-0.0317902127103378,0.0316703019287507,-0.0524863339685876
0.0176206851432752,-0.0334026110983776,0.0352869126998788,-0.0563489940874794
0.0218481497320386,-0.0350935490396572,0.0383925599305076,-0.0601102199571854
0.0256907876921175,-0.0368657014653399,0.040973858770554,-0.0636851131340598
0.0291256341472375,-0.0387174130737497,0.0430291248083881,-0.0669823360896216
0.0321389237967848,-0.0406419942054448,0.0445678654368516,-0.0699067925441839
0.0347257703093548,-0.0426271439853075,0.0456099697319743,-0.0723626364509808
0.0368896294816648,-0.0446545452940567,0.0461846371060186,-0.0742565034261437
0.0386415795927181,-0.0466996726277814,0.0463290906371262,-0.0755008415246428
0.0399994546031358,-0.0487318474377411,0.0460871247412468,-0.0760172065321798
0.0409868667388298,-0.0507145662278981,0.0455075389059187,-0.0757393814805902
0.0416321548107991,-0.0526061148563226,0.0446425097200564,-0.0746161816764453
0.0419672935717735,-0.0543604686768222,0.0435459525560223,-0.0726138155152335
0.0420267976515744,-0.0559284630868247,0.0422719221046939,-0.06971768760564
0.0418466512467802,-0.057259203575391,0.0408730976179984,-0.0659335536038582
0.0414632918242074,-0.0583016694403837,0.039399394248568,-0.0612879645144632
0.0409126726652588,-0.0590064519469279,0.0378967363677397,-0.0558279704838791
0.0402294251603793,-0.059327556778267,0.0364060222875578,-0.0496200884128776
0.0394461374093026,-0.0592241930336555,0.0349623025440612,-0.0427485719918008
0.038592760975952,-0.0586624674392302,0.0335941860033399,-0.0353130549496907
0.0376961527074901,-0.0576169033115811,0.0323234797725253,-0.02742566649309
0.0367797535132084,-0.0560717093229567,0.0311650605339252,-0.0192077404868776
0.0358634011006931,-0.0540217331183062,0.030126966809685,-0.0107862557223518
0.0349632690939206,-0.0514730488593387,0.0292106941596269,-0.0022901529540659
0.0340919209210719,-0.0484431450453209,0.0284116687597623,0.0061533248799227
0.0332584635468626,-0.044960698450113,0.0277198695128184,0.0144221293538561
0.032468783679513,-0.0410649404963351,0.0271205650559487,0.0224026132349982
0.0317258475915727,-0.0368046425409556,0.0265951299253824,0.0299923385133498
0.0310300451747917,-0.0322367650636719,0.0261219037878431,0.0371023994150519
0.0303795592524339,-0.0274248314417517,0.0256770590243379,0.043659198828006
0.0297707423880022,-0.0224370988936689,0.0252354449195051,0.0496056424410791
0.0291984853011481,-0.0173446066121462,0.0247713810433464,0.0549017405045345
0.0286565633452225,-0.0122191837752124,0.0242593778162514,0.0595246312768729
0.0281379501235392,-0.0071314980853444,0.0236747683813872,0.0634680619519676
0.0276350900401912,-0.0021492191556373,0.0229942424046474,0.066741381400196
0.0271401242392866,0.0026646388531293,0.022196278910505,0.0693681138711048
0.0266450668642,0.0072531435146936,0.0212614813884471,0.0713841935706291
0.0261419307900749,0.0115666016955762,0.0201728238521934,0.0728359466202342
0.025622803916722,0.0155634254813369,0.0189158210342507,0.0737779093884873
0.025079878762373,0.0192106978635992,0.0174786392356215,0.0742705707839286
0.0245054395066059,0.0224844426259713,0.0158521663631856,0.0743781211883535
0.0238918118419543,0.0253696140506554,0.0140300602726187,0.0741662828004529
0.0232312820550719,0.0278598310225539,0.0120087936555244,0.0737002858695734
0.0225159927028242,0.0299568867017971,0.0097877114011084,0.0730430433267202
0.0217378230911814,0.0316700692418471,0.0073691127371572,0.0722535634058194
0.0208882635038471,0.0330153312793748,0.0047583656998225,0.0713856267325298
0.0199582927481873,0.0340143464442837,0.0019640558546892,0.0704867417349501
0.0189382690613792,0.0346934903025839,-0.0010018349861328,0.0695973807074843
0.0178178447146461,0.0350827813044819,-0.004123730659871,0.0687504889183053
0.0165859147309692,0.0352148147631949,-0.0073822598859291,0.0679712511205856
0.0152306099580396,0.0351237198600126,-0.0107540750001226,0.0672770938642357
0.0137393442831771,0.0348441663045072,-0.0142117166855446,0.0666778980897273
0.0120989250109874,0.034410443656512,-0.0177235540082152,0.066176394439351
0.0102957343164991,0.0338556324754441,-0.0212538300076279,0.0657687132354278
0.0083159882007539,0.0332108824227135,-0.0247628418947787,0.0654450617560433
0.0061460774676738,0.032504808234235,-0.028207281416068,0.0651905028570936
0.0037729928549457,0.0317630101633219,-0.0315407551278605,0.0649858107260926
0.00118483352805,0.0310077211724252,-0.0347144963233354,0.0648083812443051
-0.0016286053622312,0.0302575789690062,-0.0376782704527401,0.0646331758075339
-0.0046751744682659,0.0295275171080108,-0.0403814645322054,0.064433678357278
-0.0079596544644721,0.0288287660009555,-0.0427743388423779,0.0641828457721318
-0.0114830009158196,0.0281689519457623,-0.0448094068949713,0.0638540317496667
-0.0152415734184794,0.0275522803518643,-0.0464428979977049,0.0634218640547792
-0.0192263780239189,0.0269797882533386,-0.0476362466191149,0.0628630547744019
-0.0234223569607384,0.026449650978359,-0.0483575449676092,0.0621571232864006
-0.0278077638449673,0.0259575284020176,-0.0485828904917512,0.061287012300473
-0.0323536654393714,0.025496937414426,-0.0482975589647138,0.0602395787923959
-0.0370236121072327,0.0250596389029629,-0.0474969367979066,0.0590059440827791
-0.0417735179762708,0.0246360294647553,-0.0461871533244008,0.0575816907597878
-0.0465517881501963,0.0242155300158588,-0.0443853647811813,0.0559668985552636
-0.0512997238851214,0.0237869652498415,-0.0421196560667505,0.0541660164943074
-0.05595222746981,0.023338929365691,-0.0394285432394737,0.0521875743994673
-0.0604388168022439,0.022860134536632,-0.03636007811552,0.0500437428259773
-0.0646849457491503,0.0223397391963485,-0.0329705750613159,0.0477497563831793
-0.0686136109336745,0.0217676534086004,-0.029322997973653,0.0453232208112195
-0.0721472094338247,0.0211348184422987,-0.0254850614084668,0.0427833288223226
-0.0752095959531406,0.0204334573131333,-0.0215271129491986,0.0401500133417722
-0.077728273395582,0.0196572926103877,-0.0175198735509356,0.0374430692427069
-0.0796366385034795,0.0188017275448054,-0.0135321184121311,0.0346812759055248
-0.0808761952968673,0.0178639859615281,-0.0096283828692832,0.0318815529849361
-0.0813986443271949,0.0168432071652515,-0.005866776114769,0.0290581807511367
-0.0811677558359369,0.0157404918666214,-0.0022969806679845,0.0262221144559261
-0.0801609400933669,0.0145588963986283,0.0010414918850735,0.023380419554269
-0.0783704384381628,0.0133033735455834,0.0041207276198492,0.0205358514727343
-0.0758040734266783,0.0119806598114928,0.0069254686034678,0.0176866001053426
-0.0724855152546999,0.0105991106302091,0.0094537629277414,0.0148262154230376
-0.0684540431460269,0.0091684867626987,0.0117171776710055,0.011943726529405
-0.063763803392165,0.0076996968058862,0.0137405570924598,0.0090239621460881
-0.058482588731835,0.0062045022330463,0.0155613193776508,0.0060480757813277
-0.0526901853295461,0.0046951926028826,0.0172282963398232,0.0029942736115548
-0.0464763524200275,0.0031842394516738,0.0188001318479232,-0.0001612627197618
-0.0399385146321832,0.00168393789747,0.0203432665921721,-0.0034432726810969
-0.0331792573140311,0.0002060451574254,0.021929549202756,-0.0068761542820884
-0.0263037204432337,-0.0012385749299852,0.0236335266219574,-0.0104825715937857
-0.0194169869089899,-0.0026402925851192,0.0255294796962587,-0.0142819697619705
-0.0126215564369376,-0.0039910295593436,0.0276882826890372,-0.018289043149824
-0.0060149878482411,-0.0052845453518951,0.0301741771277948,-0.0225122101147867
0.0003122194417272,-0.0065166843863228,0.0330415602979145,-0.0269521548861843
0.0062784477994436,-0.0076855764801861,0.0363318959548777,-0.0316005024486975
0.0118124460074731,-0.0087917829261172,0.0400708586668678,-0.0364386955989336
0.0168544501429014,-0.0098383804181857,0.0442658229455492,-0.0414371437882093
0.0213569298357956,-0.0108309750214106,0.048903803487332,-0.0465547104248535
0.0252849631199918,-0.0117776385475563,0.0539499432158948,-0.0517385985451044
0.0286162556444187,-0.0126887602371419,0.0593466315070239,-0.0569246839224983
0.0313408307586587,-0.0135768077213165,0.065013316451914,-0.0620383297622677
0.0334604257576105,-0.0144559929879795,0.0708470530540683,-0.0669956983972382
0.0349876362918607,-0.0153418416000416,0.0767238048927829,-0.0717055534623617
0.0359448556030025,-0.016250666743378,0.082500491217672,-0.0760715218043415
0.0363630578408687,-0.0171989537733663,0.088017745889982,-0.0799947591173838
0.0362804753061357,-0.0182026656521578,0.0931033301876263,-0.0833769384710753
0.0357412181197981,-0.0192764848132794,0.0975761191871331,-0.086123458152056
0.0347938816887765,-0.0204330122778281,0.1012505619474169,-0.0881467462548873
0.0334901826238422,-0.0216819499501178,0.1039414995433048,-0.0893695258070005
0.0318836577639751,-0.0230292965832498,0.1054692124401131,-0.0897278972286863
0.030028454046314,-0.0244765915631287,0.1056645599528096,-0.089174095554076
0.0279782295805796,-0.0260202430693214,0.1043740697231812,-0.0876787885120092
0.0257851789309018,-0.0276509780359954,0.1014648343639801,-0.0852327981508101
0.0234991887653354,-0.0293534504279421,0.0968290756871866,-0.0818481524580534
0.0211671241424366,-0.0311060415206042,0.0903882441950992,-0.0775584030872039
0.0188322411036674,-0.03288088107501,0.0820965326148367,-0.0724181791041832
0.0165337181291575,-0.034644111569076,0.0719436969526315,-0.0665019825309671
0.0143062974295291,-0.0363564091244877,0.0599570964864785,-0.0599022671620466
0.0121800268607369,-0.037973764693401,0.0462028848385744,-0.0527268754705669
0.0101800941869782,-0.0394485177840157,0.0307863071740501,-0.0450959374267022
0.0083267470901774,-0.0407306229503649,0.013851082925335,-0.0371383581105216
0.0066352942834557,-0.0417691169831438,-0.0044221216191125,-0.0289880369796112
0.0051161848815868,-0.0425137428290046,-0.0238181019637685,-0.0207799699459575
0.0037751644257987,-0.0429166754101103,-0.044090353243569,-0.0126463859665138
0.0026135063721092,-0.0429342854184907,-0.0649650644626652,-0.0047130630986337
0.0016283172856144,-0.0425288705129906,-0.0861457788841672,0.0029040442235843
0.0008129124403131,-0.0416702797780833,-0.1073186167304186,0.010101753401888
0.0001572561528469,-0.0403373573193942,-0.1281579468806981,0.016792086462038
-0.0003515417508845,-0.0385191347959537,-0.1483323887560253,0.0229041213604658
-0.000728685072249,-0.0362157106163217,-0.1675110235622215,0.0283852216878535
-0.0009911206699015,-0.0334387652743973,-0.1853696947839724,0.0332016303761519
-0.0011569552771423,-0.0302116773995183,-0.2015972804703421,0.0373384374213671
-0.0012448783436847,-0.0265692227910478,-0.2159018236786677,0.0407989538099151
-0.0012736100086393,-0.0225568580043885,-0.2280164118319943,0.043603543094604
-0.0012613926120507,-0.0182296097839225,-0.2377047002228595,0.0457879779396329
-0.0012255423097772,-0.0136506105481883,-0.2447659791528939,0.0474014011787878
-0.0011820745082809,-0.0088893370001889,-0.2490396880975495,0.0485039794241302
-0.001145413209765,-0.0040196226769891,-0.2504092838498528,0.049164342092862
-0.0011281902447277,0.00088247497507,-0.248805372997065,0.0494569000793978
-0.0011411360888365,0.0057408671353089,-0.2442080226916986,0.0494591364749704
-0.0011930598271373,0.0104815992734544,-0.2366481681410044,0.0492489570858472
-0.001290912111243,0.0150349073194962,-0.226208041497048,0.0489021814275475
-0.001439921855431,0.0193370895317965,-0.2130205560886204,0.0484902458025534
-0.0016437950545,0.0233321302768724,-0.1972675936387319,0.0480781794292219
-0.0019049625137994,0.0269730252393587,-0.1791771618060896,0.0477229027916238
-0.0022248624129162,0.030222772198943,-0.1590194163283364,0.0474718848140171
-0.0026042433626194,0.0330550065179778,-0.1371015765695529,0.0473621824960577
-0.0030434737967281,0.0354542750829791,-0.11376180434541,0.0474198736181488
-0.0035428439876296,0.0374159560178794,-0.0893621610916595,0.0476598803617324
-0.0041028475225604,0.0389458436143895,-0.0642808043546978,0.0480861694921485
-0.0047244296056426,0.0400594283656799,-0.0389036273899604,0.0486923034170613
-0.0054091899999356,0.0407809106522634,-0.0136155816146499,0.0494623062494198
-0.0061595288151571,0.0411419935178297,0.0112080524205728,0.0503718002499848
-0.0069787237825164,0.0411805051302488,0.0352101662838075,0.0513893609636241
-0.0078709283100538,0.0409389049808521,0.0580598177964196,0.0524780342265778
-0.0088410806985971,0.0404627296275626,0.0794594522356507,0.0535969551860797
-0.0098947166560583,0.0397990337881597,0.0991511110996207,0.0547030086420304
-0.0110376798932846,0.0389948807700882,0.1169214264276085,0.0557524714043498
-0.0122757292733246,0.0380959325251281,0.1326052451979755,0.0567025808679139
-0.0136140457720967,0.037145184037855,0.1460877813746973,0.0575129794417758
-0.0150566483187968,0.0361818793917571,0.1573052500870618,0.0581469915330721
-0.0166057342057461,0.0352406379346557,0.1662439965743145,0.0585726980993029
-0.0182609668355309,0.0343508088621828,0.1729381894138466,0.0587637829111716
-0.0200187406255931,0.0335360617694553,0.1774662008965487,0.058700134154225
-0.0218714593376275,0.0328142099057881,0.17994584517752,0.0583681943937854
-0.0238068693149961,0.0321972526746685,0.1805286851928406,0.0577610608292197
-0.0258074924816973,0.0316916150054677,0.1793936506391135,0.056878345835606
-0.0278502049388647,0.0312985541533659,0.1767402300749926,0.0557258147898128
-0.029906005175698,0.0310146996757653,0.1727815092009035,0.0543148239655074
-0.0319400110557708,0.0308326899971374,0.167737323798561,0.0526615858277298
-0.033911716824992,0.0307418690875605,0.1618277794028173,0.0507862924304651
-0.0357755306222314,0.0307290090949856,0.1552673609278395,0.0487121299619094
-0.0374815997941028,0.030779028848814,0.1482598154009472,0.046464218974784
-0.0389769163690021,0.0308756834202967,0.1409939419227486,0.044068515673063
-0.0402066791576411,0.0310022057491698,0.1336403682581299,0.0415507099677659
-0.041115873072516,0.031141887107928,0.1263493370395924,0.0389351559782731
-0.0416510114193335,0.0312785883480865,0.1192494705073888,0.0362438702851494
-0.0417619741315241,0.031397178078079,0.1124474346946526,0.0334956324943757
-0.0414038651460618,0.0314838969629868,0.1060283849820502,0.0307052214267082
-0.0405388061647559,0.0315266492019943,0.1000570471526734,0.0278828183096863
-0.0391375825111032,0.031515223086586,0.0945792726703439,0.0250336054989675
-0.0371810600139444,0.031441442651831,0.0896239040411287,0.0221575852675138
-0.0346612998540091,0.0312992521545936,0.0852047949378952,0.0192496378923819
-0.0315823107980612,0.0310847348052835,0.0813228484904393,0.0162998315311893
-0.0279603945905799,0.0307960671556379,0.0779679632344307,0.0132939882121244
-0.0238240595476499,0.0304334110226487,0.0751208066574551,0.0102145007905435
-0.019213498431561,0.0299987459038617,0.0727543679619082,0.0070413852177843
-0.0141796481465338,0.0294956464761965,0.0708352717257116,0.0037535413197109
-0.0087828692965103,0.0289290118163855,0.0693248602499622,0.0003301839966869
-0.0030913018495705,0.0283047551990793,0.0681800728965447,-0.0032476040884285
0.0028210321077053,0.0276294654383605,0.067354164782193,-0.006995257053206
0.0088762971668055,0.0269100524566343,0.0667973147141457,-0.0109231143914982
0.0149949981234262,0.0261533908426327,0.0664571737349764,-0.0150348862746876
0.0210981310232582,0.0253659754178631,0.0662794019859512,-0.01932627124646
0.0271092489672577,0.0245536021861581,0.066208233902451,-0.023783801814901
0.0329563686066448,0.0237210865226813,0.066187101202122,-0.0283839897356674
0.0385736552986242,0.0228720282008164,0.0661593308762114,-0.0330928353773953
0.0439028392022606,0.0220086300780892,0.0660689225434863,-0.0378657544567329
0.0488943300116365,0.0211315742449109,0.0658613971247456,-0.042647960793485
0.0535080134311164,0.0202399564867967,0.0654846978440865,-0.0473753259268769
0.0577137269140928,0.0193312773137022,0.0648901159076819,-0.0519757160184449
0.061491424844571,0.0184014858145562,0.0640332074000414,-0.0563707842266688
0.0648310537338084,0.0174450713734141,0.0628746651618186,-0.0604781736648462
0.0677321659006702,0.0164551979152996,0.0613811095740368,-0.0642140633230734
0.0702033055281287,0.0154238758065067,0.0595257649999866,-0.0674959682567603
0.0722612041688074,0.014342167676931,0.057288993756342,-0.0702456872843924
0.0739298240770377,0.013200426024918,0.0546586664498902,-0.0723922777231568
0.075239287604462,0.0119885622024729,0.0516303558098637,-0.0738749284970647
0.0762247297344979,0.0106963479185776,0.048207350200833,-0.0746456011827261
0.0769251090069416,0.0093137513987565,0.0444004922062114,-0.0746713137405219
0.0773820098562214,0.0078313104961154,0.0402278563739177,-0.0739359538839205
0.0776384669024253,0.0062405441348606,0.0357142877368189,-0.0724415278384568
0.0777378390380567,0.004534401361483,0.0308908284197431,-0.0702087747116657
0.0777227582107058,0.0027077439916525,0.0257940630037701,-0.0672771054738106
0.0776341745308017,0.0007578545248194,0.0204654140250979,-0.0637038569361696
0.0775105156467495,-0.0013150440557747,0.0149504169854533,-0.0595628832088613
0.0773869741753451,-0.0035072753643612,0.0092979997608811,-0.0549425379836508
0.0772949323686888,-0.0058112275628639,0.0035597847851573,-0.0499431287995505
0.0772615282364744,-0.0082149306836425,-0.0022105754773684,-0.0446739476545758
0.0773093622018327,-0.0107017250908567,-0.0079580276681569,-0.039249999745361
0.0774563382969271,-0.0132500543495185,-0.0136267172817118,-0.0337885630147949
0.0777156291957895,-0.015833415101703,-0.0191605719461627,-0.02840571530624
0.0780957503456447,-0.0184204934302949,-0.024503886084507,-0.0232129634477614
0.0786007253801974,-0.0209755115099444,-0.0296019270665731,-0.0183141000857775
0.0792303231074634,-0.0234588001727198,-0.0344015821332805,-0.0138024004046897
0.0799803458037298,-0.0258276026149768,-0.0388520613222133,-0.009758253043064
0.0808429493513196,-0.0280371022985156,-0.0429056645452952,-0.0062472986729778
0.0818069778528099,-0.0300416547890545,-0.0465186114152385,-0.0033191269761023
0.0828582985496772,-0.0317961896135357,-0.0496519212734829,-0.0010065591939596
0.083980126888107,-0.0332577350956393,-0.0522723192827438,0.0006744799878525
0.0851533360609927,-0.0343870074891684,-0.0543531336826714,0.0017245199004636
0.0863567499282421,-0.0351499965039898,-0.0558751406145494,0.0021595701161227
0.0875674224898035,-0.0355194733593051,-0.0568273073800869,0.0020096732837737
0.0887609107002417,-0.0354763454975167,-0.0572073833964761,0.00131705802689
0.0899115500700585,-0.035010784512883,-0.0570222908489029,0.0001339777048474
0.0909927439723176,-0.0341230608649799,-0.0562882741077026,-0.001479670406544
0.0919772777275107,-0.0328240303951881,-0.0550307779441125,-0.003458846052647
0.0928376673380715,-0.0311352330329147,-0.0532840386422813,-0.0057358866780569
0.0935465502516037,-0.0290885825256774,-0.0510903881450829,-0.0082429505599159
0.0940771219099071,-0.0267256464369759,-0.0484992880493067,-0.0109142920731446
0.0944036173345899,-0.0240965367182411,-0.0455661261624093,-0.0136882892872023
0.0945018319243604,-0.0212584514774654,-0.0423508220983498,-0.0165091576948921
0.0943496703620093,-0.018273926769719,-0.0389162988871097,-0.0193282999036925
0.0939277074526752,-0.0152088721087615,-0.0353268839934536,-0.0221052587886341
0.0932197402539617,-0.0121304739886888,-0.0316467050814996,-0.0248082600206617
0.092213307415965,-0.0091050573919839,-0.0279381433517496,-0.0274143481056444
0.0909001495885245,-0.0061959958099889,-0.0242604007600952,-0.0299091371723244
0.0892765843665717,-0.0034617558688389,-0.0206682276950984,-0.0322862128925952
0.0873437707249092,-0.0009541537521914,-0.0172108457671987,-0.03454623441539
0.0851078413098412,0.0012831119540983,-0.0139310873843211,-0.0366957945608936
0.0825798862351649,0.0032156015988229,-0.0108647608775754,-0.0387461025051078
0.0797757789540001,0.0048189173802869,-0.0080402381258631,-0.0407115557812693
0.0767158429785438,0.0060791124985896,-0.0054782517650362,-0.0426082678628057
0.0734243671948241,0.006992727933901,-0.0031918817796825,-0.0444526143002115
0.069928986656249,0.0075664735884167,-0.0011867069171399,-0.0462598549309471
0.0662599543547562,0.0078165838504008,0.000538905000777,-0.0480428827044289
0.0624493368609796,0.0077678884974868,0.0019933923869735,-0.049811141790787
0.0585301722387749,0.0074526480291765,0.0031915016496432,-0.0515697494196873
0.0545356317242592,0.0069092079646758,0.0041537109506532,-0.0533188477360267
0.050498226926004,0.0061805294633806,0.0049055854267353,-0.0550532041053277
0.0464491015683115,0.005312654021282,0.005477067288224,-0.0567620708206694
0.0424174411177642,0.0043531582290204,0.0059016989798523,-0.0584293079691277
0.0384300253073618,0.0033496509416841,0.0062157738608287,-0.0600337661140084
0.034510938144375,0.0023483600135411,0.0064574071603855,-0.0615499181968148
0.0306814382058669,0.0013928492970724,0.0066655206287859,-0.0629487224422429
0.0269599797903479,0.0005228991948521,0.0068787374846849,-0.064198689942399
0.0233623637869696,-0.0002264240145655,0.0071341899254761,-0.065267122045424
0.0199019869272865,-0.0008254932751821,0.0074662493976769,-0.0661214739182283
0.0165901502992512,-0.0012506319396345,0.0079051996059487,-0.0667307921361818
0.0134363833673373,-0.0014844109087888,0.0084758832572986,-0.0670671664973142
0.0104487387615467,-0.0015157392292079,0.0091963649731513,-0.0671071302131378
0.0076340159884716,-0.0013397624383973,0.0100766636621788,-0.066832938985426
0.0049978788792865,-0.0009575886237696,0.0111176168319478,-0.0662336589796795
0.0025448416038508,-0.0003758665244259,0.0123099457202256,-0.0653059969470056
0.0002781107341892,0.0003937570755182,0.0136335927295931,-0.0640548130948711
-0.0018007148243806,0.0013352719819322,0.0150574006197975,-0.0624932688448187
-0.0036920693345247,0.0024290025845597,0.0165391956969919,-0.0606425771010346
-0.0053989402524338,0.0036523418591191,0.0180263246346974,-0.0585313415180963
-0.0069274395402934,0.0049804964408073,0.0194566767599975,-0.0561944926233236
-0.008287373665603,0.0063872210637516,0.0207602012523153,-0.053671851386764
-0.0094927541638198,0.0078455243890773,0.0218609027726211,-0.0510063736237577
-0.0105621895359441,0.009328332134835,0.0226792710108401,-0.0482421500460566
-0.0115191028000843,0.010809097158816,0.023135071276941,-0.0454222554237555
-0.0123917270829634,0.0122623494637905,0.0231503965518587,-0.0425865548393983
-0.0132128437342653,0.0136641817997292,0.0226528584248914,-0.039769584233722
-0.0140192427670597,0.0149926685246141,0.0215787770456155,-0.0369986254356507
-0.0148509029149367,0.0162282166478018,0.0198762202736321,-0.0342920920354474
-0.0157499070335018,0.0173538486034361,0.0175077407773375,-0.0316583315788531
-0.0167591266811924,0.0183554164458395,0.0144526674374123,-0.0290949318362368
-0.0179207262494457,0.019221747031333,0.0107088238863037,-0.026588594989108
-0.0192745508602479,0.0199447175777002,0.0062935715248707,-0.0241156145822975
-0.0208564724998042,0.0205192609895978,0.0012441054866512,-0.0216429575374203
-0.0226967748620437,0.0209433006829047,-0.004383032076914,-0.0191299192831334
-0.0248186587812506,0.0212176154470613,-0.0105132184588086,-0.0165302862406878
-0.0272369468890491,0.0213456361866553,-0.0170557547033057,-0.0137949087182645
-0.0299570584764584,0.0213331781347217,-0.0239065286909525,-0.0108745608558221
-0.032974313971916,0.0211881142096564,-0.0309512246638699,-0.0077229445179391
-0.0362736136635438,0.0209199974173817,-0.03806893936856,-0.0042996824308346
-0.0398295181515915,0.020539642367168,-0.045136044983569,-0.000573143316757
-0.0436067394598065,0.0200586778508146,-0.0520301278653214,0.0034770514440901
-0.0475610327414788,0.0194890838284673,-0.0586338307985518,0.0078579744251148
-0.0516404600453065,0.0188427269175126,-0.0648384350613892,0.0125619033678563
-0.0557869805466316,0.0181309085127211,-0.0705470365255157,0.0175654787074235
-0.0599383067815881,0.0173639389765849,-0.0756771956902945,0.022829555406503
-0.0640299543907463,0.0165507500078045,-0.0801629728321515,0.0282997615740463
-0.0679974041765505,0.0156985554708233,-0.083956293817846,0.0339077413019794
-0.0717782902302295,0.0148125688505764,-0.0870276270309528,0.0395730266963145
-0.0753145266406186,0.0138957833145283,-0.0893659849943902,0.0452054559663205
-0.0785542878385812,0.0129488183473556,-0.0909782937904574,0.050708031961857
-0.0814537637710125,0.0119698352648525,-0.0918881979905307,0.0559800994922919
-0.0839786205032269,0.0109545227401967,-0.0921343877642026,0.0609207103856591
-0.0861051090570179,0.0098961528323405,-0.0917685478490162,0.0654320423602159
-0.0878207797438234,0.0087857078480842,-0.090853035164254,0.0694227408233305
-0.0891247753164414,0.007612078564067,-0.0894583933193111,0.0728110608770605
-0.090027693261042,0.0063623346752791,-0.0876608085302873,0.0755276991563803
-0.090551024787567,0.0050220685653495,-0.0855396030277471,0.0775182206817868
-0.0907261948646462,0.0035758133369543,-0.0831748494967339,0.0787450037409764
-0.0905932433335014,0.0020075352448399,-0.0806451742260238,0.079188645084474
-0.0901992011248363,0.0003011990405947,-0.0780257986249969,0.0788487877042395
-0.0895962273587808,-0.0015585978470434,-0.0753868501333691,0.0777443535526379
-0.0888395821738835,-0.0035859299186036,-0.0727919559580538,0.075913183232685
-0.0879855161455125,-0.0057927990172529,-0.070297117967323,0.0734111034924695
-0.0870891598691478,-0.0081883575931422,-0.0679498554911302,0.0703104608686991
-0.0862024965830569,-0.0107781221807276,-0.0657885952984094,0.0666981756504709
-0.08537249661594,-0.0135632046488116,-0.0638422847715314,0.0626733840961339
-0.0846394851499501,-0.0165395933943703,-0.0621302049409688,0.0583447481801806
-0.0840358046210939,-0.0196975201939462,-0.0606619638222399,0.0538275207619588
-0.0835848205078558,-0.0230209504393402,-0.0594376563261441,0.0492404597033366
-0.0833003048685218,-0.0264872345643253,-0.0584481836116078,0.0447026869481199
-0.0831862164425415,-0.0300669563069022,-0.0576757307971397,0.0403305878414009
-0.0832368801369449,-0.0337240088637172,-0.0570944062466193,0.0362348420593209
-0.0834375529765081,-0.0374159229460881,-0.0566710472927919,0.032517670615709
-0.0837653487567666,-0.0410944613729544,-0.0563661957820965,0.0292703738176467
-0.0841904802633212,-0.0447064834427472,-0.0561352422527088,0.0265712231799055
-0.0846777664548802,-0.0481950693986532,-0.055929730411513,0.0244837566963846
-0.0851883427711712,-0.0515008814919052,-0.0556988046935583,0.0230555120913966
-0.085681505918408,-0.054563724247631,-0.0553907740045091,0.022317217357839
-0.0861166201955434,-0.0573242534367884,-0.0549547551373029,0.0222824426575304
-0.0864550106607911,-0.0597257718852308,-0.0543423505999824,0.0229477031010937
-0.0866617691501366,-0.0617160415074682,-0.0535093084045543,0.0242929885622996
-0.0867074022694447,-0.0632490356324006,-0.052417106382567,0.0262826849408807
-0.0865692559012819,-0.0642865544001376,-0.0510344013263573,0.0288668414807072
-0.0862326584013007,-0.0647996291051464,-0.0493382840569669,0.0319827310672061
-0.085691734388909,-0.0647696488823504,-0.0473152855541123,0.0355566449419265
-0.0849498526955881,-0.064189154780745,-0.0449620865084971,0.0395058599548995
-0.0840196853752533,-0.0630622614092528,-0.0422858928232501,0.0437407152203172
-0.0829228693530687,-0.0614046840410118,-0.0393044522695538,0.048166735687895
-0.0816892778178391,-0.0592433681698572,-0.0360457021216191,0.0526867425019744
-0.0803559242483647,-0.056615737745881,-0.0325470534807229,0.0572028938989833
-0.0789655372989374,-0.0535685963845942,-0.0288543343888172,0.0616186056111091
-0.0775648588841458,-0.0501567315618807,-0.0250204299191585,0.0658403061413429
-0.076202729930641,-0.0464412842023651,-0.0211036723785691,0.069778989710753
-0.074928037708685,-0.0424879544656722,-0.0171660477180143,0.0733515380162404
-0.0737876048650306,-0.0383651186054216,-0.0132712943922859,0.076481791029572
-0.0728241028954339,-0.0341419315539576,-0.0094829774607392,0.0791013567434827
-0.0720740717044139,-0.0298864857405712,-0.0058626230315758,0.0811501598123249
-0.0715661222415095,-0.0256640892226813,-0.0024679957836067,0.0825767391706299
-0.0713193913544086,-0.0215357163234148,0.0006484048952841,0.0833383146077215
-0.0713423075260872,-0.017556672537155,0.0034405664266562,0.0834006515355959
-0.071631713751662,-0.0137755033861296,0.0058698543386657,0.0827377613689154
-0.0721723801884778,-0.0102331649851798,0.007905544420179,0.0813314815720929
-0.0729369250710265,-0.0069624629352368,0.0095249876774341,0.0791709840543297
-0.073886148311325,-0.0039877562624018,0.0107134214447362,0.0762522627852673
-0.0749697686580305,-0.0013249146987622,0.0114634605171136,0.0725776509195696
-0.0761275425726268,0.0010184892577696,0.0117743204397185,0.0681554141363901
-0.0772907312864188,0.003042777415105,0.0116508399224235,0.0629994602498972
-0.0783838719388894,0.00475557996689,0.0111023798230524,0.0571291955393221
-0.0793267993551041,0.0061710971990833,0.0101416816489908,0.0505695459905103
-0.0800368570160952,0.0073092411025343,0.0087837688022059,0.0433511472559061
-0.0804312292958431,0.0081946898584594,0.0070449689233509,0.0355106913526521
-0.0804293223401982,0.0088558879423121,0.0049421260846068,0.0270914018361887
-0.0799551183596749,0.0093240234926007,0.0024920579234477,0.0181435934530978
-0.0789394279222657,0.0096320126362121,-0.0002887039961714,0.0087252582137357
-0.0773219673369283,0.0098135176920605,-0.0033838712184431,-0.0010973914376099
-0.0750531935686446,0.0099020226780882,-0.0067770533625653,-0.0112494990808741
-0.0720958372970666,0.0099299854731955,-0.0104511313893763,-0.0216473397748804
-0.0684260854729498,0.0099280815512559,-0.0143873882646484,-0.0321983710995504
-0.0640343775554295,0.0099245496786786,-0.018564452824805,-0.0428016278460065
-0.0589257938428195,0.0099446456477434,-0.0229571265444087,-0.0533485141867756
-0.0531200291231275,0.0100102062927452,-0.0275351733200721,-0.0637240277184564
-0.0466509594131917,0.0101393229395275,-0.0322621587927141,-0.0738084260382744
-0.0395658230359736,0.0103461212159151,-0.0370944277420658,-0.0834793198163723
-0.0319240490709907,0.0106406428309108,-0.0419803054794667,-0.0926141483114593
-0.0237957758989605,0.0110288244198335,-0.0468596018972467,-0.1010929658283872
-0.0152601100043032,0.0115125686391698,-0.0516634850680637,-0.1088014427005904
-0.0064031805008883,0.0120899030774752,-0.0563147754078878,-0.1156339638950957
0.00268395169538,0.012755222883029,-0.0607286920370021,-0.1214966939431613
0.0119074691015234,0.0134996129646278,-0.0648140609420946,-0.1263104698665333
0.0211729953689443,0.0143112449361465,-0.0684749709202299,-0.1300133848567374
0.0303877532395062,0.0151758424968093,-0.0716128393077955,-0.1325629348391599
0.0394626208871437,0.0160772066569384,-0.0741288265148203,-0.1339376172604263
0.0483140258497413,0.0169977892753407,-0.0759265177815481,-0.1341378954309878
0.0568656178971537,0.017919300052773,-0.0769147736709063,-0.1331864709842807
0.0650496658916988,0.0188233288155605,-0.0770106387605845,-0.1311278395588176
0.0728081295502408,0.0196919620671578,-0.0761421916781542,-0.1280271385487201
0.0800933655276095,0.0205083708182643,-0.0742512195295448,-0.1239683285638595
0.0868684387297103,0.0212573459954085,-0.0712956059503973,-0.1190517801176079
0.0931070242388872,0.0219257585222871,-0.0672513340305148,-0.1133913623575591
0.0987929023141831,0.0225029235618751,-0.062114022347765,-0.1071111501377531
0.1039190678271878,0.0229808523249117,-0.0558999330558783,-0.1003418786534985
0.1084864950549734,0.0233543800529508,-0.0486464139081005,-0.0932172809741557
0.1125026175559867,0.0236211648970403,-0.0404117596760001,-0.0858704433273012
0.1159795993710179,0.0237815589709185,-0.0312745011195924,-0.0784303065026
0.1189324865509379,0.0238383593595878,-0.0213321501826137,-0.0710184301274157
0.1213773357860567,0.0237964528298229,-0.0106994474624291,-0.0637461208611115
0.1233294188631294,0.0236623730077848,0.000493828325217,-0.056712006871296
0.1248015974773708,0.0234437925572706,0.012105419354595,-0.0500001203825197
0.1258029528094608,0.0231489752385091,0.023983440476508,-0.0436785286285903
0.1263377390100983,0.0227862136185782,0.0359694450883096,-0.0377985320703811
0.1264047105345579,0.0223632777358229,0.0479016259115559,-0.0323944280011771
0.1259968516628831,0.0218868983921002,0.0596180728569903,-0.027483818261865
0.1251015141921097,0.0213623062292733,0.0709600127426042,-0.0230684222285709
0.1237009478188784,0.0207928446439571,0.0817749590001057,-0.0191353409244899
0.1217731885609747,0.0201796712058876,0.0919197034149713,-0.0156587053797975
0.1192932547732483,0.019521558830812,0.1012630863558669,-0.0126016324889402
0.1162345885575093,0.0188148047134439,0.1096884869849529,-0.0099184048024124
0.1125706728713461,0.0180532520615319,0.1170959808208091,-0.0075567870817878
0.1082767512335791,0.0172284270109986,0.1234041189834175,-0.0054603921011865
0.10333157711467,0.0163297906847653,0.1285512916546015,-0.0035710110531266
0.0977191231931259,0.0153451040601218,0.1324966477806164,-0.0018308298513905
0.0914301858751472,0.0142609009681228,0.1352205537078175,-0.000184461329612
0.0844638270736575,0.0130630619928528,0.1367245849937478,0.001419265605505
0.0768286026208648,0.0117374791246064,0.137031057652866,0.0030258059284067
0.0685435344415033,0.0102707976623182,0.1361821170687175,0.0046737195510248
0.0596387915554676,0.0086512180491665,0.1342384141946035,0.006393830911068
0.0501560531173313,0.0068693361462889,0.1312774089662532,0.0082087301672798
0.040148535184599,0.004918996088005,0.1273913496400696,0.0101326056068824
0.0296806719476072,0.0027981255991779,0.1226849837478975,0.0121713848791379
0.0188274519401228,0.0005095198513558,0.1172730613603463,0.0143231526253758
0.0076734203660475,-0.0019384630012143,0.1112776943448032,0.0165788042933771
-0.0036886299557799,-0.0045313331063594,0.1048256363727734,0.0189228905436203
-0.0151592446886216,-0.0072480654644804,0.0980455477375532,0.0213346036457283
-0.0266341249454367,-0.0100608980963919,0.0910653067995863,0.0237888564428574
-0.0380061177793218,-0.0129353638145194,0.0840094263113698,0.0262574055334123
-0.0491673130899145,-0.0158305808503091,0.0769966282027753,0.0287099729230007
-0.0600111723010849,-0.0186998185556271,0.0701376248168728,0.031115324163717
-0.0704346096122458,-0.0214913432978986,0.0635331482256962,0.0334422655900946
-0.080339945698186,-0.0241495369239824,0.0572722622469466,0.0356605284272798
-0.0896366568755193,-0.026616266361423,0.0514309842358394,0.0377415131333143
-0.0982428501594434,-0.0288324687874544,0.0460712357538634,0.0396588732882964
-0.1060864062042183,-0.0307399031611269,0.041240132950426,0.0413889246769237
-0.1131057474545737,-0.0322830066729797,0.0369696191034301,0.0429108719802862
-0.1192502072452839,-0.0334107847082876,0.0332764334704691,0.0442068527383808
-0.1244799961326544,-0.0340786560672371,0.0301624026746886,0.0452618059468903
-0.1287657832859811,-0.0342501721306223,0.0276150335968362,0.0460631806884969
-0.1320879320395593,-0.0338985298981727,0.0256083804879905,0.0466005083216035
-0.1344354483865489,-0.0330078045963525,0.0241041540568607,0.0468648695813287
-0.1358047180025046,-0.0315738377885952,0.0230530368671225,0.0468482950090103
-0.1361981201610666,-0.0296047312353547,0.0223961676574224,0.046543142878718
-0.1356226146940143,-0.0271209144390774,0.0220667571977932,0.0459415026946359
-0.1340884002711702,-0.0241547738799595,0.0219917999013111,0.0450346739190736
-0.1316077383746796,-0.0207498531857205,0.0220938483419485,0.0438127685090226
-0.1281940274173268,-0.0169596545291149,0.0222928216664124,0.0422644819102132
-0.1238611958801478,-0.0128460910320006,0.0225078230966515,0.0403770703964833
-0.118623462864628,-0.0084776565899011,0.0226589457123764,0.0381365632632531
-0.1124954901559347,-0.0039273922373549,0.0226690489013704,0.035528226785057
-0.1054929231551544,0.0007292638243887,0.022465489771969,0.0325372835758604
-0.0976332904601598,0.0054166525222428,0.021981794086932,0.0291498766963229
-0.0889372051867373,0.0100610087242994,0.0211592497532625,0.0253542532334579
-0.0794297870818448,0.0145924336846893,0.01994840267508,0.0211421278391677
-0.0691422047644947,0.0189466551233215,0.0183104301747351,0.0165101735299332
-0.05811322351637,0.0230665188121777,0.0162183617635126,0.0114615755450477
-0.0463906371072211,0.0269031712457965,0.0136581115315486,0.0060075747963045
-0.0340324629457421,0.0304169093422001,0.0106292816746223,0.0001689209086192
-0.0211077886742686,0.0335776890591378,0.0071456935605355,-0.006022848534009
-0.007697174918552,0.0363652994040163,0.0032356020805622,-0.0125243858168254
0.0061074575423805,0.038769220891051,-0.0010584484833493,-0.019279847416672
0.0202034987310665,0.0407881976516447,-0.0056801627396425,-0.0262206164559637
0.0344788880462071,0.0424295599888862,-0.0105604523440163,-0.0332654931750069
0.048813895165858,0.0437083392610748,-0.0156188260883325,-0.0403213977019835
0.0630833837932332,0.0446462198246109,-0.0207652069925916,-0.0472846102458695
0.0771594675202864,0.0452703737046199,-0.025902151910838,-0.0540425516757678
0.0909144410198797,0.0456122230633386,-0.0309274280563433,-0.0604760830647529
0.1042238507791615,0.045706173743775,-0.0357368794716426,-0.0664622771927895
0.1169695590586549,0.0455883604565287,-0.0402274962551321,-0.0718775894605937
0.1290426534941651,0.045295440750237,-0.0443005818225437,-0.0766013315617817
0.1403460628514889,0.0448634708863203,-0.0478649001053006,-0.0805193300667226
0.1507967562858559,0.0443268921946368,-0.0508396766848676,-0.0835276352301299
0.1603274277728947,0.0437176514583323,-0.0531573264661769,-0.0855361341408263
0.1688875973336701,0.0430644734115524,-0.0547657862417056,-0.0864719178212748
0.1764440940443485,0.0423922976173731,-0.0556303435408665,-0.0862822547321743
0.18298092016847,0.041721885958888,-0.0557348731018573,-0.0849370335858744
0.1884985286487707,0.0410696009048838,-0.0550824181947093,-0.08243055618811
0.1930125754310499,0.0404473488221394,-0.0536950844051133,-0.0787825854971777
0.1965522318470533,0.0398626771401285,-0.0516132464885635,-0.074038584055231
0.1991581592761191,0.0393190093701988,-0.0488941023878757,-0.0682691118781017
0.2008802578743401,0.0388159980517629,-0.0456096402520557,-0.0615683889886856
0.2017753032791571,0.0383499728037543,-0.0418441121885647,-0.0540520640971529
0.2019045804292125,0.0379144588942955,-0.0376911307134581,-0.0458542655035619
0.2013316130303971,0.0375007411222233,-0.0332505190864053,-0.0371240412702544
0.2001200721340338,0.0370984482727366,-0.0286250541548886,-0.028021321458108
0.1983319293305158,0.0366961348458692,-0.0239172398297479,-0.0187125544487552
0.1960259007706278,0.036281838997707,-0.0192262413239768,-0.0093661811975967
0.1932562090434208,0.0358435984924221,-0.0146450957900311,-0.0001481152457222
0.1900716720578744,0.0353699097412793,-0.010258295375494,0.0087826075069717
0.1865151123810594,0.0348501185114283,-0.0061398156170039,0.0172778564271826
0.1826230675324656,0.0342747344503119,-0.0023516372155072,0.0252039759656042
0.178425771763754,0.0336356650468713,0.0010572157983953,0.0324447853840843
0.1739473728465043,0.032926367925177,0.0040511222882276,0.0389039229204717
0.1692063431446051,0.0321419233543937,0.0066078168388082,0.04450647809315
0.1642160424551527,0.031279031498564,0.0087178897086186,0.0491998858530369
0.1589853904138859,0.0303359411763902,0.0103838891599248,0.0529540856834755
0.1535196083312821,0.0293123187271856,0.0116190924073118,0.0557609762523738
0.1478209938292716,0.028209066971758,0.012446018721777,0.0576332207931885
0.1418896962887127,0.0270281052165363,0.0128947620252164,0.0586024792597517
0.1357244666116838,0.025772121787358,0.0130012208774491,0.0587171599698715
0.1293233608603621,0.0244443107191665,0.012805301393706,0.0580397956847349
0.1226843836377323,0.0230481040056079,0.012349163643375,0.056644156840308
0.1158060632689129,0.0215869102766245,0.011675574789839,0.0546122180914773
0.1086879565385154,0.0200638699809628,0.0108264229821928,0.0520310936952313
0.1013310855437356,0.0184816361703721,0.0098414351981864,0.0489900528459762
0.0937383127696825,0.0168421888857277,0.0087571303291731,0.0455777182017506
0.0859146624986173,0.0151466900055877,0.0076060263314863,0.0418795398244548
0.0778675969782496,0.013395384298964,0.0064161078411379,0.0379756229258513
0.0696072544223522,0.0115875513716977,0.0052105488782849,0.0339389715130948
0.0611466531221716,0.009721512229591,0.0040076747466556,0.0298341916648513
0.0525018621199522,0.0077946932913956,0.002821138472344,0.0257166782321079
0.0436921346003747,0.0058037498295149,0.001660280500306,0.0216322878547434
0.0347399960518717,0.00374474992674,0.0005306360655458,0.017617480052195
0.025671276017083,0.0016134190258328,-0.000565447339065,0.0136998876360648
0.0165150705003936,-0.0005945560802396,-0.0016281198854569,0.0098992587370981
0.007303622284409,-0.0028831665097536,-0.0026593024208643,0.0062286962978957
-0.0019278912452091,-0.0052556684287145,-0.003661955271627,0.0026961078716676
-0.0111416686933988,-0.0077141250567907,-0.0046393718851633,-0.0006942302182973
-0.0202976933076417,-0.0102589133489835,-0.0055945225155812,-0.0039400942615402
-0.0293542317949585,-0.0128882083519901,-0.0065294695128994,-0.0070398187691897
-0.0382684074016315,-0.015597461681181,-0.0074448725263016,-0.0099909785388718
-0.046996823759583,-0.0183788940712713,-0.0083395990853254,-0.0127893279728918
-0.0554962097364992,-0.0212210252628984,-0.0092104534009132,-0.0154280625875938
-0.0637240514125646,-0.0241082672881444,-0.0100520335105179,-0.0178974481880757
-0.0716391759879369,-0.0270206091701911,-0.0108567236871154,-0.0201848411500184
-0.0792022542840572,-0.0299334218133893,-0.0116148249651001,-0.0222750998317868
-0.0863761936079079,-0.0328174111145138,-0.012314821431016,-0.0241513635913858
-0.0931264008370209,-0.0356387448134524,-0.0129437734842371,-0.0257961534640825
-0.0994209060706568,-0.0383593741465925,-0.0134878217245727,-0.0271927284665447
-0.1052303492252372,-0.0409375649102559,-0.0139327768598279,-0.0283266148128057
-0.1105278444842285,-0.043328644172702,-0.0142647626770339,-0.0291872129694669
-0.115288749405054,-0.0454859588456372,-0.0144708715021484,-0.0297693801490601
-0.119490375612212,-0.047362031064027,-0.0145397855998472,-0.0300748840084493
-0.1231116853595592,-0.0489098834084152,-0.0144623145481838,-0.0301136271801199
-0.1261330220332807,-0.0500844951506271,-0.0142317985563975,-0.0299045517204582
-0.1285359223890007,-0.0508443397170177,-0.0138443315485468,-0.0294761472095544
-0.1303030538109654,-0.051152944285662,-0.0132987658689175,-0.0288665053846373
-0.1314183113472554,-0.0509804056763869,-0.0125964725628331,-0.0281228868627342
-0.1318670972603877,-0.0503047931609718,-0.0117408468392423,-0.0273007905013854
-0.1316367911942826,-0.0491133690424994,-0.0107365666451056,-0.0264625418816751
-0.1307174028954945,-0.047403562113909,-0.0095886320771348,-0.0256754428134786
-0.1291023829915031,-0.0451836374050861,-0.008301233200756,-0.0250095472116163
-0.1267895519254309,-0.0424730176538156,-0.0068765122025544,-0.0245351488436751
-0.1237820940225037,-0.0393022270736617,-0.0053133011426678,-0.0243200821928959
-0.1200895539067831,-0.0357124453622403,-0.0036059275025998,-0.0244269482067329
-0.1157287669324752,-0.0317546784219214,-0.001743185094762,-0.0249103815767304
-0.1107246544526917,-0.0274885707714527,0.0002924330939003,-0.0258144753732266
-0.105110818762075,-0.0229809019251845,0.0025251513125803,-0.0271704726666946
-0.0989298811831057,-0.0183038240144833,0.0049859023868474,-0.0289948238536685
-0.0922335194302487,-0.0135329097167236,0.0077118403780153,-0.0312876936559371
-0.0850821761904512,-0.0087450874922261,0.0107453469424197,-0.0340319842009061
-0.0775444286859057,-0.0040165448636818,0.014132533668096,-0.0371929212670988
-0.0696960275865989,0.0005793200227448,0.0179212747357893,-0.0407182306594046
-0.0616186317397178,0.0049738227727764,0.0221588364891873,-0.0445389115712659
-0.0533982815813352,0.0091047251767229,0.026889200746227,-0.0485705942987592
-0.0451236677656562,0.0129177184697544,0.0321502047603486,-0.0527154511884586
-0.0368842617080327,0.016367612783218,0.037970640601297,-0.0568646124431011
-0.0287683809038954,0.0194192018596947,0.0443674686206164,-0.0609010224763541
-0.0208612638816912,0.0220477861450547,0.0513433023120256,-0.0647026579655789
-0.013243227597754,0.0242393510531313,0.0588843145957388,-0.0681460157136071
-0.0059879743715254,0.025990409962247,0.066958698387119,-0.0711097671280978
0.0008388933141922,0.0273075329317062,0.0755157880556765,-0.0734784669449242
0.0071811029243428,0.0282065919451001,0.0844859145883682,-0.0751461972979002
0.0129926522906675,0.0287117615395551,0.093781028143861,-0.0760200250184702
0.0182384390622626,0.0288543198986026,0.1032960799126649,-0.0760231508120101
0.0228945711874037,0.0286712998634607,0.112911113734932,-0.0750976343009363
0.0269483629955874,0.028204041881402,0.1224939797271975,-0.0732065892571629
0.030398032785178,0.0274967017067721,0.1319035499149108,-0.070335758781998
0.0332521275410379,0.0265947647544014,0.1409932917202477,-0.0664944004715565
0.0355287082608848,0.02554361643962,0.1496150405528567,-0.0617154360588299
0.0372543352383377,0.0243872137066391,0.1576228082926198,-0.0560548475811307
0.0384628965243856,0.0231668973661275,0.1648764698743299,-0.0495903313908006
0.0391943247446834,0.0219203780013823,0.171245184433834,-0.0424192507080015
0.0394932476268801,0.0206809202869214,0.1766104288736815,-0.0346559552440731
0.0394076161697961,0.0194767418811161,0.1808685481600398,-0.0264285611299808
0.0389873515723144,0.0183306339505863,0.1839327559075385,-0.0178753046318754
0.0382830480639099,0.0172598012498085,0.1857345486482949,-0.0091405979451363
0.0373447638873165,0.0162759109338361,0.1862245256910653,-0.0003709241760723
0.0362209271331665,0.0153853313466571,0.1853726321500371,0.008289288663001
0.0349573771735899,0.0145895352959804,0.183167864543211,0.0167016779028945
0.0335965563363824,0.0138856371297705,0.1796174957927606,0.0247377122159049
0.0321768604394806,0.0132670295110574,0.1747458893828312,0.0322820974198993
0.0307321510846185,0.0127240842684488,0.1685929810313011,0.0392357220395824
0.0292914273813659,0.012244882072815,0.1612125108888536,0.0455180608676624
0.0278786501962507,0.0118159378191621,0.1526700904466371,0.05106897460915
0.026512708211579,0.0114228922254617,0.1430411864576124,0.055849864385198
0.0252075121021051,0.011051144953394,0.13240909964224,0.0598441608825217
0.0239722010107777,0.010686410101316,0.1208630090769752,0.0630571488552008
0.0228114441902504,0.0103151807797128,0.1084961442354077,0.0655151481831337
0.0217258200877096,0.009925095229434,0.0954041359535332,0.0672640924278806
0.0207122551621423,0.0095052022151421,0.0816835854636764,0.068367564390645
0.0197645051915505,0.009046127945062,0.0674308775191264,0.0689043650340658
0.0188736626079612,0.0085401503733078,0.0527412500519251,0.0689657066079937
0.0180286743598096,0.0079811893963721,0.0377081193967481,0.0686521321429243
0.0172168558426783,0.0073647232398303,0.0224226475480625,0.0680702708357898
0.0164243875018373,0.0066876424153129,0.0069735268529225,0.0673295415193705
0.0156367817872426,0.005948053237373,-0.0085530514562653,0.0665389138455306
0.0148393092793253,0.0051450432656154,-0.024073285014803,0.0658038288123062
0.0140173740902344,0.0042784213927328,-0.0395055483701109,0.0652233670362573
0.013156830194844,0.0033484457820099,-0.0547701266078953,0.0648877354034515
0.0122442322794387,0.0023555535225828,-0.0697889388150524,0.06487612158971
0.0112670171165037,0.0013001066640416,-0.0844852927202403,0.0652549429991002
0.01021361444215,0.000182170056434,-0.0987837075947647,0.0660764937930444
0.0090734898238337,-0.0009986630853225,-0.1126098374338013,0.0673779728498424
0.0078371259721032,-0.0022433820468135,-0.1258905210275979,0.0691808585927446
0.0064959531900185,-0.0035535910037704,-0.1385539800722208,0.0714905852339164
0.0050422438959031,-0.0049314500936685,-0.1505301810545344,0.0742964701830617
0.0034689900520354,-0.0063795156762076,-0.1617513711651741,0.0775718446013846
0.0017697854870775,-0.0079004749602546,-0.172152792667616,0.0812743480563166
-6.12628981127885e-05,-0.0094967760562878,-0.1816735736081403,0.0853463629253262
-0.0020295705884983,-0.0111701613488843,-0.190257785120348,0.0897155829142876
-0.004140034514124,-0.0129211194858028,-0.1978556465985914,0.0942957305796157
-0.0063968960910688,-0.0147482787580154,-0.2044248496363749,0.0989874585395674
-0.0088034941642908,-0.0166477716424625,-0.2099319600823776,0.1036794855224187
-0.0113619012673425,-0.0186126062218203,-0.2143538454160167,0.1082500291052192
-0.014072445724789,-0.0206320845416815,-0.2176790627624291,0.1125685999541542
-0.016933132325058,-0.0226913102534241,-0.2199091323905163,0.1164982162383221
-0.0199389849038609,-0.0247708277735212,-0.2210596137584174,0.1198980811095645
-0.0230813444100179,-0.0268464324592605,-0.2211608973910352,0.1226267410717239
-0.0263471650324359,-0.0288891859048797,-0.2202586272505233,0.124545709957306
-0.0297183579229813,-0.0308656625121668,-0.2184136756476303,0.1255235041811608
-0.0331712362239268,-0.0327384432555947,-0.2157016065537465,0.1254399927474432
-0.0366761159345012,-0.0344668604616408,-0.2122115832826233,0.1241909234559639
-0.0401971242815401,-0.0360079840080454,-0.2080447022023762,0.121692448464255
-0.0436922606008081,-0.037317825295617,-0.203311764131135,0.117885441387255
-0.0471137444654333,-0.0383527214262047,-0.1981305275958797,0.1127393777477399
-0.0504086723603629,-0.0390708490758294,-0.1926225210717575,0.1062555435573761
-0.0535199882822843,-0.0394338064479107,-0.186909522365532,0.098469345029688
-0.0563877561257268,-0.039408193270161,-0.1811098401731362,0.0894515168044525
-0.0589507036236582,-0.0389671138162494,-0.1753345534464169,0.0793080663399702
-0.0611479900534188,-0.0380915269900912,-0.1696838768446727,0.0681788468235031
-0.0629211340218885,-0.0367713709832405,-0.1642438240324756,0.0562347173833584
-0.0642160244780625,-0.0350063979998095,-0.1590833343319474,0.04367332380944
-0.0649849286099261,-0.0328066668107534,-0.1542520123065045,0.0307136108008131
-0.0651884052161242,-0.030192656879873,-0.1497786049387935,0.0175892528106038
-0.0647970320057447,-0.0271949865999699,-0.1456703084386564,0.0045412595299449
-0.063792860287856,-0.0238537386194856,-0.1419129581327571,-0.008189931135127
-0.0621705205638844,-0.0202174159741432,-0.1384721124698028,-0.0203725195059626
-0.0599379171952803,-0.0163415723384575,-0.1352949982826659,-0.0317911966214842
-0.0571164688286525,-0.0122871768050003,-0.132313241533117,-0.0422544110792516
-0.0537408725805843,-0.0081187869924848,-0.1294462682324652,-0.0516007025937702
-0.049858392858585,-0.0039026130798868,-0.1266052263108819,-0.0597037998736082
-0.0455276987376887,0.0002954409561853,-0.1236972528274929,-0.0664762440347702
-0.0408172956098491,0.0044116741591644,-0.1206298935872462,-0.0718713766122552
-0.035803616039816,0.0083863451550377,-0.1173154749659207,-0.0758836181244216
-0.0305688502446416,0.0121652207816873,-0.1136752309713183,-0.0785470533035036
-0.0251986074875774,0.0157008629514092,-0.10964300210196,-0.0799324266264722
-0.0197795054062529,0.0189536158004463,-0.1051683456018353,-0.0801427311173512
-0.0143967847215953,0.0218922718860729,-0.1002189278655422,-0.079307639783568
-0.0091320421149867,0.0244944125585803,-0.0947821071331481,-0.0775770788536769
-0.0040611648726951,0.0267464326661797,-0.0888656559568676,-0.0751142729020027
0.0007474619919864,0.028643272679966,-0.0824976157248103,-0.0720886031104609
0.0052344210018312,0.0301878916543405,-0.0757253172442757,-0.068668611854078
0.0093503618827874,0.031390521935884,-0.0686136396087942,-0.0650154612635763
0.0130567153021535,0.032267751214339,-0.061242612205486,-0.0612771131630692
0.0163260174954914,0.0328414795798956,-0.0537044901359211,-0.0575834462409273
0.0191418584292736,0.0331377990470096,-0.0461004504706938,-0.0540424672991008
0.0214984800351621,0.0331858409276063,-0.0385370652039526,-0.0507377108260357
0.0234000625938578,0.0330166329003839,-0.031122706704203,-0.047726858649726
0.0248597463306806,0.0326620030188041,-0.0239640336121003,-0.0450415523583815
0.0258984416630257,0.0321535625707941,-0.0171626906986849,-0.0426883182990968
0.0265434853857672,0.0315217939314317,-0.0108123366509856,-0.0406504804304716
0.0268272015499823,0.0307952635623266,-0.0049960907217608,-0.03889090160835
0.0267854250817411,0.0299999742904765,0.0002155357113523,-0.0373553698711198
0.0264560435148847,0.0291588650994039,0.0047661818920733,-0.0359764331940614
0.0258776077892995,0.0282914610251199,0.0086146383110775,-0.0346774836683103
0.0250880571087575,0.0274136704982901,0.0117353112477301,-0.0333768992942562
0.0241235955824586,0.0265377227324159,0.0141181771173557,-0.0319920672994118
0.0230177500366585,0.0256722336348078,0.0157682693008412,-0.030443135494649
0.0218006292613962,0.0248223853060863,0.0167047536169177,-0.0286563658261534
0.0204983953896828,0.0239902015691413,0.016959658701098,-0.0265669949850168
0.0191329484841408,0.0231749001798767,0.0165763343112891,-0.0241215387049207
0.0177218161597412,0.0223733014388577,0.0156077140904222,-0.0212795073173189
0.0162782316438669,0.0215802728275438,0.0141144597365252,-0.0180145285745405
0.0148113764888287,0.0207891899787759,0.0121630610704865,-0.0143148983572688
0.0133267585739213,0.0199923956665405,0.0098239614235065,-0.0101835997244352
0.0118266923393133,0.0191816404434581,0.0071697704342148,-0.005637845357863
0.010310846533152,0.018348490923659,0.0042736171747216,-0.0007082077664522
0.0087768251291201,0.0174846943500075,0.0012076860203157,0.0045625939769068
0.0072207493321569,0.0165824908432216,-0.0019580335958794,0.0101211819713655
0.0056378124399067,0.0156348674598408,-0.0051567638591976,0.0159052157166839
0.0040227843584424,0.0146357507560415,-0.0083257130859017,0.0218452360342696
0.0023704483064907,0.0135801368592316,-0.0114066097344657,0.0278666021607234
0.0006759581920655,0.0124641600178901,-0.0143460066688083,0.033891473915952
-0.001064889139776,0.0112851022057391,-0.0170953741635726,0.0398407966491843
-0.0028554674673774,0.0100413476231503,-0.0196110064814443,0.0456362513363588
-0.0046982169450861,0.0087322869388472,-0.0218537718691324,0.0512021355064791
-0.006594615060062,0.0073581769569908,-0.02378873965867,0.0564671426447473
-0.0085452133247808,0.0059199622050727,-0.0253847209840368,0.0613660086196906
-0.0105497285123923,0.0044190658391444,-0.0266137615379977,0.0658409939459294
-0.0126071760756434,0.0028571583502433,-0.0274506258044405,0.0698431708602578
-0.0147160325678939,0.0012359138760857,-0.027872312181837,0.0733334848205152
-0.0168744132262697,-0.0004432345452184,-0.0278576371177339,0.0762835616613894
-0.0190802502760794,-0.0021793277961378,-0.0273869234782356,0.0786762346932179
-0.021331456968275,-0.0039720870088179,-0.0264418235491248,0.0805057708046023
-0.0236260619736363,-0.0058220775589601,-0.0250053000591641,0.0817777812527205
-0.0259622987274695,-0.0077308141960955,-0.0230617793622152,0.08250881124133
-0.028338634902567,-0.0097007909828709,-0.0205974796008363,0.0827256123661753
-0.0307537286511563,-0.0117354210670602,-0.0176009037875736,0.0824641131616535
-0.0332063008242701,-0.013838874002538,-0.0140634740647542,0.081768114781166
-0.0356949161886748,-0.0160158024495796,-0.009980269966538,0.0806877506433735
-0.0382176717298268,-0.0182709555638319,-0.0053508214858892,0.0792777599613392
-0.0407717963146527,-0.0206086830257739,-0.0001798983473666,0.0775956347012809
-0.043353172994615,-0.0230323411306828,0.0055217688085103,0.0756997069803185
-0.0459558026239041,-0.0255436201992249,0.0117369007804746,0.0736472485745876
-0.0485712347132014,-0.0281418202426586,0.0184412773090978,0.0714926555643272
-0.0511879979442574,-0.030823108745744,0.0256035924688635,0.0692857888607337
-0.0537910679411184,-0.033579800046998,0.0331855972415476,0.0670705353303665
-0.0563614131896946,-0.0363996995915251,0.0411425513946307,0.0648836446000166
-0.0588756609785008,-0.0392655578967934,0.0494239871200369,0.0627538837987519
-0.0613059235990902,-0.042154678125289,0.0579747661701045,0.0607015371413939
-0.0636198206623416,-0.0450387175667934,0.0667363920020679,0.0587382602684373
-0.0657807263079546,-0.0478837171196511,0.0756485202014941,0.0568672816880793
-0.0677482605452572,-0.0506503841994873,0.0846505955112079,0.0550839266653826
-0.0694790323703241,-0.0532946437126964,0.0936835331742091,0.0533764236206706
-0.070927629212239,-0.055768459259918,0.1026913566858032,0.0517269405829942
-0.0720478333460603,-0.0580209131492,0.1116227037468784,0.0501127903474246
-0.0727940319361646,-0.0599995197656462,0.1204321171648459,0.0485077382820082
-0.0731227741556204,-0.0616517331039384,0.1290810472947449,0.0468833464621632
-0.0729944171867863,-0.062926596609254,0.1375385067243425,0.0452102918584707
-0.0723747936301962,-0.0637764726922543,0.1457813354568364,0.0434596042007012
-0.0712368266351951,-0.0641587811549559,0.1537940548639312,0.041603780114547
-0.0695620164875401,-0.0640376709656921,0.1615683101136079,0.0396177431742061
-0.0673417238348673,-0.0633855488788263,0.1691019225205077,0.0374796334916387
-0.0645781803605563,-0.0621843916240103,0.1763975942147954,0.0351714241962022
-0.0612851674279858,-0.0604267758487826,0.1834613265976432,0.0326793745407457
-0.0574883166314344,-0.0581165714532858,0.1903006302368757,0.0299943394584648
-0.0532250026568064,-0.0552692588667819,0.1969226162592346,0.0271119624790178
-0.0485438174821582,-0.0519118483532533,0.2033320671855033,0.0240327825625922
-0.0435036346525852,-0.0480823985313297,0.2095295880170195,0.020762285494511
-0.0381722919526589,-0.0438291507311442,0.215509935970528,0.0173109271579367
-0.0326249390610894,-0.0392093143148325,0.2212606196362184,0.0136941496874563
-0.0269421125771323,-0.0342875544454386,0.2267608458911955,0.009932402841257
-0.0212076132018757,-0.0291342469562075,0.2319808763393262,0.0060511727211054
-0.0155062681387622,-0.0238235741652092,0.2368818353377947,0.0020810091320233
-0.0099216655545836,-0.0184315402444382,0.2414159899787022,-0.0019424676300821
-0.0045339471579045,-0.0130339849951645,0.2455274999948223,-0.0059786089888051
0.0005822601232133,-0.0077046708648386,0.2491536137245306,-0.0099818647491245
0.0053597011919679,-0.0025135103385542,0.2522262661658308,-0.0139020337191489
0.009740078160704,0.0024750097414412,0.2546740177413206,-0.0176846782618179
0.0136753174812999,0.007203162883231,0.256424258398744,-0.0212717392116092
0.0171284871873681,0.0116210460869113,0.2574055915182106,-0.0246023799196405
0.0200743477399586,0.0156873542957108,0.2575503059441132,-0.0276140765481406
0.0224995345014796,0.0193698617225647,0.2567968422241601,-0.0302439566239895
0.0244023831615938,0.022645616926505,0.2550921605560263,-0.0324303701263406
0.0257924210576139,0.0255008680480284,0.2523939226395097,-0.0341146581887176
0.0266895570102452,0.0279307421934743,0.2486724071898662,-0.0352430652614575
0.0271230099374127,0.0299387085863064,0.2439120888725167,-0.0357687228847443
0.0271300221492703,0.0315358589152328,0.2381128224870528,-0.0356536186722087
0.0267544069906212,0.0327400405290622,0.2312905880056671,-0.0348704541799106
0.0260449825506084,0.0335748790173969,0.2234777672133587,-0.0334042912314219
0.0250539436738824,0.0340687265288256,0.214722938837259,-0.0312538887623827
0.0238352236293664,0.034253571127184,0.2050901957661929,-0.0284326415937837
0.0224428946369988,0.0341639407275743,0.1946580047438365,-0.0249690484276428
0.0209296531064522,0.0338358327875354,0.183517645177235,-0.0209066578974261
0.0193454309769036,0.0333056980126745,0.1717712787746879,-0.0163034673045182
0.017736169038433,0.03260950290361,0.1595297149203373,-0.0112307769437251
0.0161427816600232,0.0317818920532777,0.1469099473423655,-0.0057715316458656
0.0146003350807511,0.0308554667501066,0.1340325451689344,-1.820828243900529e-05
0.0131374535249809,0.0298601917357699,0.1210189854821097,0.0059296684221537
0.0117759591230922,0.0288229370268736,0.1079890147717025,0.011968280918941
0.0105307432553814,0.0277671566961634,0.0950581232840638,0.0179924315490175
0.0094098588260171,0.0267127016106036,0.0823352094123152,0.0238984942527562
0.0084148154692825,0.0256757585509237,0.0699205014510066,0.0295872878019147
0.0075410531352688,0.0246689041003867,0.0579037918703406,0.034966760528933
0.0067785642061147,0.023701258377565,0.0463630254842603,0.0399543892440666
0.006112630507803,0.0227787212432565,0.0353632682579582,0.0444792117780558
0.0055246394771903,0.0219042721207798,0.0249560687620315,0.0484834319947182
0.0049929433940915,0.0210783140498794,0.0151792100944867,0.0519235568205715
0.0044937269640803,0.0202990429976875,0.0060568370084039,0.054771045589998
0.0040018515052995,0.0195628246657661,-0.0024000685760876,0.0570124717482299
0.0034916483262627,0.0188645629040654,-0.0101929002387903,0.0586492148674338
0.0029376392857372,0.0181980461863171,-0.0173343722164435,0.0596967164357914
0.0023151686589845,0.0175562612239965,-0.0238472470344899,0.0601833456299107
0.0016009369307677,0.0169316655147532,-0.0297628991925039,0.0601489311312422
0.000773433623685,0.0163164132792288,-0.0351197700453593,0.0596430220098447
-0.0001867276032831,0.0157025317179094,-0.0399617686414503,0.0587229449005036
-0.0012965629036181,0.0150820467412844,-0.0443366710713908,0.0574517263354154
-0.0025705480567683,0.0144470592604956,-0.0482945669896638,0.0558959484084987
-0.0040205076263465,0.0137897747789572,-0.0518863965725047,0.05412360317279
-0.0056555449303725,0.0131024904332826,-0.0551626144804974,0.0522020065570544
-0.0074819937055987,0.0123775448430404,-0.0581720096589056,0.0501958263770843
-0.0095033732271685,0.0116072371902141,-0.0609607013279749,0.0481652714798639
-0.0117203309532327,0.0107837228937333,-0.0635713226184224,0.0461644805107584
-0.0141305603897421,0.0098988940869422,-0.0660423943502642,0.0442401396167433
-0.016728686625914,0.0089442538449294,-0.0684078828114552,0.0424303490383491
-0.0195061176179171,0.0079107937292637,-0.0706969274477678,0.040763749483224
-0.0224508654760699,0.0067888846930396,-0.0729337174943492,0.0392589108925031
-0.0255473483645799,0.0055681916840794,-0.0751374910961175,0.0379239791305251
-0.0287761897379062,0.0042376223616614,-0.0773226266636842,0.0367565705752594
-0.0321140370782282,0.0027853201685188,-0.0794987943199265,0.0357439007582378
-0.0355334266293204,0.0011987115448155,-0.0816711354653236,0.0348631311450039
-0.0390027234350558,-0.0005353836951449,-0.0838404407966199,0.0340819177465172
-0.0424861669327127,-0.0024305709107534,-0.0860033015160637,0.0333591462406582
-0.0459440511537306,-0.0045006216805103,-0.0881522148067472,0.0326458402561059
-0.0493330650903585,-0.0067591328262105,-0.09027563262817,0.0318862319128346
-0.0526068129730259,-0.0092191012831644,-0.0923579520717245,0.0310189860312641
-0.0557165262001063,-0.0118924156073353,-0.0943794553435174,0.0299785709876707
-0.0586119687612155,-0.0147892684190605,-0.0963162172362296,0.028696769400839
-0.0612425266492229,-0.0179174981927957,-0.0981400069636634,0.0271043201756139
-0.0635584595622427,-0.0212818734773715,-0.0998182186901526,0.0251326795791144
-0.0655122808737138,-0.0248833377659109,-0.1013138702595651,0.0227158829237518
-0.0670602202010341,-0.0287182386379505,-0.1025857118875917,0.0197924803232743
-0.0681637127742274,-0.0327775701850568,-0.1035884854717658,0.0163075104213617
-0.0687908520190032,-0.0370462627342267,-0.1042733704746983,0.0122144657682693
-0.0689177370611763,-0.0415025580597847,-0.1045886441011008,0.0074771936189188
-0.0685296458153718,-0.0461175111443192,-0.1044805720653811,0.002071667412288
-0.0676219673029984,-0.0508546606341107,-0.1038945322670643,-0.004012441877135
-0.0662008339400942,-0.0556699090047177,-0.1027763580409831,-0.0107704680057547
-0.0642834055240533,-0.0605116497741984,-0.1010738714032409,-0.0181817973893776
-0.0618977709957421,-0.0653211726811929,-0.0987385610533739,-0.0262093287084515
-0.0590824509423706,-0.0700333685668433,-0.0957273460079376,-0.0347993994636661
-0.0558855021999628,-0.0745777439530224,-0.092004354730938,-0.0438822195344937
-0.0523632446503235,-0.0788797414035171,-0.0875426424090931,-0.0533728326864104
-0.0485786482056348,-0.0828623463133472,-0.0823257662489095,-0.0631726049079053
-0.0445994339416886,-0.0864479446088445,-0.0763491406802542,-0.0731712146391265
-0.0404959564706585,-0.0895603799199465,-0.069621101116146,-0.0832490957946676
-0.0363389442896055,-0.0921271441567004,-0.0621636160660004,-0.0932802615463356
-0.0321971806565138,-0.0940816231488217,-0.0540126022341798,-0.1031354167248932
-0.0281352094892361,-0.0953653100866297,-0.045217814804574,-0.1126852508873558
-0.0242111490875479,-0.09592989477636,-0.0358423042889028,-0.1218037936667659
-0.0204746916084624,-0.0957391368003745,-0.0259614508969693,-0.1303717095156817
-0.0169653588099485,-0.0947704358575389,-0.0156616061848617,-0.13827941034208
-0.013711075326991,-0.093016022804438,-0.0050383886743029,-0.1454298713230471
-0.0107271103454246,-0.0904837098062643,0.0058053056799672,-0.1517410465893829
-0.0080154275729792,-0.0871971567602029,0.0167615065204374,-0.1571477966415468
-0.0055644722814804,-0.083195632685651,0.0277195069720282,-0.1616032575229244
-0.0033494131165353,-0.0785332737655619,0.0385682546514265,-0.1650796023849968
-0.0013328453560728,-0.0732778627276156,0.0491987147452702,-0.1675681687573244
0.0005340487869828,-0.0675091758244676,0.0595061282023838,-0.1690789492503918
0.0023098985886861,-0.0613169624798672,0.0693920951274077,-0.1696394690896481
0.0040611295756036,-0.0547986376143135,0.0787664228800014,-0.1692931000091304
0.0058595746394517,-0.0480567769717073,0.087548689579667,-0.1680968854242456
0.0077797644051609,-0.0411965110316077,0.0956694861093169,-0.1661189748773218
0.0098959628188953,-0.0343229132928615,0.1030713127602064,-0.1634357846955763
0.0122790266566454,-0.0275384742002555,0.109709119879668,-0.1601290148129844
0.0149931793673378,-0.0209407434053641,0.1155504948375262,-0.1562826572628
0.0180927995624525,-0.0146202112669995,0.1205755099254521,-0.1519801289948482
0.0216193317240845,-0.0086584864769348,0.1247762570789776,-0.1473016502821563
0.0255984305433745,-0.0031268114274479,0.1281561052084646,-0.142321970884874
0.0300374500471009,0.0019150586653157,0.1307287240956567,-0.1371085210809141
0.0349233838347434,0.0064196020180029,0.132516924929554,-0.1317200360954134
0.0402213531167962,0.0103519051290335,0.1335513713368849,-0.1262056731704765
0.0458737249353892,0.0136896819881082,0.1338692160037614,-0.1206046132761393
0.0517999244233696,0.0164229641599496,0.1335127165954772,-0.1149461165778391
0.057896982996984,0.0185534970271355,0.1325278807156565,-0.1092499837564114
0.0640408400151502,0.0200938841986365,0.1309631833258395,-0.1035273646668952
0.0700883898697758,0.0210665267432917,0.1288683917686615,-0.0977818511801861
0.0758802409228753,0.0215024065051895,0.1262935238628953,-0.09201079107016
0.0812441283074162,0.0214397633444102,0.1232879541565449,-0.0862067626171778
0.0859989003050876,0.0209227148046246,0.1198996730936769,-0.0803591532605386
0.0899589785259009,0.019999863576813,0.1161746943259623,-0.0744557886838231
0.0929391759375529,0.0187229334152835,0.1121565973571907,-0.0684845604683742
0.094759744235846,0.0171454681601054,0.1078861866823303,-0.0624350009360035
0.0952515132996995,0.0153216216051174,0.1034012449144965,-0.0562997535439059
0.0942609806641711,0.0133050585703892,0.0987363562063143,-0.0500758869985903
0.0916552081604604,0.011147980182068,0.0939227774682536,-0.0437660020876709
0.0873263861400354,0.0089002795198963,0.0889883381690154,-0.037379083076524
0.0811959329615906,0.0066088279017737,0.0839573544194504,-0.0309310512019212
0.0732180085214247,0.0043168874741318,0.0788505490391923,-0.0244449867967335
0.0633823353036211,0.0020636426656571,0.0736849757948028,-0.0179509989345799
0.051716238368594,-0.0001161585229314,0.0684739524143055,-0.0114857367461383
0.0382858364214419,-0.0021924626060919,0.0632270128305288,-0.0050915538271661
0.0231963390066102,-0.0041400763525966,0.0579498939856698,0.0011846448311781
0.0065914292282059,-0.0059387467780881,0.05264457614498,0.0072928266649941
-0.0113482636652983,-0.007573160033637,0.0473093978162793,0.0131814642716619
-0.0304075729340295,-0.009032862037297,0.041939266932072,0.0187993035506029
-0.050340032188216,-0.0103121024512904,0.0365259888616547,0.0240971864661288
-0.070871869630891,-0.0114096031956345,0.0310587290628023,0.0290298452185024
-0.0917066684515579,-0.0123282532557838,0.0255246237664508,0.0335575870106394
-0.112530589530361,-0.0130747330847047,0.0199095460544031,0.0376477953852507
-0.1330180431396596,-0.0136590742710007,0.0141990271303895,0.0412761845251646
-0.1528376908326843,-0.0140941630741297,0.0083793236667246,0.0444277560086717
-0.1716586566904312,-0.0143951995627313,0.0024386121040983,0.0470974222563296
-0.1891568278195414,-0.0145791270464219,-0.0036317199117685,0.0492902762759398
-0.2050211266416215,-0.0146640488949083,-0.0098357256192468,0.0510215023977386
-0.218959641340937,-0.0146686513814985,-0.01617154574466,0.0523159367617098
-0.2307055052256494,-0.0146116516578287,-0.0226301096339848,0.0532072988619178
-0.2400224202354135,-0.0145112892671524,-0.0291939578074376,0.0537371261822544
-0.2467097240848092,-0.0143848777609982,-0.0358362567458825,0.0539534527887474
-0.2506069044319272,-0.0142484301357782,-0.0425200769376896,0.0539092797439494
-0.2515974670260131,-0.0141163681797984,-0.0491980012022142,0.0536608905333677
-0.2496120681880607,-0.0140013217077607,-0.0558121217903044,0.053266068505661
-0.2446308255858121,-0.0139140193796714,-0.0622944717963875,0.0527822757308397
-0.2366847257272913,-0.0138632686671904,-0.0685679194081589,0.0522648536770326
-0.2258560528549986,-0.0138560188130756,-0.0745475332255057,0.0517653055940883
-0.2122777731820171,-0.0138974975296636,-0.0801424043615191,0.0513297182906715
-0.196131822113786,-0.013991409819244,-0.0852578875799098,0.0509973768969502
-0.1776462617939341,-0.0141401857067418,-0.0897982007276389,0.0507996200653909
-0.1570913032519462,-0.0143452628061897,-0.0936693005962709,0.050758974847986
-0.1347742219551482,-0.0146073893805817,-0.0967819353907943,0.0508886003331801
-0.111033236638384,-0.014926933736757,-0.0990547602976994,0.0511920573324064
-0.0862304664770446,-0.0153041862440208,-0.100417394051074,0.0516634084315262
-0.0607441275821617,-0.0157396408135814,-0.1008132914167429,0.0522876391572366
-0.0349601726032898,-0.0162342432037641,-0.1002023093577762,0.0530413775471739
-0.0092636131856484,-0.016789593965218,-0.0985628532186798,0.0538938768099058
0.0159702090538824,-0.0174080942317213,-0.0958935032097616,0.0548082147782856
0.0403841237748236,-0.0180930229979805,-0.0922140401978184,0.0557426552030992
0.0636471260436289,-0.0188485351777606,-0.0875658125348999,0.0566521101916605
0.0854615975325421,-0.019679570822404,-0.0820114114461537,0.0574896406798846
0.1055695152811005,-0.0205916676374101,-0.0756336502816835,0.0582079329321239
0.1237574460131978,-0.0215906715802395,-0.0685338715391377,0.0587606936508039
0.1398601705320913,-0.0226823440111643,-0.0608296337223222,0.0591039140668962
0.153762835764332,-0.0238718686551195,-0.0526518565007884,0.0591969638597215
0.1654015889371753,-0.0251632674428721,-0.0441415259518287,0.0590034882082725
0.1747627065212403,-0.0265587409212063,-0.0354460806356552,0.0584920948531479
0.1818802874569816,-0.0280579559999869,-0.0267156127616006,0.0576368318235837
0.1868326335285491,-0.0296573108562947,-0.0180990258816342,0.0564174695219032
0.1897374875131648,-0.0313492132630405,-0.009740290879555,0.0548196122564375
0.1907463400966437,-0.0331214138253458,-0.0017749354224255,0.0528346732483121
0.1900380478516803,-0.0349564389783239,0.0056731111075731,0.0504597529081425
0.1878120253380151,-0.0368311695823554,0.0124942140200991,0.0476974622731582
0.1842812833805778,-0.0387166091328994,0.0185951911354837,0.044555731649887
0.1796655820070947,-0.0405778807459374,0.0239008781750788,0.0410476387567252
0.1741849501175763,-0.0423744841654962,0.028355075053042,0.037191281365115
0.1680537951075689,-0.0440608332744321,0.0319208729089092,0.033009707289617
0.1614757855983937,-0.045587081410144,0.0345803859981355,0.0285309005775269
0.1546396413929143,-0.0469002268404834,0.0363339333538318,0.0237878081526728
0.1477159100613121,-0.0479454748672512,0.03719873162394,0.0188183773895553
0.1408547531383139,-0.0486678171498513,0.0372071723273472,0.0136655635826559
0.1341847108562995,-0.0490137740022212,0.0364047640738193,0.008377258377187
0.1278123663225005,-0.048933232634224,0.0348478235554015,0.0030060870405103
0.1218227910648744,-0.048381304535727,0.0326009991091702,-0.0023909753010919
0.1162806260774738,-0.0473201192474814,0.0297347082701286,-0.0077532104143043
0.1112316370886324,-0.0457204702287723,0.0263225668602535,-0.0130170153471912
0.1067045799119602,-0.0435632317529018,0.0224388825321726,-0.018117023245497
0.1027132205602244,-0.0408404737663315,0.018156280800156,-0.0229874763162686
0.0992583735249315,-0.0375562141358756,0.0135435266490086,-0.0275638181042362
0.0963298477151813,-0.033726764053483,0.0086635997117779,-0.0317844501844081
0.0939082199944236,-0.0293806416428316,0.0035720753857733,-0.0355925788274433
0.0919663879352442,-0.0245580498457295,-0.001684142427278,-0.0389380620359587
0.0904708834735314,-0.0193099361281997,-0.0070676996168688,-0.0417791581197451
0.0893829552515023,-0.0136966720466264,-0.0125512543934681,-0.0440840747291555
0.0886594479529632,-0.0077864089179642,-0.0181175103145136,-0.0458322224608855
0.0882535209975908,-0.0016531805767985,-0.0237588216762397,-0.0470150896157266
0.0881152564796153,0.004625165422105,-0.0294763909124155,-0.0476366736329257
0.0881922077186426,0.0109691213348014,-0.0352790967701323,-0.0477134288176239
0.088429936132019,0.0172996702830913,-0.0411820113200366,-0.0472737174661242
0.0887725764422104,0.023540352073363,-0.0472046818022314,-0.0463567803701285
0.0891634596796609,0.0296191697095907,-0.0533692682472125,-0.0450112708534524
0.0895458111912416,0.0354702745712893,-0.0596986381048949,-0.0432934219574503
0.0898635280131951,0.0410353825354578,-0.0662145233556752,-0.0412649373800161
0.0900620275659339,0.0462648887390152,-0.0729358427874024,-0.0389907118934059
0.0900891486760576,0.0511186640857027,-0.0798772819154201,-0.0365364952874263
0.0898960772754102,0.0555665310177525,-0.0870482057064103,-0.0339666149897556
0.0894382633160948,0.0595884287303887,-0.0944519558604564,-0.0313418665089779
0.0886762926643639,0.063174288399894,-0.1020855565758572,-0.0287176683238177
0.0875766778970559,0.0663236468922671,-0.1099398226333269,-0.0261425598264423
0.0861125347506146,0.0690450328431452,-0.1179998337436611,-0.0236570987781636
0.084264116093057,0.0713551621800901,-0.1262457118956214,-0.0212931900416092
0.082019182254194,0.0732779814629142,-0.1346536161864009,-0.0190738518128137
0.0793731948431523,0.0748435972773835,-0.1431968541313301,-0.0170134008712875
0.076329330237427,0.0760871287560915,-0.1518470009246886,-0.0151180160412167
0.0728983181330629,0.0770475184765308,-0.1605749190336682,-0.0133866204211368
0.0690981192473863,0.0777663347589797,-0.1693515795995634,-0.0118120089891302
0.06495346378718,0.0782865959028882,-0.1781486034877925,-0.0103821395599835
0.0604952779947924,0.0786516442048139,-0.1869384620511738,-0.0090815020075091
0.0557600294440616,0.0789040946588089,-0.1956943039921752,-0.0078924830337529
0.0507890224650176,0.0790848799698052,-0.204389403223854,-0.0067966510771111
0.0456276730764878,0.0792324098244069,-0.2129962514548029,-0.0057758974118775
0.0403247883160708,0.0793818582098129,-0.2214853466402806,-0.0048133840825864
0.0349318683467908,0.0795645879656503,-0.2298237529735146,-0.003894265876613
0.0295024418586749,0.079807716791828,-0.2379735285365879,-0.0030061708541701
0.0240914368703096,0.0801338237954313,-0.2458901321545829,-0.0021394408414555
0.0187545809326344,0.0805607905881735,-0.253520930698596,-0.0012871486685266
0.0135478178163729,0.0811017662375556,-0.2608039315544452,-0.0004449218861844
0.0085267228395562,0.0817652413387852,-0.2676668618710842,0.0003893874629748
0.0037458967285275,0.0825552133966549,-0.2740267063503172,0.0012161411448723
-0.0007416812662092,0.083471423815358,-0.2797897987637427,0.0020344126293722
-0.0048853562260833,0.0845096462326113,-0.2848525393682933,0.0028424970880384
-0.0086375645419558,0.0856620067396491,-0.2891027815470778,0.0036383902158922
-0.0119546636094761,0.0869173186224216,-0.2924218973242622,0.0044201994918195
-0.0147978116960577,0.0882614174531689,-0.2946874943147393,0.0051864603661151
-0.0171338738450576,0.0896774863745374,-0.2957767180112685,0.0059363399315973
-0.0189363189196476,0.0911463659026993,-0.2955700352712566,0.0066697210799537
-0.0201860641978723,0.0926468471468357,-0.2939553598544005,0.0073871701815968
-0.020872218391093,0.0941559516123268,-0.2908323513502916,0.0080898002560842
-0.0209926723566477,0.0956492043670541,-0.2861166971507101,0.008779048852218
-0.0205544895159418,0.0971009100042705,-0.2797441752424716,0.0094563950249369
-0.0195740550563418,0.0984844423067045,-0.2716742949476062,0.010123042654639
-0.0180769539628492,0.0997725586690504,-0.261893324018533,0.0107795978676052
-0.016097561989712,0.1009377491329588,-0.2504165335675769,0.011425766628608
-0.0136783497220255,0.1019526273953007,-0.237289526153878,0.0120600949919088
-0.0108689165548827,0.1027903675281265,-0.2225885551109745,0.0126797694441532
-0.0077247873131496,0.1034251856427989,-0.2064197923059768,0.013280488768057
-0.0043060179985512,0.1038328606562702,-0.1889175538873385,0.0138564124560401
-0.0006756676454738,0.1039912830424793,-0.1702415458421426,0.0144001844582637
0.0031018003151702,0.1038810153784507,-0.1505732399883988,0.0149030254582091
0.006962121847257,0.1034858440376401,-0.1301115332900002,0.0153548823381575
0.0108427784332711,0.1027932979454755,-0.1090678765340102,0.0157446203127215
0.0146844292296881,0.1017951082570748,-0.0876610805924507,0.01606024151933
0.0184321826911239,0.1004875824372032,-0.0661120186753305,0.0162891136694803
0.0220366730281859,0.0988718677100987,-0.0446384410070185,0.0164181935659617
0.0254549198481993,0.0969540822703458,-0.023450104883378,0.0164342326584427
0.0286509622435703,0.0947452979336482,-0.0027443994631624,0.0163239550520861
0.0315962704117495,0.0922613648376877,0.0172973871546841,0.0160742021778139
0.0342699477575052,0.0895225770107058,0.0365130487045482,0.0156720423583422
0.0366587437183632,0.0865531866063555,0.0547616205902072,0.0151048474740643
0.0387569019138568,0.0833807837447289,0.0719246919504099,0.0143603426124742
0.0405658695831554,0.0800355675174215,0.0879068836024768,0.0134266377971125
0.0420938928678524,0.0765495411080043,0.1026355424494619,0.0122922535107669
0.0433555188046986,0.0729556694916949,0.1160597346391349,0.0109461536636851
0.0443710196032453,0.0692870412586382,0.1281486449817144,0.0093778008431846
0.0451657486940147,0.0655760763645804,0.1388895080832208,0.0075772490538857
0.045769431972641,0.0618538188678597,0.1482852070130619,0.005535288647046
0.0462153924233338,0.0581493480166653,0.1563516782224082,0.0032436566608126
0.0465397025641646,0.0544893327084549,0.1631152573876176,0.0006953232691969
0.0467802574406802,0.0508977438963139,0.1686100907275358,-0.0021151385907181
0.0469757615422176,0.04739572771362,0.172875721246382,-0.0051910980822743
0.0471646261798352,0.0440016298298627,0.1759549405631372,-0.008533329269653
0.0473837795143326,0.0407311498193191,0.1778919758554291,-0.0121394019447148
0.0476673993379682,0.0375975941036003,0.1787310593026577,-0.0160030177892806
0.0480455884814295,0.0346121882201996,0.1785154054813829,-0.0201133165727486
0.0485430237244488,0.0317844045117757,0.1772866014750537,-0.0244541841481428
0.0491776205168449,0.0291222603312246,0.1750843957839804,-0.029003600186032
0.0499592666733659,0.0266325447337975,0.1719468559532257,-0.0337330682981816
0.0508886873922193,0.0243209382805882,0.1679108514036429,-0.0386071739058443
0.0519565103569022,0.0221920005901412,0.1630128072615066,-0.0435833154412094
0.0531426022968469,0.0202490129349958,0.1572896668848344,-0.0486116519110155
0.0544157463727919,0.0184936775297089,0.1507799950528868,-0.0536353043503728
0.0557337225637529,0.0169256900627554,0.1435251502029857,-0.0585908403015738
0.0570438406609432,0.0155422162668805,0.1355704525291574,-0.0634090594187313
0.0582839577115538,0.0143373156955081,0.126966275181502,-0.0680160850698802
0.0593839894134183,0.013301365288833,0.1177689883305051,-0.0723347520027282
0.0602678990806452,0.0124205408985544,0.1080416906962833,-0.0762862645201048
0.0608561198216924,0.0116764161142198,0.0978546705417222,-0.079792084038506
0.0610683372616688,0.0110457342613053,0.087285548298748,-0.0827759902908055
0.0608265334830209,0.010500401451892,0.076419066013284,-0.0851662476916361
0.0600581699177221,0.0100077365497826,0.0653465045271048,-0.086897798362165
0.0586993696682096,0.0095309986664822,0.0541647273756163,-0.0879143967479081
0.0566979498238869,0.0090301953854017,0.0429748700853186,-0.0881705982308563
0.0540161529310911,0.0084631565324689,0.0318807139182956,-0.0876335159921949
0.0506329343883817,0.0077868402474134,0.0209868028906725,-0.0862842667234428
0.0465456790078604,0.0069588215998537,0.0103963806761886,-0.0841190364267871
0.0417712444680985,0.005938900149015,0.0002092383413503,-0.0811497120181727
0.0363462604685394,0.0046907525722337,-0.0094804265975334,-0.0774040420159376
0.0303266482320946,0.0031835504309703,-0.0185860356251336,-0.0729253093129639
0.0237863634734127,0.0013934616554587,-0.0270304378639848,-0.0677715197830771
0.0168154048135713,-0.0006950425404583,-0.0347474101131567,-0.0620141310720248
0.0095171666577262,-0.0030881460934254,-0.0416827723367038,-0.0557363651882991
0.0020052486791382,-0.0057819712581474,-0.0477950638356479,-0.0490311653647023
-0.0056001386197619,-0.008762231312758,-0.0530557504600832,-0.0419988712264544
-0.0131760129551132,-0.0120042806889752,-0.0574489605168474,-0.0347446959509775
-0.0206005336391571,-0.0154735720983454,-0.060970774558738,-0.0273760945064296
-0.0277568178269433,-0.0191265114830976,-0.0636281200432972,-0.0200001131800869
-0.0345364969490485,-0.0229116833991894,-0.0654373441057318,-0.0127208077051915
-0.0408428686916798,-0.0267714026180187,-0.0664225548687117,-0.005636810855133
-0.0465935256699379,-0.0306435330808316,-0.0666138326813327,0.0011608789394508
-0.0517223732914009,-0.0344635034890238,-0.0660454168095607,0.0075908278202092
-0.0561809836982058,-0.0381664402430584,-0.0647539703247225,0.013582768204012
-0.0599392675470787,-0.0416893334648416,-0.0627770167610579,0.0190788379476906
-0.0629854784311062,-0.0449731505927425,-0.0601516275472986,0.0240344363042858
-0.0653255941116185,-0.047964814493349,-0.0569134206394554,0.0284186888284526
-0.0669821431171261,-0.0506189689952156,-0.0530959097705085,0.0322145253504894
-0.067992563932928,-0.0528994638765185,-0.0487302218838166,0.0354183860110182
-0.0684071966585838,-0.054780503166825,-0.0438451790783105,0.0380395800113231
-0.0682870136931972,-0.0562474145939352,-0.0384677219389094,0.0400993301346586
-0.0677011970026821,-0.0572970134934211,-0.0326236342878178,0.041629543209727
-0.0667246652720398,-0.0579375508335311,-0.0263385156487582,0.0426713524993748
-0.0654356452747791,-0.058188251510456,-0.0196389372263643,0.0432734824696974
-0.0639133687023055,-0.0580784650725863,-0.012553709897631,0.043490489470547
-0.0622359592991544,-0.057646465911437,-0.0051151884043034,0.043380933466282
-0.0604785566374613,-0.0569379531425727,0.0026394656000453,0.0430055360220449
-0.0587117038023217,-0.0560043113920378,0.0106671379872301,0.0424253782204173
-0.0570000083327903,-0.0549007020837754,0.0189178070861319,0.0417001890436244
-0.0554010704433825,-0.0536840602701623,0.0273338466459436,0.0408867700623231
-0.0539646609003962,-0.0524110743546374,0.0358496468424413,0.0400375961587427
-0.0527321235506883,-0.0511362251461724,0.0443916037452103,0.0391996246971059
-0.0517359745421837,-0.0499099566263443,0.0528785158933444,0.0384133373320693
-0.0509996714166423,-0.0487770438163094,0.0612224125332535,0.0377120298754143
-0.050537529747289,-0.047775213563294,0.0693298215746155,0.0371213567230426
-0.0503547717513271,-0.0469340624132438,0.077103466530662,0.0366591276871659
-0.0504476990411144,-0.0462743025894224,0.0844443610234447,0.0363353470649033
-0.0508039890483781,-0.0458073531156665,0.0912542475695801,0.036152477733393
-0.0514031204386021,-0.045535278994235,0.0974383053440593,0.0361059072474435
-0.052216936081977,-0.0454510677383142,0.1029080307430229,0.0361845884904034
-0.053210352336099,-0.0455392200680246,0.1075841762944652,0.0363718244503291
-0.0543422204971276,-0.0457766206997934,0.1113996192806803,0.0366461651179788
-0.0555663407363058,-0.046133646254141,0.1143020226804849,0.036982384200286
-0.0568326214166276,-0.0465754605974769,0.1162561488007934,0.0373525041180422
-0.0580883682302374,-0.0470634435057779,0.1172456910192054,0.0377268393752288
-0.0592796788980392,-0.047556696361242,0.117274501840675,0.0380750306011344
-0.0603529109236966,-0.0480135685456177,0.1163671160769441,0.0383670441374717
-0.0612561827250728,-0.0483931500961798,0.1145684960975177,0.0385741147688922
-0.0619408629405661,-0.0486566798376224,0.1119429610138358,0.0386696119289474
-0.0623629992817823,-0.0487688233908883,0.1085723020246729,0.0386298123712336
-0.0624846372894683,-0.0486987819926355,0.1045531300782579,0.038434564856122
-0.0622749808946258,-0.0484212007418456,0.0999935470992364,0.0380678348982408
-0.0617113507626167,-0.0479168535093838,0.0950092755133288,0.03751812011725
-0.0607799028022817,-0.0471730910469316,0.0897194197007223,0.0367787293211965
-0.0594760776081663,-0.0461840484972723,0.0842420643500348,0.0358479212095731
-0.0578047615252339,-0.0449506181487494,0.0786899357235381,0.0347289015659017
-0.0557801509699454,-0.0434802024313512,0.0731663602546919,0.033429681026998
-0.0534253230590721,-0.0417862703090696,0.0677617489555488,0.0319627989274581
-0.0507715269280737,-0.039887746867673,0.0625508148682364,0.0303449222338793
-0.0478572208181312,-0.0378082705725481,0.0575906941899872,0.0285963320732248
-0.0447268895552451,-0.0355753550484579,0.0529200905677856,0.0267403136648013
-0.0414296849589491,-0.0332194921713079,0.0485594981851114,0.0248024684164147
-0.0380179376055148,-0.0307732308586906,0.0445124856764032,0.0228099693834812
-0.0345455919754511,-0.0282702615664055,0.0407679442910276,0.0207907830867589
-0.031066618294475,-0.0257445307766644,0.03730312666338,0.0187728817581038
