31_67,31_36
1.0,0.0
0.002434205358916,-0.0112300920610473
-0.0005379088669157,-0.010367791538132
-0.0034896333601578,-0.0095544487557696
-0.0064003763967239,-0.0088330921911133
-0.0092501159303909,-0.0082444161362274
-0.0120197192847813,-0.0078256254717342
-0.0146912461850534,-0.0076093587516975
-0.0172482282225228,-0.0076227205588917
-0.0196759183130952,-0.0078864532542589
-0.0219615044421903,-0.0084142762675177
-0.0240942829686579,-0.0092124177972582
-0.0260657879379744,-0.0102793591696393
-0.0278698741552813,-0.0116058062233615
-0.0295027531020698,-0.0131748951266692
-0.0309629820555572,-0.0149626322537863
-0.0322514079062106,-0.0169385594765162
-0.0333710681059307,-0.0190666278239358
-0.03432705188594,-0.0213062543142799
-0.0351263253631862,-0.0236135292594819
-0.0357775244430881,-0.0259425348616673
-0.0362907195824484,-0.0282467308045444
-0.0366771565662409,-0.0304803590813407
-0.0369489775423347,-0.0325998187188779
-0.0371189267069283,-0.0345649614981969
-0.0372000452804871,-0.0363402622830368
-0.0372053607744586,-0.0378958220870931
-0.0371475760127073,-0.0392081683662299
-0.0370387639072937,-0.0402608249344357
-0.0368900745490142,-0.0410446330037171
-0.0367114617008277,-0.041557814701897
-0.0365114362123144,-0.0418057805541141
-0.0362968541396967,-0.0418006923448532
-0.0360727473951039,-0.0415608020559759
-0.035842204501456,-0.0411095958051348
-0.0356063084417142,-0.0404747785671614
-0.0353641376152052,-0.0396871407188397
-0.0351128345083334,-0.0387793509705382
-0.0348477448232694,-0.0377847219894224
-0.0345626274787097,-0.0367359950034607
-0.0342499331276145,-0.0356641879839417
-0.0339011456988742,-0.0345975487584644
-0.0335071780870439,-0.0335606497562879
-0.0330588096660005,-0.0325736552028589
-0.0325471500174555,-0.0316517846464864
-0.0319641104070871,-0.0308049889244818
-0.0313028623853189,-0.0300378462929271
-0.0305582616970034,-0.0293496777212746
-0.029727215669548,-0.0287348715948189
-0.0288089735532666,-0.0281833996151532
-0.027805321955256,-0.0276814979089355
-0.0267206714728557,-0.0272124806269837
-0.0255620257148303,-0.0267576480030876
-0.0243388298130432,-0.0262972472652144
-0.0230627019074369,-0.0258114431946159
-0.0217470575143453,-0.0252812556462289
-0.0204066427270708,-0.024689423980036
-0.0190569974300078,-0.0240211629684065
-0.0177138737679669,-0.0232647810624669
-0.0163926377212274,-0.0224121395281044
-0.0151076826241608,-0.0214589394209805
-0.0138718827811126,-0.0204048321355854
-0.0126961130477691,-0.0192533578082299
-0.011588856541125,-0.0180117236891741
-0.0105559177928543,-0.0166904413126082
-0.0096002530160773,-0.0153028465779748
-0.0087219231010612,-0.0138645305265188
-0.0079181688847313,-0.0123927105904484
-0.0071836025184684,-0.0109055724595235
-0.006510503699633,-0.0094216115982717
-0.0058892053717003,-0.00795900107838
-0.0053085503896055,-0.0065350090366686
-0.0047563986582542,-0.0051654850212024
-0.0042201633663951,-0.0038644300296709
-0.0036873550643589,-0.0026436604289926
-0.0031461133260871,-0.0015125713891861
-0.0025857074158886,-0.0004780011459476
-0.0019969895651867,0.0004558065337711
-0.0013727869861125,0.0012871477668875
-0.0007082214678637,0.0020167208413349
-9.482144039340606e-07,0.0026474166838529
0.0007486915783722,0.003184050522884
0.0015376070751118,0.0036330488474174
0.0023599829388459,0.0040021062345779
0.0032073903250315,0.0042998264972047
0.0040689780685533,0.0045353619269021
0.004931735764919,0.004718063237024
0.005780817990111,0.0048571512220488
0.0065999167389706,0.0049614192398282
0.0073716674278628,0.0050389734991364
0.008078072650169,0.0050970159138171
0.0087009274283633,0.005141672088826
0.0092222300802637,0.0051778649532147
0.0096245640687157,0.0052092327589467
0.0098914383296437,0.0052380887072635
0.0100075764968773,0.0052654184003076
0.009959149014084,0.0052909106659693
0.0097339461276774,0.0053130170563985
0.0093214939160418,0.0053290354306139
0.0087131195169332,0.0053352134249866
0.007901975239379,0.0053268681969202
0.0068830339752433,0.0052985194940407
0.0056530699866066,0.0052440337578964
0.0042106395347901,0.0051567775403895
0.0025560748256089,0.0050297789409767
0.0006915023744548,0.0048558960379803
-0.0013791067372005,0.0046279913878584
-0.0036498518998222,0.0043391116222062
-0.0061127858327795,0.0039826710182848
-0.0087577733694645,0.0035526376957381
-0.0115723396186396,0.0030437208363208
-0.0145415255348404,0.0024515570575091
-0.0176477722808638,0.0017728937991667
-0.020870857472108,0.0010057672932415
-0.0241879061601403,0.0001496723581547
-0.0275734970947725,-0.0007942791321045
-0.0309998804270242,-0.0018232147279966
-0.0344373167893075,-0.0029323770172467
-0.0378545399982237,-0.0041150231793415
-0.041219337002473,-0.0053623539298986
-0.0444992297854304,-0.0066634778752232
-0.0476622354317187,-0.0080054176973736
-0.0506776731897258,-0.0093731647008879
-0.0535169817660318,-0.0107497879591714
-0.0561545068197629,-0.0121166035040749
-0.0585682180659222,-0.013453407640312
-0.0607403177223081,-0.014738776514241
-0.0626577071925256,-0.0159504315546176
-0.0643122865841587,-0.0170656674201781
-0.0657010714168337,-0.0180618357797699
-0.0668261219973733,-0.0189168748038792
-0.0676942926113042,-0.0196098708797658
-0.0683168190092142,-0.0201216360084895
-0.0687087727542722,-0.0204352818328177
-0.0688884190120117,-0.0205367694947007
-0.0688765196107532,-0.0204154137083088
-0.0686956251858307,-0.0200643196867154
-0.0683693986987084,-0.0194807329413547
-0.0679220076349178,-0.018666284477338
-0.0673776140749729,-0.0176271174542461
-0.0667599812328414,-0.0163738858161497
-0.0660922028536233,-0.0149216204913677
-0.0653965491323557,-0.0132894642387917
-0.0646944107371197,-0.0115002817526147
-0.0640063122633449,-0.0095801568992035
-0.0633519590617437,-0.0075577936344312
-0.0627502776848331,-0.0054638409654847
-0.0622194106703786,-0.0033301650687024
-0.0617766311065243,-0.0011890932221639
-0.061438151051222,0.0009273454860098
-0.0612188096379903,0.0029881586075215
-0.0611316404696644,0.0049640858312594
-0.0611873323213512,0.0068282322227557
-0.061393610788995,0.0085566232938355
-0.061754579942618,0.0101286696898073
-0.0622700711095316,0.0115275330147317
-0.062935049820076,0.0127403878501977
-0.0637391313499165,0.0137585781888017
-0.0646662503314879,0.0145776692026606
-0.065694521183373,0.015197397477575
-0.0667963145885771,0.0156215246115537
-0.067938562143234,0.0158576005033386
-0.0690832878729259,0.0159166438743382
-0.0701883527616449,0.0158127487086187
-0.0712083877143164,0.0155626264635834
-0.0720958821045884,0.0151850951512535
-0.0728023895019115,0.0147005277091126
-0.0732798092297946,0.0141302734035902
-0.0734817017020363,0.0134960672214498
-0.07336459646283,0.0128194431535993
-0.0728892539182545,0.0121211677995171
-0.072021844360622,0.0114207106699941
-0.0707350106885969,0.0107357668318356
-0.0690087840663778,0.0100818460712737
-0.0668313247133159,0.0094719405762542
-0.0641994633125019,0.0089162803470999
-0.0611190225086182,0.0084221822958383
-0.0576049029648102,0.0079939954809414
-0.0536809246984273,0.007633141354854
-0.0493794219687827,0.0073382444759038
-0.0447405986711366,0.0071053460248479
-0.039811660590056,0.0069281897977068
-0.0346457503733849,0.0067985681991681
-0.0293007199701972,0.006706714164659
-0.0238377827680081,0.0066417238858086
-0.0183200930765654,0.0065919946735687
-0.012811303415691,0.0065456622316174
-0.0073741499884015,0.0064910220036826
-0.0020691137506981,0.0064169200896522
0.0030468010997184,0.0063131004986025
0.0079211370788672,0.0061704972337479
0.0125068767539156,0.0059814618957949
0.0167631440624047,0.0057399201430019
0.0206557076617947,0.0054414534235896
0.0241572888893365,0.0050833058212229
0.0272476839959471,0.0046643194985585
0.0299137156484542,0.0041848059073196
0.0321490322141186,0.0036463634333185
0.0339537752275623,0.0030516552140933
0.0353341360631177,0.0024041632574837
0.0363018226863911,0.0017079364781669
0.0368734569620848,0.0009673506803825
0.0370699228162069,0.0001868977414443
0.0369156859112057,-0.000628980731083
0.0364381065069506,-0.0014760031141996
0.0356667687267086,-0.002350092788938
0.0346328511726961,-0.0032473551953885
0.0333685651978575,-0.0041639888374624
0.031906687479412,-0.0050961373529403
0.0302802121786095,-0.0060396946066925
0.0285221443305319,-0.0069900788902422
0.026665449813338,-0.0079419954070919
0.0247431682138701,-0.0088892080480881
0.0227886833948085,-0.0098243418592157
0.020836133193233,-0.0107387365166227
0.0189209253823449,-0.0116223685907914
0.0170803129975695,-0.0124638565418059
0.0153539696964169,-0.0132505574702928
0.0137844963317362,-0.0139687589618364
0.0124177845892182,-0.0146039632731935
0.0113031633362836,-0.0151412550182508
0.0104932588548426,-0.0155657378319295
0.0100435115603435,-0.0158630206155558
0.0100113088598785,-0.0160197302460101
0.0104547157312286,-0.0160240253367419
0.0114308102499533,-0.0158660849453418
0.0129936591408613,-0.0155385470872975
0.0151919967217111,-0.0150368744730012
0.0180666974450177,-0.0143596288485799
0.0216481557205044,-0.0135086403963726
0.0259537050193134,-0.0124890644589154
0.0309852198563724,-0.0113093239599157
0.036727047896891,-0.0099809418617205
0.0431444143550151,-0.0085182734021418
0.0501824267859116,-0.0069381523396414
0.0577657856316207,-0.0052594687472372
0.0657992753773925,-0.0035026978929558
0.0741690743951152,-0.0016894004140244
0.0827448804867029,0.0001582865649094
0.0913828061810836,0.0020181493062754
0.0999289556178559,0.0038683726206128
0.1082235560686498,0.0056879774460266
0.1161054843685732,0.0074572110137107
0.1234170039811036,0.0091578827526069
0.130008513804432,0.0107736418294736
0.13574310618434,0.0122901945963243
0.1405007392125491,0.0136954621673011
0.1441818467624196,0.0149796798730413
0.1467102376052328,0.0161354414895926
0.1480351704824795,0.0171576919856893
0.1481325328301932,0.0180436731593761
0.1470050943306623,0.0187928270149312
0.1446818499082467,0.0194066621129209
0.1412165076306668,0.0198885884306814
0.1366852129853059,0.0202437264921216
0.1311836303937754,0.0204786966405243
0.1248235243840262,0.0206013943040945
0.1177289959302234,0.0206207569134059
0.110032534055789,0.0205465277602069
0.1018710393656677,0.0203890215498263
0.0933819656604569,0.0201588957327461
0.0846997094420104,0.0198669309650727
0.0759523564034995,0.0195238233160775
0.0672588704448487,0.019139990189162
0.0587267858754038,0.0187253914167399
0.0504504386406068,0.0182893666756647
0.042509748817003,0.0178404902642772
0.0349695451903243,0.0173864443654524
0.0278794041280296,0.0169339121372446
0.0212739595828403,0.0164884922410686
0.0151736290854125,0.0160546366392416
0.0095856919781156,0.0156356135713928
0.0045056507399745,0.015233497467468
-8.11962099348025e-05,0.0148491871120805
-0.0041980416870955,0.0144824526126476
-0.0078747859142609,0.0141320106562693
-0.0111462463286488,0.0137956262274313
-0.0140504196474737,0.0134702375017988
-0.0166268474844468,0.0131520991634829
-0.0189151284714028,0.0128369380656086
-0.020953610813648,0.0125201141225708
-0.0227782898288969,0.0121967787316536
-0.0244219256372311,0.0118620229887118
-0.0259133871398852,0.0115110085608873
-0.0272772200878044,0.0111390753261803
-0.0285334296878961,0.0107418217380151
-0.0296974620388189,0.0103151562088995
-0.0307803638459206,0.0098553204550551
-0.0317890963497725,0.0093588884781973
-0.032726977128297,0.0088227474263667
-0.0335942222315206,0.008244068712423
-0.0343885607654591,0.0076202792368373
-0.0351058943346685,0.0069490431669377
-0.0357409744887755,0.0062282643426985
-0.0362880723649589,0.0054561179716423
-0.0367416160256923,0.004631117902294
-0.0370967725959899,0.0037522225834988
-0.0373499543164465,0.0028189790674299
-0.0374992301968118,0.0018317004037028
-0.0375446282257025,0.000791667844487
-0.0374883171636196,-0.0002986542168558
-0.0373346618305078,-0.0014354054034297
-0.0370901513944532,-0.0026131351938137
-0.0367632062526957,-0.0038246446165695
-0.0363638753396493,-0.005060880322781
-0.0359034416896082,-0.0063108956906762
-0.0353939593751636,-0.0075618906476213
-0.0348477490935577,-0.0087993380187493
-0.0342768822956686,-0.0100071996745952
-0.0336926845607453,-0.0111682308297614
-0.0331052877638316,-0.0122643658310461
-0.0325232574638289,-0.0132771739552954
-0.0319533170157666,-0.0141883693891615
-0.031400183485407,-0.0149803559346115
-0.0308665229483589,-0.0156367842899101
-0.0303530247132228,-0.0161430981659272
-0.0298585859935221,-0.0164870451290708
-0.0293805911456086,-0.0166591289709097
-0.0289152633287231,-0.0166529825774539
-0.0284580617874569,-0.0164656436197571
-0.0280040952477156,-0.0160977197477461
-0.0275485213523405,-0.0155534351063786
-0.0270869036794541,-0.0148405556129447
-0.0266155015608977,-0.0139701961977782
-0.0261314733718363,-0.0129565187579306
-0.0256329807833941,-0.0118163345538568
-0.0251191891421238,-0.0105686288828884
-0.0245901670845998,-0.0092340288470124
-0.0240466961167514,-0.0078342367402505
-0.0234900076186611,-0.0063914519591377
-0.0229214700833954,-0.0049278034430148
-0.0223422529855393,-0.0034648126324742
-0.0217529952686382,-0.0020229040234214
-0.0211535059627044,-0.0006209768670574
-0.0205425219665905,0.0007239522819217
-0.0199175437717878,0.0019970303477472
-0.0192747642100438,0.0031857696857131
-0.0186090986253715,0.0042801722829117
-0.0179143177104935,0.0052727799711552
-0.0171832771337341,0.0061586564761979
-0.016408231518487,0.0069353085544955
-0.0155812147730117,0.0076025543040766
-0.0146944645665242,0.0081623470600729
-0.0137408661568789,0.0086185632034918
-0.012714389911906,0.0089767618412485
-0.01161049771023,0.0092439237743359
-0.010426495808948,0.0094281765679947
-0.0091618154673836,0.0095385119629479
-0.0078182072833096,0.009584501384434
-0.0063998404523735,0.0095760149506349
-0.0049133036126786,0.0095229491586574
-0.003367509210769,0.0094349683100855
-0.0017735080940366,0.0093212646797144
-0.0001442250398058,0.009190342362436
0.0015058709998563,0.0090498295769991
0.0031611461122419,0.0089063238837117
0.0048052132526683,0.0087652742170597
0.006421359784204,0.0086309027941857
0.0079929745992055,0.0085061688178434
0.0095039601353544,0.008392774469444
0.0109391165258451,0.0082912120486228
0.0122844873546522,0.008200849363838
0.0135276588577266,0.0081200487459899
0.0146580067779511,0.0080463134884245
0.0156668873342968,0.0079764542503701
0.0165477708242893,0.0079067671131134
0.0172963181923377,0.0078332146316709
0.0179104024359713,0.0077516014187123
0.0183900779768565,0.0076577365203069
0.0187375020979288,0.007547576030742
0.0189568132581864,0.0074173409396193
0.0190539715678251,0.0072636069765967
0.0190365669723773,0.0070833650768752
0.0189136007988746,0.006874052898492
0.0186952463106437,0.006633559462257
0.0183925938519361,0.0063602063644272
0.0180173860852077,0.0060527100687134
0.0175817487687468,0.0057101304842151
0.0170979225130445,0.0053318113702938
0.016578000993393,0.0049173180903393
0.0160336811609777,0.0044663778942835
0.0154760310381203,0.0039788272901682
0.0149152806415597,0.003454570225681
0.0143606413801846,0.0028935498074904
0.0138201588523225,0.0022957352107097
0.0133006032656228,0.0016611243468267
0.0128074006834916,0.0009897618413187
0.0123446069594399,0.0002817709953919
0.0119149245851218,-0.0004626022669675
0.0115197608208362,-0.0012429358930733
0.0111593235109089,-0.0020585712313866
0.0108327490561609,-0.0029085481161528
0.0105382552862834,-0.0037915377500839
0.0102733106104617,-0.0047057752227597
0.0100348099672019,-0.0056489930597698
0.009819247846607,-0.006618356822264
0.0096228790717211,-0.007610403567135
0.0094418590933878,-0.008620984008548
0.0092723572070702,-0.0096452095264629
0.0091106382129283,-0.0106774057348514
0.0089531104394885,-0.0117110750928539
0.0087963405425194,-0.0127388719171166
0.0086370378844043,-0.0137525940026628
0.0084720134274453,-0.0147431957345684
0.0082981198001463,-0.015700827925416
0.0081121804180434,-0.0166149095166817
0.0079109162022087,-0.0174742356456991
0.0076908785292827,-0.0182671253615637
0.0074483966039522,-0.0189816104867158
0.007179546541622,-0.0196056648393313
0.0068801481780346,-0.0201274703860974
0.0065457940797201,-0.0205357140640797
0.0061719135062373,-0.0208199062065279
0.0057538722575703,-0.0209707089626335
0.0052871075030768,-0.0209802610503581
0.0047672948911455,-0.0208424838396474
0.0041905435214122,-0.0205533533005357
0.0035536127513066,-0.0201111228707779
0.0028541433317343,-0.0195164838267193
0.0020908940565514,-0.0187726522227041
0.0012639740113844,-0.0178853747617334
0.0003750596720322,-0.0168628498660588
-0.0005724144101061,-0.0157155644702766
-0.0015731027251608,-0.0144560513695831
-0.0026196447898883,-0.0130985760247316
-0.0037026202289237,-0.0116587652766467
-0.0048105717816753,-0.0101531932276067
-0.005930103080671,-0.0085989414373768
-0.0070460554893208,-0.007013151471418
-0.0081417652057037,-0.0054125877116541
-0.0091993983272486,-0.0038132272607909
-0.0102003577662838,-0.0022298918683057
-0.0111257519894174,-0.0006759342602517
-0.0119569117441664,0.0008370117254562
-0.0126759374793677,0.0022992109989343
-0.0132662573132865,0.0037029341017392
-0.0137131733919331,0.0050424912283652
-0.0140043735123602,0.0063141963149177
-0.0141303851112749,0.0075162665747631
-0.014084950217698,0.0086486648912289
-0.0138653027344383,0.0097128940601532
-0.0134723333481542,0.0107117530059265
-0.0129106322794403,0.0116490657865219
-0.0121884056971139,0.0125293944817141
-0.0113172675972573,0.0133577469586783
-0.0103119149175088,0.0141392900695849
-0.0091896992480705,0.0148790780980303
-0.0079701133641974,0.0155818052770807
-0.00667421463874,0.0162515899909815
-0.00532400996595,0.0168917968805747
-0.0039418279988946,0.0175049015322129
-0.0025497042365156,0.0180924007767808
-0.0011688028611737,0.0186547698988465
0.0001811036149944,0.01919146629797
0.0014820796506241,0.0197009774001484
0.0027183841762849,0.0201809089421568
0.0038767324156241,0.0206281082146699
0.0049464590571927,0.0210388155324975
0.0059195844604975,0.0214088361851863
0.0067907897116812,0.0217337244854861
0.0075573097546114,0.0220089713397435
0.0082187563843838,0.0222301870514762
0.008776884547218,0.0223932718378976
0.0092353161545177,0.0224945677446282
0.0095992355598967,0.0225309871976326
0.0098750700892152,0.0225001152061876
0.0100701677193514,0.0224002840686512
0.0101924823577018,0.0222306211609404
0.0102502753653729,0.0219910718410479
0.010251840154068,0.0216824005498971
0.0102052549968042,0.0213061737488317
0.010118167714551,0.0208647283863914
0.0099976146834495,0.0203611291726774
0.0098498756574113,0.0197991171571236
0.009680365184559,0.0191830511001761
0.0094935608458826,0.0185178420749924
0.0092929680755198,0.0178088808100001
0.0090811208499143,0.0170619566437895
0.0088596169901239,0.0162831667225379
0.0086291861655219,0.0154788142784199
0.0083897879039947,0.0146552954697681
0.0081407360187386,0.0138189752623115
0.0078808449011442,0.0129760540598609
0.0076085921779698,0.0121324280987961
0.0073222913818587,0.0112935478430066
0.0070202676309718,0.0104642796050587
0.0067010289359776,0.0096487762535476
0.0063634257085892,0.0088503630664597
0.0060067913667799,0.0080714445271948
0.0056310576199953,0.0073134371535128
0.0052368390453073,0.0065767323591929
0.0048254828775135,0.005860691962268
0.0043990814563166,0.0051636773822985
0.0039604464117598,0.0044831119334701
0.003513045331146,0.0038155740398896
0.0030609032504605,0.0031569177813216
0.0026084727799462,0.0025024160109329
0.0021604779521518,0.0018469204404922
0.001721737929854,0.0011850326088905
0.0012969775020508,0.0005112795563431
0.0008906318158498,-0.0001797116878965
0.0005066530435091,-0.0008930460628142
0.000148326679417,-0.001633403206604
-0.0001818950860561,-0.002404894138117
-0.0004825359511825,-0.0032109337886983
-0.0007532077892544,-0.0040541299997048
-0.0009946872991755,-0.0049361884366789
-0.0012089527904052,-0.0058578319523291
-0.0013991781380883,-0.0068187323650007
-0.0015696823309615,-0.0078174524841206
-0.0017258344996609,-0.0088513965440239
-0.0018739158085303,-0.0099167679881676
-0.0020209410686296,-0.0110085347115754
-0.0021744443310632,-0.0121204033067927
-0.002342233999137,-0.0132448054122631
-0.0025321241159654,-0.0143729007459812
-0.0027516494160762,-0.0154946026231111
-0.0030077724639118,-0.0165986325156999
-0.0033065917358464,-0.0176726103595303
-0.0036530598360255,-0.0187031867409757
-0.0040507211727612,-0.0196762217612772
-0.0045014783649699,-0.0205770133035164
-0.0050053963972394,-0.0213905747181175
-0.0055605530879411,-0.0221019587627885
-0.0061629437543287,-0.0226966212050309
-0.0068064470165142,-0.0231608140819407
-0.0074828574365187,-0.0234819954939776
-0.0081819890989007,-0.0236492402615129
-0.0088918522765206,-0.0236536340384145
-0.0095989029796901,-0.0234886327444289
-0.010288362479226,-0.0231503695638587
-0.0109446008825793,-0.0226378932923474
-0.0115515756340212,-0.0219533244343545
-0.0120933125632373,-0.0211019190084674
-0.0125544140254667,-0.0200920342740513
-0.0129205759944384,-0.0189349952592868
-0.0131790939299409,-0.0176448657227289
-0.0133193360748947,-0.0162381316909096
-0.0133331627364714,-0.0147333096841649
-0.0132152712074681,-0.0131504949286739
-0.0129634483418236,-0.0115108670883629
-0.0125787163667213,-0.009836172256444
-0.012065362141343,-0.0081482001285873
-0.0114308455071856,-0.0064682745184772
-0.0106855882851034,-0.0048167738122616
-0.0098426514774907,-0.0032126957728148
-0.0089173139313064,-0.0016732784971226
-0.0079265707276719,-0.0002136864939571
-0.006888573554221,0.0011532320445243
-0.0058220380300792,0.0024171135137737
-0.0047456442284749,0.0035701720666803
-0.0036774564239577,0.0046072193953264
-0.0026343864337961,0.0055256148908205
-0.0016317219788126,0.0063251516800817
-0.0006827374917257,0.0070078854511249
0.0002015999548502,0.0075779140818066
0.0010128221143028,0.0080411168968839
0.0017450462194827,0.0084048629112969
0.0023949596770352,0.0086776976917617
0.0029617102210366,0.008869018505955
0.003446712794361,0.0089887472538714
0.0038533874014734,0.0090470103118996
0.0041868441830131,0.0090538338823148
0.0044535329730403,0.009018862738431
0.0046608746483067,0.0089511093942859
0.0048168907529657,0.0088587397098352
0.0049298463138028,0.008748899767284
0.0050079186176514,0.0086275875214342
0.0050589021950242,0.0084995712463363
0.0050899575409871,0.0083683551991967
0.0051074083955069,0.0082361912498263
0.0051165898658591,0.0081041335527329
0.005121747431195,0.0079721317621377
0.0051259850059769,0.007839156911798
0.0051312587868533,0.0077033530034882
0.005138412554061,0.0075622066553233
0.0051472493983484,0.0074127269078986
0.0051566344325847,0.0072516274849028
0.00516462284851,0.0070755044211839
0.0051686076179999,0.0068810029266577
0.005165481151482,0.0066649685357902
0.0051518052740373,0.0064245788678007
0.0051239839503415,0.0061574535622337
0.0050784332950211,0.0058617410512357
0.0050117435735192,0.0055361817158769
0.0049208281659888,0.0051801476271812
0.0048030548665611,0.0047936595152519
0.0046563554445443,0.004377381899699
0.0044793101066912,0.0039325975304552
0.0042712043542928,0.0034611625112635
0.0040320566893963,0.0029654437723558
0.003762616639244,0.0024482409548531
0.0034643335783884,0.00191269525754
0.0031392977793977,0.0013621883284902
0.0027901559749915,0.0008002347829815
0.002420004445059,0.000230372307465
0.0020322632486011,-0.0003439465129369
0.001630535716038,-0.0009194565844113
0.0012184577242363,-0.0014931732070282
0.0007995416211063,-0.0020624723921807
0.0003770199714167,-0.002625156294153
-4.630542822229274e-05,-0.0031795023483561
-0.0004682035781428,-0.0037242955925433
-0.0008871374926825,-0.0042588444243588
-0.0013023647078564,-0.0047829806467477
-0.0017140093338525,-0.0052970450338743
-0.0021231003196652,-0.0058018598122946
-0.0025315713255006,-0.0062986894272725
-0.0029422186724843,-0.0067891908105942
-0.0033586152575658,-0.0072753541544898
-0.0037849800477407,-0.0077594349923175
-0.004226004730655,-0.0082438782394348
-0.0046866411990081,-0.008731234783453
-0.0051718556665834,-0.0092240712353629
-0.0056863572296137,-0.0097248735468219
-0.0062343104764304,-0.0102359453397706
-0.0068190432005626,-0.0107593019600889
-0.0074427612977389,-0.0112965614451654
-0.0081062834614132,-0.0118488337868281
-0.0088088082958568,-0.0124166100892968
-0.009547725924763,-0.0129996534911716
-0.0103184850929584,-0.0135968940720545
-0.011114525167315,-0.0142063304248908
-0.0119272803862275,-0.0148249411529362
-0.0127462612414287,-0.0154486102248677
-0.0135592150643271,-0.0160720708383052
-0.014352364804195,-0.0166888731120147
-0.0151107217173362,-0.0172913814333672
-0.0158184643472196,-0.0178708074983486
-0.0164593729021488,-0.0184172848676937
-0.0170173050888877,-0.0189199901170026
-0.0174766968150862,-0.0193673143120515
-0.017823069114986,-0.0197470865783184
-0.0180435213583826,-0.0200468490070306
-0.0181271904223822,-0.0202541791677877
-0.0180656561433315,-0.0203570532593837
-0.0178532750631922,-0.0203442396510072
-0.0174874272064368,-0.0202057094977206
-0.0169686642575082,-0.0199330485149512
-0.0163007518672355,-0.019519852108028
-0.01549060364674,-0.0189620850782993
-0.0145481094103506,-0.0182583872144298
-0.0134858650860172,-0.0174103073017159
-0.0123188161147105,-0.0164224504371415
-0.0110638298413803,-0.0153025269318581
-0.0097392151546075,-0.0140612953436387
-0.0083642093340449,-0.0127123970675473
-0.0069584526721205,-0.0112720851269722
-0.005541470987082,-0.0097588550188293
-0.0041321847438047,-0.0081929903374663
-0.0027484613039298,-0.0065960401135187
-0.0014067240284399,-0.0049902480871891
-0.0001216287582442,-0.0033979562916128
0.0010941851995724,-0.0018410062382609
0.0022302658730299,-0.0003401606528875
0.0032784408014626,0.0010854328187834
0.0042328332188532,0.0024187170723197
0.0050898075729415,0.0036451246669072
0.0058478519810913,0.0047528889989624
0.0065074070191335,0.0057332600803077
0.0070706515242898,0.00658062164779
0.0075412568503098,0.007292510293457
0.0079241212398943,0.0078695408820188
0.0082250956932676,0.0083152455977981
0.0084507119520363,0.0086358364724667
0.0086079220466553,0.0088399031668821
0.0087038573569223,0.0089380591263315
0.008745613408822,0.0089425500302888
0.0087400647916928,0.0088668387576442
0.0086937127448707,0.0087251809292309
0.0086125662422864,0.0085322045082367
0.0085020558884139,0.0083025059655903
0.0083669786974327,0.0080502741792278
0.0082114709013835,0.0077889515670432
0.0080390053363388,0.0075309400027225
0.0078524096730851,0.0072873569046279
0.0076539017493852,0.0070678446201046
0.0074451384647443,0.0068804339719241
0.0072272750455871,0.0067314607192303
0.0070010319051437,0.0066255318350544
0.0067667667370323,0.0065655370209871
0.0065245498343899,0.0065526998445629
0.0062742408770031,0.0065866623366268
0.0060155655607704,0.0066655968178921
0.0057481904624268,0.0067863390805073
0.005471794460594,0.006944537735128
0.0051861349085571,0.0071348154231599
0.0048911066218603,0.0073509385516485
0.0045867916565596,0.0075859931017915
0.0042734978601432,0.0078325647772665
0.0039517843147808,0.0080829222144248
0.0036224720841864,0.0083292021314949
0.0032866391244352,0.0085635951465065
0.0029455988090559,0.0087785305784443
0.0026008622158561,0.0089668579302558
0.0022540850811775,0.0091220220282217
0.0019070010934981,0.0092382280668925
0.0015613439178683,0.0093105921908863
0.0012187609670333,0.009335272831605
0.0008807224302695,0.0093095778833476
0.0005484294223427,0.0092320429953384
0.0002227253256689,0.0091024767898214
-9.5985517138629e-05,0.0089219696813153
-0.0004078076276158,0.0086928641355783
-0.0007134087167077,0.0084186856145547
-0.0010140546938759,0.0081040350296215
-0.0013116218243181,0.0077544451752314
-0.0016085828760011,0.0073762052331462
-0.0019079645990979,0.0069761589172303
-0.0022132745418969,0.006561483070045
-0.0025283960682229,0.0061394544372187
-0.0028574515314355,0.0057172128646661
-0.0032046348887167,0.005301529245616
-0.0035740165900087,0.0048985861825405
-0.0039693253048691,0.0045137785557446
-0.0043937128866844,0.0041515400768483
-0.0048495108165349,0.0038152005581416
-0.0053379880875377,0.0035068771791196
-0.0058591219315097,0.0032274016175406
-0.0064113937950912,0.002976283658916
-0.0069916233968444,0.0027517109013404
-0.007594853420183,0.0025505834888808
-0.0082142963331528,0.0023685824458859
-0.0088413529343238,0.0022002701026519
-0.00946570952177,0.0020392212056398
-0.0100755171527508,0.001878183464494
-0.0106576524544018,0.0017092663655556
-0.0111980550689969,0.0015241569531134
-0.0116821323292365,0.0013143608510024
-0.012095217452935,0.0010714660149174
-0.0124230637310888,0.0007874255657397
-0.012652354157602,0.0004548546069243
-0.0127712039754445,6.733427930049325e-05
-0.0127696328929958,-0.0003802853970649
-0.0126399843717274,-0.0008915939282692
-0.0123772714173399,-0.0014683513195432
-0.0119794316265904,-0.0021102537595143
-0.0114474786491761,-0.0028147463844157
-0.0107855424229639,-0.0035768950223438
-0.0100007961700354,-0.0043893276107311
-0.0091032738073067,-0.00524225404411
-0.0081055867412291,-0.0061235706058523
-0.0070225536349403,-0.0070190519753952
-0.0058707603838888,-0.0079126302265804
-0.0046680700315883,-0.0087867564127781
-0.0034331036231745,-0.009622836454343
-0.0021847130552426,-0.0104017292957819
-0.0009414659527539,-0.0111042918797531
0.0002788393213331,-0.0117119525851851
0.0014596130018131,-0.0122072925757562
0.0025858550687409,-0.0125746131559379
0.0036444688279815,-0.0128004668529509
0.0046245006701356,-0.0128741306073783
0.0055173027031138,-0.0127880011802413
0.0063166176442863,-0.0125378956243918
0.0070185877570981,-0.0121232433130518
0.0076216917315601,-0.0115471603986344
0.0081266152673323,-0.0108164024708535
0.0085360627552719,-0.0099411963383374
0.0088545188900442,-0.0089349569976709
0.0090879702822152,-0.0078139007043275
0.0092435981455832,-0.0065965693669961
0.0093294538622274,-0.0053032850311729
0.0093541296067494,-0.0039555558291679
0.0093264361736723,-0.0025754563411965
0.009255099640864,-0.0011850057903208
0.0091484874843537,0.0001944330998134
0.0090143732392113,0.0015427133470908
0.0088597468251793,0.0028414022817874
0.0086906753189434,0.0040742038522464
0.0085122163917933,0.0052272927668772
0.0083283840036007,0.0062895525818117
0.0081421634244758,0.0072527139602938
0.0079555704111345,0.0081113933658185
0.0077697475397383,0.0088630362370521
0.0075850893959551,0.0095077720853726
0.0074013876022878,0.0100481918427878
0.007217986525488,0.0104890600894009
0.0070339409071066,0.0108369764582305
0.0068481675112931,0.0111000015339065
0.0066595840696403,0.0112872629412284
0.0064672301900076,0.0114085570946684
0.0062703663498927,0.0114739613036812
0.0060685484947355,0.0114934696656231
0.0058616770159034,0.0114766645000139
0.0056500199371213,0.0114324330624722
0.0054342109754527,0.0113687370054434
0.0052152237821537,0.0112924396073239
0.0049943241550857,0.0112091932511869
0.004773002408958,0.0111233870796701
0.0045528884581681,0.011038152271433
0.0043356525687167,0.010955420073201
0.0041228952116951,0.0108760256785061
0.0039160300133285,0.0107998493623838
0.0037161644239555,0.0107259850411683
0.0035239833684709,0.0106529256928819
0.0033396417181404,0.0105787548888939
0.0031626718472754,0.0105013340629567
0.0029919127114552,0.0104184760544129
0.0028254667185498,0.0103280968469
0.0026606900944819,0.0102283391884233
0.0024942214407163,0.0101176638036407
0.0023220517469569,0.0099949060595317
0.0021396373077346,0.0098592980830244
0.0019420548796564,0.0097104583224498
0.0017241961192943,0.0095483522770245
0.0014809959896591,0.00937322949521
0.0012076875543402,0.0091855429010992
0.0009000735330513,0.0089858570238417
0.0005548033038634,0.0087747517908976
0.0001696428215736,0.0085527282415575
-0.0002562757320991,0.0083201218816317
-0.0007222377838253,0.0080770285055936
-0.0012257762926161,0.0078232462383749
-0.0017625591088692,0.0075582363759499
-0.0023263432479341,0.0072811044076175
-0.0029090031354466,0.0069906014520508
-0.0035006369813676,0.0066851452934788
-0.0040897521627313,0.0063628593121648
-0.0046635269697735,0.0060216268983825
-0.0052081424495784,0.0056591584386966
-0.0057091745382544,0.0052730676682927
-0.0061520333918358,0.0048609540787058
-0.0065224339961731,0.0044204881288784
-0.0068068799380891,0.0039494961930608
-0.0069931408145542,0.0034460424538133
-0.0070707032703025,0.0029085052786883
-0.0070311761677466,0.0023356459797331
-0.006868631928985,0.0017266682308452
-0.006579868603572,0.001081266805508
-0.0061645805922267,0.0003996647025586
-0.005625430015126,-0.0003173618387727
-0.004968015221015,-0.001068470463371
-0.0042007376230091,-0.0018517514889662
-0.0033345726377076,-0.0026647373610865
-0.002382754723506,-0.0035044212638742
-0.0013603901195791,-0.0043672829143007
-0.0002840136860567,-0.0052493192037937
0.0008288918913254,-0.0061460771391064
0.0019603954009675,-0.0070526865245893
0.0030926158919997,-0.0079638900623671
0.0042082029464426,-0.0088740690479335
0.0052907822233643,-0.0097772636009708
0.0063253524517094,-0.0106671873548837
0.0072986228493724,-0.0115372376588385
0.0081992829591636,-0.0123805035206295
0.0090181999304022,-0.0131897746193924
0.0097485411785563,-0.0139575556217244
0.0103858230038388,-0.0146760906265759
0.0109278880655368,-0.0153374027441402
0.0113748165574521,-0.0159333535149713
0.0117287775141483,-0.0164557260758849
0.0119938279292412,-0.0168963347061947
0.0121756683339872,-0.0172471617136831
0.01228136421844,-0.0175005206542418
0.0123190432198565,-0.0176492427625453
0.0122975783747485,-0.0176868813637346
0.012226267927901,-0.0176079271043969
0.012114522185333,-0.0174080252446131
0.0119715676396913,-0.0170841851334455
0.011806178024858,-0.0166349714607834
0.011626441012076,-0.0160606670078956
0.0114395679018784,-0.0153633974205441
0.0112517518876914,-0.0145472099573929
0.0110680783064961,-0.013618100126152
0.0108924878395552,-0.0125839824703518
0.0107277910231213,-0.0114546043379159
0.0105757298543599,-0.0102414040605781
0.0104370799257277,-0.0089573174205331
0.0103117845777286,-0.0076165384263145
0.010199111183577,-0.0062342421539886
0.0100978189822707,-0.0048262786690464
0.0100063279077913,-0.0034088478121028
0.0099228785964614,-0.001998164932004
0.0098456750964683,-0.0006101275381471
0.0097730036032032,0.0007400076075516
0.0097033226173276,0.0020379281512695
0.0096353220738235,0.0032705426537142
0.0095679510376949,0.0044262230660096
0.0095004153610792,0.0054950074182453
0.0094321481558882,0.0064687581517385
0.0093627570195668,0.0073412727766963
0.0092919526703833,0.0081083448525927
0.009219464049341,0.0087677746678525
0.0091449450965696,0.0093193304233223
0.0090678783861769,0.0097646621673509
0.0089874806725781,0.010107172138858
0.0089026152119436,0.0103518464848016
0.0088117154995438,0.0105050544579335
0.0087127248093806,0.0105743220984178
0.0086030556188467,0.010568088000156
0.0084795726158793,0.010495449023813
0.0083386024805696,0.0103659037366914
0.0081759729744113,0.0101891009582932
0.0079870830413737,0.0099746001202212
0.0077670046297007,0.0097316492782195
0.0075106158051066,0.0094689856155634
0.0072127634828071,0.0091946622182506
0.0068684528037454,0.0089159038412001
0.0064730588670075,0.0086389933668073
0.0060225552495554,0.0083691897146932
0.005513752534723,0.008110677111894
0.0049445389680643,0.0078665448827342
0.0043141143990478,0.0076387962685905
0.0036232078900205,0.0074283842391169
0.0028742688290074,0.0072352718058744
0.0020716211317363,0.0070585139916781
0.001221570233902,0.0068963583369944
0.0003324531365336,0.0067463606295997
-0.0005853771479368,0.0066055124153038
-0.0015196397323546,0.0064703767736912
-0.0024562912746116,0.0063372288094154
-0.0033797705013571,0.0062021973027939
-0.0042733202570838,0.0060614039739828
-0.0051193817182696,0.0059110968414051
-0.0059000514418258,0.0057477742041654
-0.0065975879975512,0.0055682958628066
-0.0071949513355293,0.0053699783299579
-0.0076763550402519,0.0051506709934719
-0.0080278094852969,0.0049088105061507
-0.0082376328436502,0.0046434511185031
-0.0082969070806146,0.0043542692716655
-0.0081998575255676,0.0040415415414927
-0.0079441373564993,0.0037060959667853
-0.0075310022097704,0.0033492378790142
-0.0069653649294925,0.0029726525352641
-0.0062557259075534,0.0025782880836569
-0.0054139802002568,0.0021682235904293
-0.0044551082832288,0.0017445279482886
-0.0033967625721622,0.0013091163830904
-0.0022587663795784,0.0008636119065283
-0.0010625455472662,0.0004092193695175
0.000169484578215,-5.338028483171757e-05
0.0014145529553072,-0.0005241084103127
0.0026501635872918,-0.0010035333592394
0.0038547004936313,-0.0014928763664969
0.0050079863628902,-0.001993975017317
0.0060917772781631,-0.0025092025059579
0.0070901794094364,-0.0030413429010588
0.0079899773974921,-0.0035934247626158
0.0087808680876251,-0.0041685176168645
0.0094555971111996,-0.0047694978978738
0.0100099993955512,-0.0053987929180479
0.0104429478835608,-0.0060581131468484
0.0107562174792368,-0.0067481844756047
0.0109542734579638,-0.0074684931501789
0.0110439952742701,-0.0082170565930759
0.0110343478753258,-0.0089902333495166
0.0109360133122783,-0.0097825848225382
0.0107609956735129,-0.0105868002661246
0.010522212191607,-0.0113936946573326
0.0102330828525687,-0.0121922865709981
0.0099071300187955,-0.0129699600730825
0.0095575985222276,-0.0137127110147706
0.009197105442995,-0.0144054740842256
0.0088373274075317,-0.0150325227457351
0.0084887317613222,-0.015577930004195
0.0081603564360721,-0.0160260740459772
0.0078596417778022,-0.0163621695047349
0.0075923160659333,-0.0165728026479377
0.0073623349640429,-0.0166464474032656
0.007171873726671,-0.0165739390062841
0.0070213696662239,-0.0163488832293885
0.0069096111805135,-0.0159679816238664
0.0068338685746226,-0.0154312568455081
0.0067900609996067,-0.0147421667179313
0.0067729530919805,-0.0139076009185674
0.0067763743443944,-0.0129377597009378
0.006793453874998,-0.0118459195249923
0.0068168630892953,-0.0106480955034639
0.006839058737345,-0.0093626148869288
0.006852519052006,-0.008009619181719
0.0068499660008545,-0.0066105147912836
0.0068245671863691,-0.005187393252774
0.0067701115798928,-0.0037624422516985
0.0066811540733178,-0.0023573677555591
0.0065531247807426,-0.0009928459798337
0.0063824001231316,0.0003119783219747
0.0061663339815734,0.0015399333761822
0.0059032486021431,0.0026761906959011
0.0055923864611817,0.0037085560822425
0.0052338259239189,0.0046276761037015
0.0048283652040321,0.0054271575870671
0.0043773807882803,0.0061036002226055
0.0038826680381057,0.0066565447521668
0.0033462730100765,0.0070883413631602
0.002770325531782,0.0074039448497284
0.0021568841155039,0.00761064481751
0.0015078032886159,0.0077177406875402
0.0008246332898676,0.0077361724807201
0.0001085607815757,0.0076781193151686
-0.0006396027360859,0.0075565782002164
-0.0014193806914684,0.0073849360395215
-0.0022305383323337,0.0071765477439878
-0.0030729390778966,0.0069443329935485
-0.0039463561924429,0.0067004034760771
-0.0048502490637731,0.0064557313835616
-0.00578351644405,0.0062198685836559
-0.006744241494208,0.0060007242424949
-0.0077294451517067,0.0058044067942953
-0.0087348650502044,0.0056351340845608
-0.0097547768594687,0.005495213314267
-0.0107818734603204,0.0053850901458653
-0.011807214876024,0.0053034640645746
-0.0128202584771346,0.0052474648864792
-0.0138089748581527,0.0052128832342135
-0.0147600502009673,0.0051944459266634
-0.015659171173255,0.0051861256140375
-0.0164913837512933,0.0051814726918636
-0.0172415130891086,0.0051739565979658
-0.0178946279358623,0.0051573030781651
-0.0184365303419482,0.0051258139336663
-0.018854249642513,0.0050746561620518
-0.0191365190493543,0.0050001082927312
-0.0192742136365714,0.0048997531041085
-0.0192607300283289,0.004772607784552
-0.0190922905901693,0.0046191849306942
-0.0187681582442482,0.0044414805072275
-0.0182907519930903,0.0042428879384217
-0.0176656576377834,0.0040280407512888
-0.0169015327884177,0.0038025895021927
-0.0160099098539127,0.0035729219250074
-0.0150049050375676,0.0033458381570748
-0.013902845241919,0.0031281953480674
-0.0127218280146887,0.0029265377727256
-0.0114812320947162,0.0027467296191721
-0.0102011976373665,0.0025936078228623
-0.0089020957626624,0.0024706716316546
-0.0076040066837766,0.0023798240527303
-0.0063262244014704,0.002321178042291
-0.0050868039054258,0.0022929374031106
-0.0039021641640807,0.0022913590410508
-0.0027867571011112,0.0023107997065065
-0.0017528094559616,0.00234384681445
-0.0008101411118246,0.0023815295784983
3.393966860233195e-05,0.0024136036535583
0.0007746664790949,0.0024288998543913
0.0014097752396168,0.0024157253510564
0.0019394015338738,0.0023623040410512
0.002365922779406,0.0022572415366397
0.0026937539936358,0.0020899993449955
0.0029291062316221,0.001851362320212
0.0030797166702363,0.001533883305893
0.003154558890716,0.0011322890637715
0.003163541269639,0.0006438321214826
0.0031172006327196,6.857411520029694e-05
0.0030263975538582,-0.000590412395638
0.0029020189713989,-0.001326934753042
0.0027546931955362,-0.0021316723239423
0.0025945219177653,-0.0029922755936317
0.0024308335001121,-0.0038935744280738
0.002271961587457,-0.0048178938467502
0.0021250528983971,-0.0057454715463698
0.001995907845901,-0.0066549672453294
0.0018888573567287,-0.0075240498797576
0.0018066788458147,-0.0083300449861032
0.0017505537199755,-0.0090506214571267
0.0017200680140177,-0.0096644944387106
0.0017132568036321,-0.0101521195916969
0.0017266919192561,-0.010496353385277
0.0017556112495265,-0.0106830545822858
0.0017940866316389,-0.0107016036388871
0.0018352260442649,-0.0105453193354375
0.0018714046106987,-0.0102117554923728
0.0018945178430132,-0.0097028649650057
0.0018962496598246,-0.0090250230694387
0.0018683470276603,-0.0081889079474352
0.0018028926353396,-0.0072092408854934
0.001692566830816,-0.0061043950056329
0.0015308901465759,-0.0048958857886678
0.0013124381319215,-0.0036077613397883
0.00103302092195,-0.0022659139607801
0.0006898210269063,-0.0008973373018399
0.0002814842339522,0.000470644964239
-0.0001918397335534,0.0018111524033158
-0.0007285080954281,0.0030984969192146
-0.0013254464357373,0.0043088830081288
-0.0019782572460626,0.005421036757263
-0.0026813697578569,0.0064167441685189
-0.0034282229926833,0.0072812829451091
-0.0042114720770185,0.0080037358435195
-0.0050232065150359,0.008577177915698
-0.0058551684315103,0.0089987343120933
-0.006698958883896,0.0092695096626218
-0.0075462212352171,0.0093943942815708
-0.0083887922483007,0.0093817564355512
-0.0092188139074347,0.0092430335544705
-0.0100288018303077,0.0089922384437211
-0.0108116692847905,0.0086453991693929
-0.0115607090274778,0.0082199532449825
-0.0122695381879824,0.0077341179685294
-0.0129320140115641,0.0072062591845759
-0.0135421302627972,0.0066542803470612
-0.0140939053631863,0.0060950525469702
-0.0145812738323987,0.0055439041943076
-0.0149979923425923,0.0050141863996714
-0.0153375707590005,0.0045169269109666
-0.0155932370589606,0.0040605818736959
-0.0157579431568956,0.0036508908609368
-0.0158244165792772,0.0032908367277916
-0.0157852607769772,0.0029807080446986
-0.015633104744518,0.0027182582977604
-0.0153608006095288,0.002498952830262
-0.0149616659968348,0.0023162917266664
-0.0144297662650097,0.0021621945702165
-0.0137602301453512,0.0020274312781504
-0.0129495908674344,0.0019020820580047
-0.0119961435257284,0.0017760089424889
-0.010900308242005,0.0016393213426748
-0.0096649876453985,0.0014828185940398
-0.0082959063821366,0.0012983935364925
-0.0068019198429451,0.0010793827408836
-0.0051952791112434,0.0008208510320858
-0.0034918393229026,0.0005198004092529
-0.0017111991994663,0.0001752962595868
0.0001232395406573,-0.000211493180587
0.0019843029112081,-0.0006373449462766
0.0038411739919838,-0.0010971146156859
0.0056596275691205,-0.0015839491278851
0.0074023748644514,-0.0020895705698756
0.0090295210886856,-0.0026046197025082
0.0104991363683364,-0.0031190457578793
0.0117679382343473,-0.0036225273051767
0.0127920812554791,-0.0041049078071239
0.0135280464752598,-0.0045566289073
0.013933620002289,-0.0049691445072885
0.0139689463810973,-0.0053352992993606
0.0135976382672904,-0.005649656585279
0.0127879195609898,-0.0059087618896065
0.0115137747228388,-0.0061113310105738
0.0097560727970558,-0.0062583536810707
0.0075036310439277,-0.006353106871045
0.0047541804082043,-0.0064010748809554
0.00151519367036,-0.0064097766792949
-0.0021954626594955,-0.0063885043444954
-0.0063490896313949,-0.0063479798926966
-0.0109059633465594,-0.0062999411058726
-0.0158154159019951,-0.0062566701042307
-0.0210162095906274,-0.0062304812058339
-0.0264372153119818,-0.0062331869516297
-0.0319983962804647,-0.0062755629119417
-0.0376120876575477,-0.0063668329054934
-0.0431845521271119,-0.0065141964467536
-0.0486177811156948,-0.0067224195127117
-0.0538115017345864,-0.0069935080437539
-0.058665340944776,-0.0073264809659613
-0.0630810912205206,-0.0077172559938201
-0.0669650163607062,-0.0081586571473474
-0.0702301322699783,-0.0086405479566314
-0.0727983956669126,-0.009150088942677
-0.0746027339063393,-0.009672112411311
-0.0755888515288788,-0.01018960216011
-0.0757167538373879,-0.0106842606723728
-0.0749619347609972,-0.0111371420461549
-0.0733161854434901,-0.0115293255421254
-0.0707879912255113,-0.0118426024444082
-0.0674024976985739,-0.012060148059071
-0.0632010408763657,-0.0121671511904655
-0.0582402517038798,-0.0121513753145107
-0.0525907604384985,-0.0120036288023624
-0.0463355411385351,-0.0117181257515426
-0.0395679498021991,-0.0112927240048145
-0.0323895208619297,-0.0107290324857308
-0.0249075950988576,-0.0100323857355862
-0.0172328571014226,-0.0092116891790028
-0.0094768618644233,-0.0082791438769597
-0.0017496279681795,-0.0072498640965785
0.0058426308007886,-0.0061414047504329
0.0131995720936551,-0.0049732185181106
0.0202285375582821,-0.0037660642101274
0.0268460715531653,-0.0025413886820132
0.0329791197056423,-0.0013207044198469
0.0385658945425159,-0.0001249839010948
0.0435564083527911,0.0010259098876862
0.0479126851920623,0.0021137396852957
0.0516086740836434,0.0031223425730577
0.0546298937474123,0.0040379996292219
0.0569728454684018,0.0048497184858925
0.0586442349894104,0.0055494239448739
0.0596600466417802,0.0061320550760589
0.0600445134347386,0.0065955703639686
0.0598290256530768,0.0069408653925661
0.0590510178239183,0.007171610185458
0.0577528698734783,0.0072940155765137
0.0559808530916937,0.0073165398091859
0.0537841453813048,0.0072495478961129
0.051213933464634,0.0071049370761448
0.048322612588464,0.0068957419673275
0.0451630871873977,0.0066357327371703
0.0417881693517537,0.0063390188247303
0.0382500662090729,0.006019669507003
0.0345999428390514,0.0056913609841633
0.0308875443888441,0.0053670577650084
0.0271608598125826,0.0050587340815141
0.0234658101603747,0.0047771389735298
0.0198459464728993,0.0045316066842709
0.0163421458383406,0.0043299122079524
0.0129922986607654,0.0041781703291924
0.0098309852211388,0.0040807753626393
0.006889144709938,0.0040403780838859
0.0041937446264108,0.0040578960479055
0.0017674623932924,0.0041325535902141
-0.0003716060571523,0.0042619482320166
-0.0022101942821061,0.0044421408626792
-0.0037400530614176,0.0046677678245815
-0.004958061852735,0.0049321737385671
-0.0058662499311949,0.0052275644494245
-0.0064717161287959,0.0055451797289051
-0.0067864398307549,0.0058754852757059
-0.0068269802158197,0.0062083830736291
-0.0066140654352385,0.0065334383395227
-0.0061720782956586,0.0068401201904099
-0.0055284498226399,0.0071180519056142
-0.0047129766030465,0.0073572654049535
-0.0037570817964822,0.0075484534684436
-0.0026930429243392,0.0076832124343549
-0.0015532117566857,0.007754267745448
-0.0003692526225561,0.0077556748318951
0.0008285748708061,0.0076829884281109
0.0020120644633444,0.0075333944656464
0.0031556220550644,0.0073058000665297
0.0042367178296053,0.0070008787551255
0.0052362200193493,0.0066210696761077
0.0061386044265737,0.0061705312214544
0.0069320397662875,0.0056550509221395
0.0076083545894678,0.0050819146780296
0.0081628965829179,0.0044597393523938
0.0085942990962708,0.0037982734538974
0.0089041725922321,0.0031081711058394
0.0090967402487896,0.0024007448129947
0.0091784371826327,0.0016877027377334
0.009157491845361,0.0009808763372709
0.0090435062911767,0.0002919443233418
0.0088470495082431,-0.0003678410052256
0.0085792751520532,-0.0009879189436012
0.0082515721125979,-0.0015586709427001
0.0078752536360167,-0.0020716504654737
0.0074612883821804,-0.0025197861886023
0.0070200749258672,-0.0028975528470129
0.0065612598129618,-0.0032011043895257
0.0060935983062696,-0.0034283646228916
0.005624856290433,-0.0035790711869259
0.0051617513236175,-0.0036547695520472
0.0047099304046733,-0.0036587547980719
0.0042739815766944,-0.003595960261646
0.0038574759595472,-0.0034727937685349
0.0034630361887275,-0.0032969241163634
0.0030924265754831,-0.0030770227249917
0.0027466596708376,-0.0028224678525069
0.0024261134108158,-0.0025430213456386
0.0021306527358432,-0.0022484903407728
