AE_0,AE_1,AE_2,AE_3,AE_4,AE_5,AE_6,AE_7,AE_8,AE_9,AE_10,AE_11,AE_12,AE_13,AE_14,AE_15,AE_16,AE_17,AE_18,AE_19,AE_20,AE_21,AE_22,AE_23,AE_24,AE_25,AE_26,AE_27,AE_28,AE_29,AE_30,AE_31,AE_32,AE_33,AE_34,AE_35,AE_36,AE_37,AE_38,AE_39,AE_40,AE_41,AE_42,AE_43,AE_44,AE_45,AE_46,AE_47,AE_48,AE_49
0.0,0.0,0.0,11.225448,0.0,0.0,0.0,0.0,2.7890646,0.0,4.2471056,0.0,0.0,0.0,0.0,7.3455696,0.0,0.0,0.0,0.0,3.8142695,0.0,3.0989487,0.0,0.0,0.0,0.23291878,0.0,0.0,5.345912,3.3922112,0.0,2.4442258,0.0,4.529328,0.0,0.0,0.0,0.0,0.0,8.155928,0.0,7.608283,5.0113335,0.0,0.0,0.0,0.0,0.0,0.0
0.0,0.0,0.0,10.394793,0.0,0.0,0.0,0.0,1.7493411,0.0,4.8214993,0.0,0.0,0.0,0.0,8.324607,0.0,0.0,0.0,0.0,4.570415,0.0,5.53318,0.0,0.0,0.0,0.0,0.0,0.0,6.282411,4.2430367,0.0,1.1778734,0.0,5.0394044,0.0,0.0,0.0,0.0,0.0,7.941017,0.0,10.478279,4.5766573,0.0,0.0,0.0,0.0,0.0,0.0
0.0,0.0,0.0,11.573641,0.0,0.0,0.0,0.0,4.0968375,0.0,4.049222,0.0,0.0,0.0,0.0,8.170837,0.0,0.0,0.0,0.0,5.269838,0.0,2.4277961,0.0,0.0,0.0,0.0,0.0,0.0,5.9591146,2.7459323,0.0,2.6280847,0.0,6.6590257,0.0,0.0,0.0,0.0,0.0,8.579322,0.0,9.406299,4.7748575,0.0,0.0,0.0,0.0,0.0,0.0
0.0,0.0,0.0,12.974859,0.0,0.0,0.0,0.0,2.2895412,0.0,6.817414,0.0,0.0,0.0,0.0,9.070776,0.0,0.0,0.0,0.0,7.8766284,0.0,6.3485684,0.0,0.0,0.0,0.0,0.0,0.0,9.19935,3.2187936,0.0,0.6101613,0.0,7.1542006,0.0,0.0,0.0,0.0,0.0,10.185781,0.0,11.596872,6.792012,0.0,0.0,0.0,0.0,0.0,0.0
0.0,0.0,0.0,10.885787,0.0,0.0,0.0,0.0,2.477834,0.0,2.4496708,0.0,0.0,0.0,0.0,10.032776,0.0,0.0,0.0,0.0,3.4297822,0.0,3.257496,0.0,0.0,0.0,0.0,0.0,0.0,9.085953,4.1007323,0.0,2.6766644,0.0,6.2944474,0.0,0.0,0.0,0.0,0.0,9.765564,0.0,8.422134,7.532178,0.0,0.0,0.0,0.0,0.0,0.0
0.0,0.0,0.0,13.360338,0.0,0.0,0.0,0.0,3.5273767,0.0,5.074892,0.0,0.0,0.0,0.0,8.207488,0.0,0.0,0.0,0.0,4.790338,0.0,5.551254,0.0,0.0,0.0,0.0,0.0,0.0,5.088946,4.462537,0.0,1.5863272,0.0,2.4913652,0.0,0.0,0.0,0.0,0.0,9.454225,0.0,7.058134,3.075007,0.0,0.0,0.0,0.0,0.0,0.0
0.0,0.0,0.0,9.352737,0.0,0.0,0.0,0.0,0.0,0.0,4.5054646,0.0,0.0,0.0,0.0,9.854515,0.0,0.0,0.0,0.0,5.361155,0.0,6.7606053,0.0,0.0,0.0,0.0,0.0,0.0,4.6375365,4.368284,0.0,1.4153225,0.0,6.0906577,0.0,0.0,0.0,0.0,0.0,6.667439,0.0,11.937239,5.050751,0.0,0.0,0.0,0.0,0.0,0.0
0.0,0.0,0.0,14.131686,0.0,0.0,0.0,0.0,5.6759453,0.0,7.099276,0.0,0.0,0.0,0.0,7.332152,0.0,0.0,0.0,0.0,6.6486526,0.0,2.9246142,0.0,0.0,0.0,0.0,0.0,0.0,6.908384,2.6617749,0.0,4.296577,0.0,7.5935655,0.0,0.0,0.0,0.0,0.0,9.586334,0.0,11.15389,6.587587,0.0,0.0,0.0,0.0,0.0,0.0
0.0,0.0,0.0,12.510183,0.0,0.0,0.0,0.0,1.467019,0.0,7.093613,0.0,0.0,0.0,0.0,10.059441,0.0,0.0,0.0,0.0,10.251193,0.0,7.326555,0.0,0.0,0.0,0.0,0.0,0.0,10.960118,2.1101115,0.0,0.0,0.0,6.1392436,0.0,0.0,0.0,0.0,0.0,10.7212715,0.0,12.153122,7.660759,0.0,1.1741849,0.0,0.0,0.0,0.0
0.0,0.0,0.0,12.276131,0.0,0.0,0.0,0.0,2.6120172,0.0,1.3488737,0.0,0.0,0.0,0.0,9.820887,0.0,0.0,0.0,0.0,2.8093767,0.0,3.1788504,0.0,0.0,0.0,0.0,0.0,0.0,8.088522,3.9319303,0.0,3.0292406,0.0,2.8151557,0.0,0.0,0.0,0.0,0.0,8.529141,0.0,8.363824,5.5622244,0.0,0.0,0.0,0.0,0.0,0.0
0.0,0.0,0.0,10.79067,0.0,0.0,0.0,0.0,4.1816053,0.0,5.081268,0.0,0.0,0.0,0.0,8.721917,0.0,0.0,0.0,0.0,3.201935,0.0,5.9208884,0.0,0.0,0.0,0.0,0.0,0.0,3.2592826,4.907774,0.0,1.7761829,0.0,3.6173086,0.0,0.0,0.0,0.0,0.0,8.052946,0.0,8.12832,4.5628247,0.0,0.0,0.0,0.0,0.0,0.0
0.0,0.0,0.0,12.73468,0.0,0.0,0.0,0.0,2.505759,0.0,6.2920904,0.0,0.0,0.0,0.0,9.210207,0.0,0.0,0.0,0.0,6.6510463,0.0,4.4880424,0.0,0.0,0.0,0.0,0.0,0.0,4.670656,1.8838378,0.0,3.888086,0.0,6.8784847,0.0,0.0,0.0,0.0,0.0,9.764619,0.0,10.154337,6.181091,0.0,0.0,0.0,0.0,0.0,0.0
0.0,0.0,0.0,14.421347,0.0,0.0,0.0,0.0,3.2784345,0.0,6.4161186,0.0,0.0,0.0,0.0,8.263314,0.0,0.0,0.0,0.0,8.747191,0.0,6.0239935,0.0,0.0,0.0,0.0,0.0,0.0,9.634341,3.8573413,0.0,1.3622053,0.0,7.374964,0.0,0.0,0.0,0.0,0.0,10.460028,0.0,12.65486,7.6611586,0.0,0.0,0.0,0.0,0.0,0.0
0.0,0.0,0.0,12.553429,0.0,0.0,0.0,0.0,2.191418,0.0,3.455916,0.0,0.0,0.0,0.0,10.685074,0.0,0.0,0.0,0.0,5.9631457,0.0,4.089239,0.0,0.0,0.0,0.0,0.0,0.0,7.707014,3.3619263,0.0,0.85309553,0.0,4.7608976,0.0,0.0,0.0,0.0,0.0,9.720805,0.0,8.85882,6.189336,0.0,0.0,0.0,0.0,0.0,0.0
0.0,0.0,0.0,11.591385,0.0,0.0,0.0,0.0,1.4745976,0.0,3.7571592,0.0,0.0,0.0,0.0,8.773372,0.0,0.0,0.0,0.0,3.9331853,0.0,5.979873,0.0,0.0,0.0,0.0,0.0,0.0,6.137895,4.482626,0.0,1.1555649,0.0,3.1476893,0.0,0.0,0.0,0.0,0.0,8.075148,0.0,8.431551,3.8306012,0.0,0.0,0.0,0.0,0.0,0.0
0.0,0.0,0.0,9.9964,0.0,0.0,0.0,0.0,1.5375925,0.0,3.885292,0.0,0.0,0.0,0.0,9.04598,0.0,0.0,0.0,0.0,3.1377661,0.0,4.1686673,0.7339126,0.0,0.0,0.043609027,0.0,0.0,3.8073137,3.9112618,0.0,3.6941996,0.0,4.853675,0.0,0.0,0.0,0.0,0.0,7.075978,0.0,9.466181,3.9108977,0.0,0.0,0.0,0.0,0.0,0.0
0.0,0.0,0.0,14.146908,0.0,0.0,0.0,0.0,3.7297766,0.0,6.9634466,0.0,0.0,0.0,0.0,7.576263,0.0,0.0,0.0,0.0,8.361087,0.0,4.48482,0.0,0.0,0.0,0.0,0.0,0.0,7.7907257,2.4270442,0.0,2.6782951,0.0,6.492434,0.0,0.0,0.0,0.0,0.0,10.033467,0.0,11.457701,6.30835,0.0,0.0,0.0,0.0,0.0,0.0
0.0,0.0,0.0,12.321804,0.0,0.0,0.0,0.0,2.3079321,0.0,4.914115,0.0,0.0,0.0,0.0,10.428625,0.0,0.0,0.0,0.0,7.4823995,0.0,5.7049103,0.0,0.0,0.0,0.0,0.0,0.0,9.334681,2.871755,0.0,0.72550786,0.0,6.7649803,0.0,0.0,0.0,0.0,0.0,9.515214,0.0,11.101347,8.0832205,0.0,0.19733508,0.0,0.0,0.0,0.0
0.0,0.0,0.0,11.886293,0.0,0.0,0.0,0.0,3.7672617,0.0,3.1913867,0.0,0.0,0.0,0.0,9.990057,0.0,0.0,0.0,0.0,3.726027,0.0,3.4694235,0.0,0.0,0.0,0.0,0.0,0.0,7.960236,3.5050037,0.0,2.4640691,0.0,5.410444,0.0,0.0,0.0,0.0,0.0,9.982274,0.0,8.218292,5.4487567,0.0,0.0,0.0,0.0,0.0,0.0
0.0,0.0,0.0,12.203465,0.0,0.0,0.0,0.0,2.6239862,0.0,3.8715963,0.0,0.0,0.0,0.0,8.767918,0.0,0.0,0.0,0.0,4.3365397,0.0,5.904514,0.0,0.0,0.0,0.0,0.0,0.0,6.268881,4.7855053,0.0,1.5255047,0.0,3.7709394,0.0,0.0,0.0,0.0,0.0,8.708588,0.0,7.7244463,4.0137744,0.0,0.0,0.0,0.0,0.0,0.0
0.0,0.0,0.0,10.918499,0.0,0.0,0.0,0.0,1.4526893,0.0,4.095588,0.0,0.0,0.0,0.0,9.577012,0.0,0.0,0.0,0.0,4.5829105,0.0,5.948362,0.0,0.0,0.0,0.0,0.0,0.0,5.405661,3.7150767,0.0,1.8233244,0.0,5.4956107,0.0,0.0,0.0,0.0,0.0,7.345255,0.0,9.774494,4.853961,0.0,0.0,0.0,0.0,0.0,0.0
0.0,0.0,0.0,11.983578,0.0,0.0,0.0,0.0,3.1874294,0.0,4.9640994,0.0,0.0,0.0,0.0,8.523973,0.0,0.0,0.0,0.0,4.3907514,0.0,3.4694965,0.0,0.0,0.0,0.0,0.0,0.0,6.671057,2.419524,0.0,3.338549,0.0,6.401915,0.0,0.0,0.0,0.0,0.0,9.430424,0.0,9.066274,4.98789,0.0,0.0,0.0,0.0,0.0,0.0
0.0,0.0,0.0,11.103643,0.0,0.0,0.0,0.0,1.4695705,0.0,5.036276,0.0,0.0,0.0,0.0,8.868747,0.0,0.0,0.0,0.0,6.879584,0.0,5.7842298,0.0,0.0,0.0,0.0,0.0,0.0,7.105808,3.9622257,0.0,0.61291206,0.0,6.481022,0.0,0.0,0.0,0.0,0.0,8.988572,0.0,11.445576,5.733852,0.0,0.0,0.0,0.0,0.0,0.0
0.0,0.0,0.0,11.947756,0.0,0.0,0.0,0.0,2.3501055,0.0,3.4999874,0.0,0.0,0.0,0.0,9.6285715,0.0,0.0,0.0,0.0,5.042034,0.0,3.7564692,0.0,0.0,0.0,0.0,0.0,0.0,6.4806075,2.8272045,0.0,2.840657,0.0,4.870334,0.0,0.0,0.0,0.0,0.0,8.18128,0.0,9.572888,5.4577055,0.0,0.0,0.0,0.0,0.0,0.0
0.0,0.0,0.0,11.092619,0.0,0.0,0.0,0.0,3.0317886,0.0,5.216273,0.0,0.0,0.0,0.0,8.853974,0.0,0.0,0.0,0.0,5.184281,0.0,5.741266,0.0,0.0,0.0,0.0,0.0,0.0,7.026195,3.7204545,0.0,1.4701561,0.0,4.733886,0.0,0.0,0.0,0.0,0.0,10.354234,0.0,8.752779,4.4607897,0.0,0.0,0.0,0.0,0.0,0.0
0.0,0.0,0.0,10.480375,0.0,0.0,0.0,0.0,0.9723102,0.0,3.5758681,0.0,0.0,0.0,0.0,10.096735,0.0,0.0,0.0,0.0,5.406064,0.0,5.862662,0.0,0.0,0.0,0.0,0.0,0.0,7.0366507,4.5556645,0.0,1.1407087,0.0,5.5805244,0.0,0.0,0.0,0.0,0.0,7.5718565,0.0,11.117419,5.843783,0.0,0.0,0.0,0.0,0.0,0.0
0.0,0.0,0.0,13.630936,0.0,0.0,0.0,0.0,4.9796605,0.0,4.977141,0.0,0.0,0.0,0.0,7.9460473,0.0,0.0,0.0,0.0,5.4587035,0.0,3.01605,0.0,0.0,0.0,0.0,0.0,0.0,6.836206,2.5315402,0.0,3.7615786,0.0,5.715737,0.0,0.0,0.0,0.0,0.0,9.731646,0.0,10.046879,6.0352535,0.0,0.0,0.0,0.0,0.0,0.0
0.0,0.0,0.0,13.519424,0.0,0.0,0.0,0.0,3.9022677,0.0,5.334645,0.0,0.0,0.0,0.0,10.400093,0.0,0.0,0.0,0.0,7.6287313,0.0,6.170426,0.0,0.0,0.0,0.0,0.0,0.0,9.308286,3.8702242,0.0,0.0,0.0,6.0538316,0.0,0.0,0.0,0.0,0.0,10.665514,0.0,9.991725,7.048872,0.0,0.0,0.0,0.0,0.0,0.0
0.0,0.0,0.0,12.411251,0.0,0.0,0.0,0.0,1.6821982,0.0,1.9852066,0.0,0.0,0.0,0.0,10.424498,0.0,0.0,0.0,0.0,3.632887,0.0,4.652949,0.0,0.0,0.0,0.0,0.0,0.0,6.1938777,3.5183148,0.0,2.4812343,0.0,3.1939545,0.0,0.0,0.0,0.0,0.0,9.435052,0.0,7.3303986,5.868696,0.0,0.0,0.0,0.0,0.0,0.0
0.0,0.0,0.0,11.889426,0.0,0.0,0.0,0.0,3.5310786,0.0,4.246902,0.0,0.0,0.0,0.0,8.724949,0.0,0.0,0.0,0.0,3.4840522,0.0,7.0675497,0.0,0.0,0.0,0.0,0.0,0.0,5.0335674,4.80051,0.0,3.465171,0.0,2.437421,0.0,0.0,0.0,0.0,0.0,8.884414,0.0,8.728979,3.7022738,0.0,0.0,0.0,0.0,0.0,0.0
0.0,0.0,0.0,11.309651,0.0,0.0,0.0,0.0,0.42604578,0.0,4.4224954,0.0,0.0,0.0,0.0,9.192572,0.0,0.0,0.0,0.0,6.6884785,0.0,6.827272,0.0,0.0,0.0,0.0,0.0,0.0,5.476801,4.0130653,0.0,2.207174,0.0,5.337218,0.0,0.0,0.0,0.0,0.0,7.59525,0.0,10.967696,4.8439083,0.0,0.0,0.0,0.0,0.0,0.0
0.0,0.0,0.0,13.8827095,0.0,0.0,0.0,0.0,3.8393114,0.0,4.954974,0.0,0.0,0.0,0.0,8.877341,0.0,0.0,0.0,0.0,6.1859064,0.0,3.9951432,0.0,0.0,0.0,0.0,0.0,0.0,7.9520307,3.5583308,0.0,2.8545127,0.0,6.937458,0.0,0.0,0.0,0.0,0.0,8.150073,0.0,12.113003,5.598092,0.0,0.0,0.0,0.0,0.0,0.0
0.0,0.0,0.0,13.255995,0.0,0.0,0.0,0.0,3.4606788,0.0,5.353271,0.0,0.0,0.0,0.0,10.695975,0.0,0.0,0.0,0.0,8.935786,0.0,4.256595,0.0,0.0,0.0,0.0,0.0,0.0,9.686517,3.3138254,0.0,0.74073243,0.0,7.2119575,0.0,0.0,0.0,0.0,0.0,11.129306,0.0,10.337017,7.0962334,0.0,0.0,0.0,0.0,0.0,0.0
0.0,0.0,0.0,12.739527,0.0,0.0,0.0,0.0,2.960578,0.0,2.9002645,0.0,0.0,0.0,0.0,10.273696,0.0,0.0,0.0,0.0,2.280956,0.0,5.2473025,0.0,0.0,0.0,0.0,0.0,0.0,7.995867,4.3066463,0.0,1.785481,0.0,3.4813747,0.0,0.0,0.0,0.0,0.0,9.553086,0.0,9.071319,5.5967803,0.0,0.0,0.0,0.0,0.0,0.0
0.0,0.0,0.0,11.174662,0.0,0.0,0.0,0.0,2.620401,0.0,3.295907,0.0,0.0,0.0,0.0,9.997586,0.0,0.0,0.0,0.0,3.5567846,0.0,5.438318,0.65669,0.0,0.0,0.0,0.0,0.0,4.531429,4.9519153,0.0,1.9170759,0.0,4.485832,0.0,0.0,0.0,0.0,0.0,8.265131,0.0,7.9609714,3.6185765,0.0,0.0,0.0,0.0,0.0,0.0
0.0,0.0,0.0,12.083651,0.0,0.0,0.0,0.0,2.6209457,0.0,6.0914197,0.0,0.0,0.0,0.0,9.018457,0.0,0.0,0.0,0.0,5.0674076,0.0,4.2682023,0.0,0.0,0.0,0.2762096,0.0,0.0,5.4912577,2.302206,0.0,4.4941597,0.0,7.1958575,0.0,0.0,0.0,0.0,0.0,9.892908,0.0,10.759566,6.1340322,0.0,0.0,0.0,0.0,0.0,0.0
0.0,0.0,0.0,13.219566,0.0,0.0,0.0,0.0,4.201881,0.0,6.4365163,0.0,0.0,0.0,0.0,8.789847,0.0,0.0,0.0,0.0,8.069719,0.0,6.374209,0.0,0.0,0.0,0.0,0.0,0.0,9.299407,3.7257462,0.0,1.1052246,0.0,8.454121,0.0,0.0,0.0,0.0,0.0,10.848472,0.0,12.659135,6.983075,0.0,0.0,0.0,0.0,0.0,0.0
0.0,0.0,0.0,13.148914,0.0,0.0,0.0,0.0,1.6075852,0.0,3.850277,0.0,0.0,0.0,0.0,11.079595,0.0,0.0,0.0,0.0,6.2520676,0.0,4.398108,0.0,0.0,0.0,0.0,0.0,0.0,7.81379,3.0591443,0.0,2.0556254,0.0,6.229857,0.0,0.0,0.0,0.0,0.0,10.273095,0.0,10.127724,6.0061097,0.0,0.0,0.0,0.0,0.0,0.0
0.0,0.0,0.0,13.151804,0.0,0.0,0.0,0.0,4.0860767,0.0,3.5236568,0.0,0.0,0.0,0.0,9.768787,0.0,0.0,0.0,0.0,3.3780186,0.0,5.4840903,0.0,0.0,0.0,0.0,0.0,0.0,6.5128226,5.4140754,0.0,2.4274852,0.0,4.938854,0.0,0.0,0.0,0.0,0.0,9.378889,0.0,9.368115,4.360262,0.0,0.0,0.0,0.0,0.0,0.0
0.0,0.0,0.0,11.348497,0.0,0.0,0.0,0.0,0.8078106,0.0,4.1046042,0.0,0.0,0.0,0.0,11.082865,0.0,0.0,0.0,0.0,5.5430875,0.0,6.0276017,0.0,0.0,0.0,0.0,0.0,0.0,5.77676,2.96048,0.0,2.303038,0.0,5.8302927,0.0,0.0,0.0,0.0,0.0,8.412928,0.0,9.720428,5.362593,0.0,0.0,0.0,0.0,0.0,0.0
0.0,0.0,0.0,14.653142,0.0,0.0,0.0,0.0,5.908016,0.0,6.416145,0.0,0.0,0.0,0.0,7.7569203,0.0,0.0,0.0,0.0,6.0660357,0.0,4.24011,0.0,0.0,0.0,0.0,0.0,0.0,7.6625214,3.6387913,0.0,3.002246,0.0,5.7648253,0.0,0.0,0.0,0.0,0.0,10.380795,0.0,10.095303,6.0847287,0.0,0.0,0.0,0.0,0.0,0.0
0.0,0.0,0.0,11.497636,0.0,0.0,0.0,0.0,0.0,0.0,5.0702586,0.0,0.0,0.0,0.0,10.752848,0.0,0.0,0.0,0.0,8.3214855,0.0,7.2779303,0.0,0.0,0.0,0.0,0.0,0.0,8.813963,3.9917834,0.0,0.0,0.0,4.95377,0.0,0.0,0.0,0.0,0.0,8.199427,0.0,11.438099,6.1531324,0.0,0.0,0.0,0.0,0.0,0.0
0.0,0.0,0.0,11.438969,0.0,0.0,0.0,0.0,4.229458,0.0,1.7596728,0.0,0.0,0.0,0.0,7.811457,0.0,0.0,0.0,0.0,0.5960758,0.0,1.9837022,0.40675694,0.0,0.0,0.67375284,0.0,0.0,7.201363,4.2704453,0.0,4.6368885,0.0,4.4647927,0.0,0.0,0.0,0.0,0.0,8.36244,0.0,7.6615915,5.2639995,0.0,0.0,0.0,0.0,0.0,0.0
0.0,0.0,0.0,11.990059,0.0,0.0,0.0,0.0,1.8297923,0.0,7.0333147,0.0,0.0,0.0,0.0,7.853864,0.0,0.0,0.0,0.0,6.9966445,0.0,8.240223,0.0,0.0,0.0,0.0,0.0,0.0,5.1699896,4.075661,0.0,0.87545407,0.0,3.2724211,0.0,0.0,0.0,0.0,0.0,7.6555796,0.0,8.310589,5.024124,0.0,0.0,0.0,0.0,0.0,0.0
0.0,0.0,0.0,9.66468,0.0,0.0,0.0,0.0,0.0,0.0,4.4250216,0.0,0.0,0.0,0.0,9.491814,0.0,0.0,0.0,0.0,4.9745502,0.0,4.6054673,0.0,0.0,0.0,0.0,0.0,0.0,5.849171,3.0313194,0.0,2.6014678,0.0,6.2636657,0.0,0.0,0.0,0.0,0.0,7.638362,0.0,10.643026,6.986743,0.0,0.002754882,0.0,0.0,0.0,0.0
0.0,0.0,0.0,13.642416,0.0,0.0,0.0,0.0,7.367135,0.0,6.414448,0.0,0.0,0.0,0.0,6.6781917,0.0,0.0,0.0,0.0,5.008796,0.0,2.9570434,0.0,0.0,0.0,0.0,0.0,0.0,6.514286,3.2122824,0.0,3.4386234,0.0,7.385604,0.0,0.0,0.0,0.0,0.0,10.138016,0.0,9.836766,6.12477,0.0,0.0,0.0,0.0,0.0,0.0
0.0,0.0,0.0,11.736012,0.0,0.0,0.0,0.0,0.3229658,0.0,6.7604947,0.0,0.0,0.0,0.0,9.68597,0.0,0.0,0.0,0.0,11.1315,0.0,7.776494,0.0,0.0,0.0,0.0,0.0,0.0,8.248215,2.5953033,0.0,0.0,0.0,6.182199,0.0,0.0,0.0,0.0,0.0,9.349109,0.0,9.882931,6.757125,0.0,0.30160075,0.0,0.0,0.0,0.0
0.0,0.0,0.0,8.743332,0.0,0.0,0.0,0.0,2.1389778,0.0,1.7314368,0.0,0.0,0.0,0.0,9.481125,0.0,0.0,0.0,0.0,0.3633473,0.0,2.4795785,1.2494756,0.0,0.0,0.07079624,0.0,0.0,6.8235226,3.9172204,0.0,3.8168287,0.0,3.7909288,0.0,0.0,0.0,0.0,0.0,9.271683,0.0,8.765796,5.3017144,0.0,0.0,0.0,0.0,0.0,0.0
0.0,0.0,0.0,12.0206585,0.0,0.0,0.0,0.0,3.8087947,0.0,4.8554215,0.0,0.0,0.0,0.0,7.0916867,0.0,0.0,0.0,0.0,4.631499,0.0,6.948973,0.0,0.0,0.0,0.0,0.0,0.0,5.1868887,4.9473057,0.0,1.9107349,0.0,4.1607537,0.0,0.0,0.0,0.0,0.0,7.9736967,0.0,8.9306,2.7314196,0.0,0.0,0.0,0.0,0.0,0.0
0.0,0.0,0.0,11.013337,0.0,0.0,0.0,0.0,0.0,0.0,4.189679,0.0,0.0,0.0,0.0,9.61986,0.0,0.0,0.0,0.0,6.852424,0.0,6.306307,0.0,0.0,0.0,0.0,0.0,0.0,5.91733,2.9874227,0.0,1.0101596,0.0,5.812727,0.0,0.0,0.0,0.0,0.0,6.4886355,0.0,11.732949,5.4946127,0.0,0.0,0.0,0.0,0.0,0.0
0.0,0.0,0.0,13.680141,0.0,0.0,0.0,0.0,6.692548,0.0,4.5134277,0.0,0.0,0.0,0.0,8.201645,0.0,0.0,0.0,0.0,4.468205,0.0,2.7017918,0.0,0.0,0.0,0.0,0.0,0.0,8.741513,4.4079537,0.0,4.11829,0.0,7.4864507,0.0,0.0,0.0,0.0,0.0,10.248754,0.0,10.9487095,6.9980145,0.0,0.0,0.0,0.0,0.0,0.0
0.0,0.0,0.0,13.161617,0.0,0.0,0.0,0.0,2.9922945,0.0,7.0543604,0.0,0.0,0.0,0.0,9.312923,0.0,0.0,0.0,0.0,9.024102,0.0,7.3432965,0.0,0.0,0.0,0.0,0.0,0.0,8.345255,1.706834,0.0,0.21479538,0.0,5.523907,0.0,0.0,0.0,0.0,0.0,10.72055,0.0,8.488326,6.8289175,0.0,0.0,0.0,0.0,0.0,0.0
0.0,0.0,0.0,9.914919,0.0,0.0,0.0,0.0,0.9572507,0.0,3.8890104,0.0,0.0,0.0,0.0,9.837894,0.0,0.0,0.0,0.0,2.8008163,0.0,4.622691,0.28143778,0.0,0.0,0.0,0.0,0.0,7.0674124,3.7442648,0.0,3.067057,0.0,3.9988317,0.0,0.0,0.0,0.0,0.0,9.255883,0.0,9.808889,6.393819,0.0,0.0,0.0,0.0,0.0,0.0
0.0,0.0,0.0,12.4714,0.0,0.0,0.0,0.0,3.1606839,0.0,3.8838658,0.0,0.0,0.0,0.0,8.01888,0.0,0.0,0.0,0.0,3.7418175,0.0,5.2789197,0.0,0.0,0.0,0.0,0.0,0.0,4.2981625,4.878829,0.0,1.1761779,0.0,4.4194713,0.0,0.0,0.0,0.0,0.0,6.954432,0.0,8.501679,5.0345893,0.0,0.0,0.0,0.0,0.0,0.0
0.0,0.0,0.0,12.071314,0.0,0.0,0.0,0.0,1.439203,0.0,5.562919,0.0,0.0,0.0,0.0,9.156983,0.0,0.0,0.0,0.0,7.5445495,0.0,5.5266786,0.0,0.0,0.0,0.0,0.0,0.0,5.73154,2.153354,0.0,2.194141,0.0,6.125258,0.0,0.0,0.0,0.0,0.0,9.88633,0.0,10.399718,5.3731656,0.0,0.0,0.0,0.0,0.0,0.0
0.0,0.0,0.0,11.75861,0.0,0.0,0.0,0.0,3.1710234,0.0,5.4378486,0.0,0.0,0.0,0.0,10.306529,0.0,0.0,0.0,0.0,7.0095124,0.0,6.534758,0.0,0.0,0.0,0.0,0.0,0.0,9.416231,2.9610684,0.0,2.6020002,0.0,6.4048467,0.0,0.0,0.0,0.0,0.0,8.954734,0.0,11.972107,7.5262694,0.0,0.20865305,0.0,0.0,0.0,0.0
0.0,0.0,0.0,12.187151,0.0,0.0,0.0,0.0,3.9082525,0.0,4.035001,0.0,0.0,0.0,0.0,9.404982,0.0,0.0,0.0,0.0,5.6380763,0.0,4.316537,0.0,0.0,0.0,0.0,0.0,0.0,8.891833,3.317918,0.0,2.2620444,0.0,5.0466733,0.0,0.0,0.0,0.0,0.0,9.960155,0.0,9.383212,5.6449275,0.0,0.0,0.0,0.0,0.0,0.0
0.0,0.0,0.0,11.707048,0.0,0.0,0.0,0.0,1.5121058,0.0,3.6563754,0.0,0.0,0.0,0.0,10.404468,0.0,0.0,0.0,0.0,5.1648755,0.0,5.399547,0.0,0.0,0.0,0.0,0.0,0.0,6.1214304,4.3581247,0.0,1.1133306,0.0,4.2655907,0.0,0.0,0.0,0.0,0.0,8.708105,0.0,9.28712,5.0257907,0.0,0.0,0.0,0.0,0.0,0.0
0.0,0.0,0.0,12.62632,0.0,0.0,0.0,0.0,2.8429427,0.0,4.2993636,0.0,0.0,0.0,0.0,9.180442,0.0,0.0,0.0,0.0,2.497815,0.0,4.0795283,0.0,0.0,0.0,0.0,0.0,0.0,5.427747,4.1255264,0.0,2.4037967,0.0,6.1683364,0.0,0.0,0.0,0.0,0.0,8.3006735,0.0,9.400202,4.5018034,0.0,0.0,0.0,0.0,0.0,0.0
0.0,0.0,0.0,13.155127,0.0,0.0,0.0,0.0,1.8507179,0.0,6.1906023,0.0,0.0,0.0,0.0,9.591524,0.0,0.0,0.0,0.0,7.4169307,0.0,5.8742957,0.0,0.0,0.0,0.0,0.0,0.0,6.2553644,3.3665593,0.0,2.2713132,0.0,6.9705696,0.0,0.0,0.0,0.0,0.0,10.624641,0.0,10.2467575,5.7551374,0.0,0.0,0.0,0.0,0.0,0.0
0.0,0.0,0.0,12.694046,0.0,0.0,0.0,0.0,1.7704884,0.0,4.390144,0.0,0.0,0.0,0.0,8.930732,0.0,0.0,0.0,0.0,4.9345865,0.0,5.051721,0.0,0.0,0.0,0.0,0.0,0.0,7.9402084,4.015005,0.0,1.8552928,0.0,6.6202364,0.0,0.0,0.0,0.0,0.0,9.228553,0.0,11.203452,6.2512536,0.0,0.0,0.0,0.0,0.0,0.0
0.0,0.0,0.0,13.227909,0.0,0.0,0.0,0.0,2.3328512,0.0,4.59256,0.0,0.0,0.0,0.0,9.102381,0.0,0.0,0.0,0.0,6.134223,0.0,4.103082,0.0,0.0,0.0,0.0,0.0,0.0,6.310729,2.3174117,0.0,1.6062437,0.0,6.8364477,0.0,0.0,0.0,0.0,0.0,10.096948,0.0,9.431952,5.2684984,0.0,0.0,0.0,0.0,0.0,0.0
0.0,0.0,0.0,10.749319,0.0,0.0,0.0,0.0,2.4190948,0.0,3.56468,0.0,0.0,0.0,0.0,9.83371,0.0,0.0,0.0,0.0,4.8281007,0.0,5.606829,0.0,0.0,0.0,0.0,0.0,0.0,7.6064568,4.0040927,0.0,3.1062543,0.0,4.91335,0.0,0.0,0.0,0.0,0.0,9.469442,0.0,11.06909,5.022443,0.0,0.0,0.0,0.0,0.0,0.0
0.0,0.0,0.0,10.240775,0.0,0.0,0.0,0.0,2.6106198,0.0,5.065709,0.0,0.0,0.0,0.0,9.48729,0.0,0.0,0.0,0.0,6.0008187,0.0,5.381583,0.0,0.0,0.0,0.0,0.0,0.0,7.0351977,4.042965,0.0,1.1626171,0.0,5.080457,0.0,0.0,0.0,0.0,0.0,8.8270445,0.0,10.989048,5.0857077,0.0,0.0,0.0,0.0,0.0,0.0
0.0,0.0,0.0,11.516852,0.0,0.0,0.0,0.0,2.6891198,0.0,3.4302037,0.0,0.0,0.0,0.0,9.646893,0.0,0.0,0.0,0.0,3.7125828,0.0,3.521342,0.0,0.0,0.0,0.44281027,0.0,0.0,6.212868,4.0233736,0.0,3.2855392,0.0,6.0167146,0.0,0.0,0.0,0.0,0.0,8.657237,0.0,11.563567,5.3674545,0.0,0.0,0.0,0.0,0.0,0.0
0.0,0.0,0.0,13.385072,0.0,0.0,0.0,0.0,3.6487167,0.0,5.8636446,0.0,0.0,0.0,0.0,7.893871,0.0,0.0,0.0,0.0,5.74986,0.0,4.6218123,0.0,0.0,0.0,0.0,0.0,0.0,7.063357,2.7295158,0.0,2.4963486,0.0,7.083141,0.0,0.0,0.0,0.0,0.0,9.698468,0.0,9.147467,5.2361546,0.0,0.0,0.0,0.0,0.0,0.0
0.0,0.0,0.0,11.138678,0.0,0.0,0.0,0.0,0.017300114,0.0,5.3903837,0.0,0.0,0.0,0.0,10.055243,0.0,0.0,0.0,0.0,6.1071973,0.0,6.441156,0.0,0.0,0.0,0.0,0.0,0.0,7.808267,2.5898187,0.0,1.6202255,0.0,5.911224,0.0,0.0,0.0,0.0,0.0,9.448292,0.0,10.260176,6.7485943,0.0,0.18564077,0.0,0.0,0.0,0.0
0.0,0.0,0.0,12.785096,0.0,0.0,0.0,0.0,3.3807924,0.0,3.1848783,0.0,0.0,0.0,0.0,8.444659,0.0,0.0,0.0,0.0,3.4175835,0.0,3.9125273,0.0,0.0,0.0,0.0,0.0,0.0,6.0039396,4.304593,0.0,2.7965019,0.0,4.6755075,0.0,0.0,0.0,0.0,0.0,8.610242,0.0,8.842061,4.4391603,0.0,0.0,0.0,0.0,0.0,0.0
0.0,0.0,0.0,11.181207,0.0,0.0,0.0,0.0,2.4285324,0.0,4.9348125,0.0,0.0,0.0,0.0,9.275734,0.0,0.0,0.0,0.0,5.736137,0.0,5.8678765,0.0,0.0,0.0,0.0,0.0,0.0,4.682897,3.0501592,0.0,1.9122983,0.0,4.90601,0.0,0.0,0.0,0.0,0.0,7.913578,0.0,9.990202,4.831989,0.0,0.0,0.0,0.0,0.0,0.0
0.0,0.0,0.0,11.895915,0.0,0.0,0.0,0.0,4.8822126,0.0,4.845256,0.0,0.0,0.0,0.0,8.222189,0.0,0.0,0.0,0.0,4.823346,0.0,3.2587936,0.0,0.0,0.0,0.0,0.0,0.0,7.6822066,3.0886743,0.0,3.7056897,0.0,7.4677124,0.0,0.0,0.0,0.0,0.0,8.650416,0.0,10.524558,6.3901634,0.0,0.0,0.0,0.0,0.0,0.0
0.0,0.0,0.0,14.081049,0.0,0.0,0.0,0.0,1.6166998,0.0,6.2496657,0.0,0.0,0.0,0.0,8.959993,0.0,0.0,0.0,0.0,8.915242,0.0,6.2876825,0.0,0.0,0.0,0.0,0.0,0.0,9.051775,2.8374317,0.0,0.74086976,0.0,5.5620112,0.0,0.0,0.0,0.0,0.0,10.880425,0.0,9.0337925,5.9253483,0.0,0.0,0.0,0.0,0.0,0.0
0.0,0.0,0.0,9.192438,0.0,0.0,0.0,0.0,1.2462252,0.0,2.402178,0.0,0.0,0.0,0.0,8.730662,0.0,0.0,0.0,0.0,2.0158541,0.0,4.377208,0.0,0.0,0.0,0.0,0.0,0.0,6.8493056,4.828189,0.0,1.106718,0.0,3.071418,0.0,0.0,0.0,0.0,0.0,7.435843,0.0,8.787424,6.1698575,0.0,0.0,0.0,0.0,0.0,0.0
0.0,0.0,0.0,11.667005,0.0,0.0,0.0,0.0,3.43993,0.0,4.826107,0.0,0.0,0.0,0.0,7.7100463,0.0,0.0,0.0,0.0,3.63921,0.0,4.92794,0.0,0.0,0.0,0.0,0.0,0.0,3.6235125,4.36944,0.0,2.06432,0.0,3.4377573,0.0,0.0,0.0,0.0,0.0,7.9668593,0.0,7.0536222,2.4821067,0.0,0.0,0.0,0.0,0.0,0.0
0.0,0.0,0.0,12.073258,0.0,0.0,0.0,0.0,0.374004,0.0,5.7250266,0.0,0.0,0.0,0.0,8.157829,0.0,0.0,0.0,0.0,7.1902537,0.0,6.2365932,0.0,0.0,0.0,0.0,0.0,0.0,5.893184,3.4937139,0.0,2.1672237,0.0,5.9305606,0.0,0.0,0.0,0.0,0.0,7.291135,0.0,11.672474,5.7537374,0.0,0.0,0.0,0.0,0.0,0.0
0.0,0.0,0.0,12.631331,0.0,0.0,0.0,0.0,3.6357963,0.0,5.676083,0.0,0.0,0.0,0.0,8.358583,0.0,0.0,0.0,0.0,5.983588,0.0,3.2162943,0.0,0.0,0.0,0.0,0.0,0.0,7.5676484,2.3451705,0.0,2.791744,0.0,7.1082015,0.0,0.0,0.0,0.0,0.0,9.751437,0.0,11.503336,7.432196,0.0,0.0,0.0,0.0,0.0,0.0
0.0,0.0,0.0,12.540123,0.0,0.0,0.0,0.0,4.1820993,0.0,5.553727,0.0,0.0,0.0,0.0,9.053719,0.0,0.0,0.0,0.0,5.339609,0.0,4.3500886,0.0,0.0,0.0,0.0,0.0,0.0,7.5167956,2.7108223,0.0,2.870708,0.0,5.6789336,0.0,0.0,0.0,0.0,0.0,10.660823,0.0,8.633863,6.80383,0.0,0.0,0.0,0.0,0.0,0.0
0.0,0.0,0.0,11.842962,0.0,0.0,0.0,0.0,1.5445641,0.0,5.106342,0.0,0.0,0.0,0.0,8.832597,0.0,0.0,0.0,0.0,6.375962,0.0,6.9013195,0.0,0.0,0.0,0.0,0.0,0.0,6.1451263,3.5046341,0.0,1.1106359,0.0,5.9493456,0.0,0.0,0.0,0.0,0.0,8.605663,0.0,8.661716,5.6544003,0.0,0.0,0.0,0.0,0.0,0.0
0.0,0.0,0.0,11.557735,0.0,0.0,0.0,0.0,0.38590324,0.0,3.8478498,0.0,0.0,0.0,0.0,9.6506195,0.0,0.0,0.0,0.0,5.3598695,0.0,5.162581,0.0,0.0,0.0,0.0,0.0,0.0,6.1970773,3.7302732,0.0,1.6529415,0.0,5.581908,0.0,0.0,0.0,0.0,0.0,8.411195,0.0,10.192092,5.1272287,0.0,0.0,0.0,0.0,0.0,0.0
0.0,0.0,0.0,11.876664,0.0,0.0,0.0,0.0,3.1948292,0.0,4.9864297,0.0,0.0,0.0,0.0,8.430225,0.0,0.0,0.0,0.0,4.196941,0.0,3.8182871,0.0,0.0,0.0,0.0,0.0,0.0,5.1213217,3.1900847,0.0,2.8327541,0.0,6.2150135,0.0,0.0,0.0,0.0,0.0,8.314342,0.0,10.720883,4.7757435,0.0,0.0,0.0,0.0,0.0,0.0
0.0,0.0,0.0,12.127094,0.0,0.0,0.0,0.0,1.8699219,0.0,5.855769,0.0,0.0,0.0,0.0,9.219957,0.0,0.0,0.0,0.0,7.774594,0.0,5.6635995,0.0,0.0,0.0,0.0,0.0,0.0,7.144862,2.774171,0.0,1.1414459,0.0,7.2723646,0.0,0.0,0.0,0.0,0.0,9.352309,0.0,10.761131,5.828222,0.0,0.0,0.0,0.0,0.0,0.0
0.0,0.0,0.0,12.255737,0.0,0.0,0.0,0.0,1.413925,0.0,3.405543,0.0,0.0,0.0,0.0,9.936468,0.0,0.0,0.0,0.0,5.365127,0.0,3.8649323,0.0,0.0,0.0,0.07471655,0.0,0.0,8.290577,3.6714776,0.0,2.052911,0.0,5.3560247,0.0,0.0,0.0,0.0,0.0,8.676589,0.0,10.463176,6.4734583,0.0,0.0,0.0,0.0,0.0,0.0
0.0,0.0,0.0,11.4369545,0.0,0.0,0.0,0.0,3.438918,0.0,3.7925496,0.0,0.0,0.0,0.0,8.851311,0.0,0.0,0.0,0.0,3.679404,0.0,4.717375,0.0,0.0,0.0,0.0,0.0,0.0,6.406073,4.269852,0.0,1.7062246,0.0,4.0538945,0.0,0.0,0.0,0.0,0.0,8.814879,0.0,8.871452,4.8048325,0.0,0.0,0.0,0.0,0.0,0.0
0.0,0.0,0.0,11.080843,0.0,0.0,0.0,0.0,1.4695863,0.0,4.061931,0.0,0.0,0.0,0.0,9.286366,0.0,0.0,0.0,0.0,3.1766737,0.0,3.9743283,0.8135103,0.0,0.0,0.0,0.0,0.0,5.243669,2.7165475,0.0,2.8585775,0.0,5.638711,0.0,0.0,0.0,0.0,0.0,8.5660305,0.0,8.856723,4.702781,0.0,0.0,0.0,0.0,0.0,0.0
0.0,0.0,0.0,11.83301,0.0,0.0,0.0,0.0,3.4286735,0.0,4.626572,0.0,0.0,0.0,0.0,9.543587,0.0,0.0,0.0,0.0,4.081941,0.0,3.7584248,0.0,0.0,0.0,0.0,0.0,0.0,5.9500656,3.2325904,0.0,3.6583524,0.0,7.551829,0.0,0.0,0.0,0.0,0.0,9.599822,0.0,9.750351,6.3729267,0.0,0.0,0.0,0.0,0.0,0.0
0.0,0.0,0.0,13.753916,0.0,0.0,0.0,0.0,3.078439,0.0,6.9029584,0.0,0.0,0.0,0.0,9.046011,0.0,0.0,0.0,0.0,9.186779,0.0,5.410053,0.0,0.0,0.0,0.0,0.0,0.0,6.877288,2.3854334,0.0,1.5910302,0.0,5.751492,0.0,0.0,0.0,0.0,0.0,10.501965,0.0,9.302451,6.199785,0.0,0.0,0.0,0.0,0.0,0.0
0.0,0.0,0.0,11.922423,0.0,0.0,0.0,0.0,0.92451113,0.0,3.6372313,0.0,0.0,0.0,0.0,10.657757,0.0,0.0,0.0,0.0,5.549922,0.0,6.3340816,0.0,0.0,0.0,0.0,0.0,0.0,8.3430605,4.201829,0.0,0.1343472,0.0,5.1994486,0.0,0.0,0.0,0.0,0.0,7.762453,0.0,11.103146,6.2846193,0.0,0.0,0.0,0.0,0.0,0.0
0.0,0.0,0.0,12.2051525,0.0,0.0,0.0,0.0,3.376086,0.0,2.834848,0.0,0.0,0.0,0.0,8.889015,0.0,0.0,0.0,0.0,3.758988,0.0,3.4167922,0.0,0.0,0.0,0.0,0.0,0.0,7.247332,3.480605,0.0,3.4076948,0.0,4.136348,0.0,0.0,0.0,0.0,0.0,9.485857,0.0,8.050922,4.3980947,0.0,0.0,0.0,0.0,0.0,0.0
0.0,0.0,0.0,11.930897,0.0,0.0,0.0,0.0,0.64532506,0.0,4.713364,0.0,0.0,0.0,0.0,8.574625,0.0,0.0,0.0,0.0,5.6325936,0.0,7.0478215,0.0,0.0,0.0,0.0,0.0,0.0,6.1898503,4.61398,0.0,0.5960754,0.0,3.564249,0.0,0.0,0.0,0.0,0.0,7.102673,0.0,10.252424,4.1065416,0.0,0.0,0.0,0.0,0.0,0.0
0.0,0.0,0.0,12.066248,0.0,0.0,0.0,0.0,1.8923479,0.0,4.239542,0.0,0.0,0.0,0.0,8.346792,0.0,0.0,0.0,0.0,4.402421,0.0,3.531781,0.0,0.0,0.0,0.0,0.0,0.0,5.797633,2.512923,0.0,3.297955,0.0,6.348437,0.0,0.0,0.0,0.0,0.0,8.543398,0.0,11.444674,5.190538,0.0,0.0,0.0,0.0,0.0,0.0
0.0,0.0,0.0,13.976946,0.0,0.0,0.0,0.0,4.9870687,0.0,6.2827935,0.0,0.0,0.0,0.0,8.370938,0.0,0.0,0.0,0.0,7.0647383,0.0,5.1189084,0.0,0.0,0.0,0.0,0.0,0.0,9.241238,3.4267693,0.0,1.3612331,0.0,8.871038,0.0,0.0,0.0,0.0,0.0,11.317344,0.0,10.755919,7.2905936,0.0,0.0,0.0,0.0,0.0,0.0
0.0,0.0,0.0,11.620115,0.0,0.0,0.0,0.0,1.9415771,0.0,3.8251565,0.0,0.0,0.0,0.0,10.569854,0.0,0.0,0.0,0.0,5.676037,0.0,3.6995635,0.0,0.0,0.0,0.0,0.0,0.0,8.64129,2.6646934,0.0,1.3599417,0.0,5.9793553,0.0,0.0,0.0,0.0,0.0,10.251865,0.0,8.35666,6.2390018,0.0,0.0,0.0,0.0,0.0,0.0
0.0,0.0,0.0,12.790185,0.0,0.0,0.0,0.0,2.2140243,0.0,3.8939843,0.0,0.0,0.0,0.0,8.94346,0.0,0.0,0.0,0.0,4.2382097,0.0,6.3553166,0.0,0.0,0.0,0.0,0.0,0.0,5.184205,5.154049,0.0,2.0663247,0.0,2.7029014,0.0,0.0,0.0,0.0,0.0,9.935865,0.0,7.46984,4.8955326,0.0,0.0,0.0,0.0,0.0,0.0
0.0,0.0,0.0,9.63074,0.0,0.0,0.0,0.0,0.0978954,0.0,4.5632834,0.0,0.0,0.0,0.0,9.326852,0.0,0.0,0.0,0.0,5.6204147,0.0,6.2054167,0.0,0.0,0.0,0.0,0.0,0.0,4.2880077,4.2386274,0.0,1.3527237,0.0,4.8816004,0.0,0.0,0.0,0.0,0.0,6.7922564,0.0,11.256565,5.2422943,0.0,0.0,0.0,0.0,0.0,0.0
0.0,0.0,0.0,13.044327,0.0,0.0,0.0,0.0,4.0184374,0.0,4.661467,0.0,0.0,0.0,0.0,8.131337,0.0,0.0,0.0,0.0,5.851893,0.0,2.6903503,0.0,0.0,0.0,0.0,0.0,0.0,6.971029,2.7071612,0.0,3.9010623,0.0,6.3342805,0.0,0.0,0.0,0.0,0.0,9.463447,0.0,10.155735,5.565608,0.0,0.0,0.0,0.0,0.0,0.0
0.0,0.0,0.0,13.483223,0.0,0.0,0.0,0.0,3.279116,0.0,5.474278,0.0,0.0,0.0,0.0,9.242459,0.0,0.0,0.0,0.0,7.3638134,0.0,6.799079,0.0,0.0,0.0,0.0,0.0,0.0,9.273763,4.5167055,0.0,0.0,0.0,5.5121818,0.0,0.0,0.0,0.0,0.0,9.414244,0.0,10.226391,5.937311,0.0,0.0,0.0,0.0,0.0,0.0
0.0,0.0,0.0,9.972553,0.0,0.0,0.0,0.0,0.81143796,0.0,2.5295224,0.0,0.0,0.0,0.0,9.834093,0.0,0.0,0.0,0.0,2.3995755,0.0,4.469023,1.2123722,0.0,0.0,0.09455477,0.0,0.0,6.1156445,4.4624977,0.0,1.752274,0.0,5.0531406,0.0,0.0,0.0,0.0,0.0,7.6333804,0.0,8.782152,5.8725553,0.0,0.0,0.0,0.0,0.0,0.0
0.0,0.0,0.0,13.2844,0.0,0.0,0.0,0.0,3.955827,0.0,5.6256866,0.0,0.0,0.0,0.0,7.2503724,0.0,0.0,0.0,0.0,3.325002,0.0,5.001039,0.0,0.0,0.0,0.0,0.0,0.0,5.106702,3.5316217,0.0,3.753562,0.0,4.66964,0.0,0.0,0.0,0.0,0.0,9.314062,0.0,8.6667595,4.350155,0.0,0.0,0.0,0.0,0.0,0.0
0.0,0.0,0.0,11.545205,0.0,0.0,0.0,0.0,0.35272402,0.0,6.2085567,0.0,0.0,0.0,0.0,8.061472,0.0,0.0,0.0,0.0,7.8794174,0.0,7.223297,0.0,0.0,0.0,0.0,0.0,0.0,7.092998,2.8907855,0.0,1.3130801,0.0,5.7873917,0.0,0.0,0.0,0.0,0.0,8.0032,0.0,12.400334,5.834227,0.0,0.0,0.0,0.0,0.0,0.0
0.0,0.0,0.0,12.236399,0.0,0.0,0.0,0.0,3.0717385,0.0,4.723454,0.0,0.0,0.0,0.0,9.124128,0.0,0.0,0.0,0.0,5.6667833,0.0,3.0108833,0.0,0.0,0.0,0.0,0.0,0.0,8.55971,3.0611212,0.0,2.5933554,0.0,7.6890945,0.0,0.0,0.0,0.0,0.0,9.029081,0.0,11.834223,7.214534,0.0,0.0,0.0,0.0,0.0,0.0
0.0,0.0,0.0,13.291192,0.0,0.0,0.0,0.0,4.5974417,0.0,5.942637,0.0,0.0,0.0,0.0,8.488377,0.0,0.0,0.0,0.0,6.986856,0.0,4.104172,0.0,0.0,0.0,0.0,0.0,0.0,8.676181,2.1347234,0.0,1.0829983,0.0,5.7953343,0.0,0.0,0.0,0.0,0.0,10.222187,0.0,7.532054,6.2538567,0.0,0.0,0.0,0.0,0.0,0.0
0.0,0.0,0.0,10.781578,0.0,0.0,0.0,0.0,1.8800482,0.0,3.5231228,0.0,0.0,0.0,0.0,10.127006,0.0,0.0,0.0,0.0,2.5761397,0.0,5.8521466,0.117399484,0.0,0.0,0.0,0.0,0.0,6.1198015,4.722933,0.0,1.6183684,0.0,4.19753,0.0,0.0,0.0,0.0,0.0,8.417625,0.0,8.559807,5.0666285,0.0,0.0,0.0,0.0,0.0,0.0
0.0,0.0,0.0,11.557392,0.0,0.0,0.0,0.0,2.04309,0.0,4.07556,0.0,0.0,0.0,0.0,8.51204,0.0,0.0,0.0,0.0,3.8346674,0.0,5.3598495,0.0,0.0,0.0,0.0,0.0,0.0,3.894754,4.562596,0.0,1.9680226,0.0,4.9158053,0.0,0.0,0.0,0.0,0.0,7.071912,0.0,9.10409,4.6981864,0.0,0.0,0.0,0.0,0.0,0.0
0.0,0.0,0.0,12.614687,0.0,0.0,0.0,0.0,2.2715845,0.0,4.7553625,0.0,0.0,0.0,0.0,9.41302,0.0,0.0,0.0,0.0,5.6528635,0.0,4.377519,0.0,0.0,0.0,0.0,0.0,0.0,5.06176,3.2784388,0.0,2.9523087,0.0,7.0440063,0.0,0.0,0.0,0.0,0.0,8.390029,0.0,11.289357,5.075741,0.0,0.0,0.0,0.0,0.0,0.0
0.0,0.0,0.0,12.551233,0.0,0.0,0.0,0.0,5.173194,0.0,6.1834836,0.0,0.0,0.0,0.0,8.951899,0.0,0.0,0.0,0.0,6.8502564,0.0,4.9369493,0.0,0.0,0.0,0.0,0.0,0.0,9.065716,3.5247743,0.0,2.2682846,0.0,8.192622,0.0,0.0,0.0,0.0,0.0,11.113549,0.0,11.694659,6.694771,0.0,0.0,0.0,0.0,0.0,0.0
0.0,0.0,0.0,13.174759,0.0,0.0,0.0,0.0,1.7826519,0.0,4.3806024,0.0,0.0,0.0,0.0,10.425738,0.0,0.0,0.0,0.0,6.8405585,0.0,5.412497,0.0,0.0,0.0,0.0,0.0,0.0,9.514592,4.1625004,0.0,0.5123161,0.0,5.961251,0.0,0.0,0.0,0.0,0.0,10.266089,0.0,10.082779,6.5772843,0.0,0.0,0.0,0.0,0.0,0.0
0.0,0.0,0.0,13.210973,0.0,0.0,0.0,0.0,2.6895382,0.0,2.6593258,0.0,0.0,0.0,0.0,9.172277,0.0,0.0,0.0,0.0,2.2598083,0.0,4.034786,0.0,0.0,0.0,0.0,0.0,0.0,8.259334,5.4222355,0.0,2.2680461,0.0,3.5622458,0.0,0.0,0.0,0.0,0.0,9.038991,0.0,9.244121,5.2681375,0.0,0.0,0.0,0.0,0.0,0.0
0.0,0.0,0.0,10.8186245,0.0,0.0,0.0,0.0,2.0122957,0.0,3.4109213,0.0,0.0,0.0,0.0,9.892945,0.0,0.0,0.0,0.0,4.277716,0.0,5.654788,0.0,0.0,0.0,0.0,0.0,0.0,4.7878995,3.8151915,0.0,2.4100368,0.0,4.1771955,0.0,0.0,0.0,0.0,0.0,7.85384,0.0,8.30143,4.466899,0.0,0.0,0.0,0.0,0.0,0.0
0.0,0.0,0.0,13.286932,0.0,0.0,0.0,0.0,3.748257,0.0,5.547434,0.0,0.0,0.0,0.0,8.549978,0.0,0.0,0.0,0.0,4.552265,0.0,4.555417,0.0,0.0,0.0,0.0,0.0,0.0,6.362413,3.4623268,0.0,3.760378,0.0,5.6637206,0.0,0.0,0.0,0.0,0.0,9.636251,0.0,9.538166,5.237671,0.0,0.0,0.0,0.0,0.0,0.0
0.0,0.0,0.0,14.094116,0.0,0.0,0.0,0.0,1.7005249,0.0,6.3695264,0.0,0.0,0.0,0.0,9.538545,0.0,0.0,0.0,0.0,7.8024898,0.0,5.270313,0.0,0.0,0.0,0.0,0.0,0.0,7.7228236,2.870092,0.0,0.9683938,0.0,6.4836364,0.0,0.0,0.0,0.0,0.0,9.154108,0.0,10.561166,6.9910936,0.0,0.0,0.0,0.0,0.0,0.0
0.0,0.0,0.0,12.363344,0.0,0.0,0.0,0.0,3.3675115,0.0,3.1716828,0.0,0.0,0.0,0.0,9.329684,0.0,0.0,0.0,0.0,4.3658066,0.0,3.6234648,0.0,0.0,0.0,0.0,0.0,0.0,7.0756793,3.4807994,0.0,1.814157,0.0,4.865639,0.0,0.0,0.0,0.0,0.0,9.614547,0.0,8.825429,5.24118,0.0,0.0,0.0,0.0,0.0,0.0
0.0,0.0,0.0,10.9346285,0.0,0.0,0.0,0.0,2.387076,0.0,4.1146855,0.0,0.0,0.0,0.0,8.824453,0.0,0.0,0.0,0.0,4.9339213,0.0,5.7961335,0.0,0.0,0.0,0.0,0.0,0.0,5.6300826,3.9817142,0.0,1.6937249,0.0,4.0577483,0.0,0.0,0.0,0.0,0.0,7.9827876,0.0,8.516057,3.5335348,0.0,0.0,0.0,0.0,0.0,0.0
0.0,0.0,0.0,11.0128,0.0,0.0,0.0,0.0,1.5458419,0.0,4.325726,0.0,0.0,0.0,0.0,7.7752085,0.0,0.0,0.0,0.0,4.522304,0.0,6.254824,0.0,0.0,0.0,0.0,0.0,0.0,5.703105,3.9484255,0.0,2.8375385,0.0,4.1788845,0.0,0.0,0.0,0.0,0.0,7.714817,0.0,10.376962,4.6668873,0.0,0.0,0.0,0.0,0.0,0.0
0.0,0.0,0.0,12.29037,0.0,0.0,0.0,0.0,3.0554016,0.0,4.418301,0.0,0.0,0.0,0.0,8.985016,0.0,0.0,0.0,0.0,6.120913,0.0,3.3831232,0.0,0.0,0.0,0.0,0.0,0.0,7.675745,3.631005,0.0,2.2578871,0.0,6.642507,0.0,0.0,0.0,0.0,0.0,8.620033,0.0,11.103335,5.923789,0.0,0.0,0.0,0.0,0.0,0.0
0.0,0.0,0.0,13.090549,0.0,0.0,0.0,0.0,4.5405087,0.0,5.7799225,0.0,0.0,0.0,0.0,8.756281,0.0,0.0,0.0,0.0,6.2467046,0.0,4.6079993,0.0,0.0,0.0,0.0,0.0,0.0,8.38709,3.407184,0.0,1.8925543,0.0,6.857686,0.0,0.0,0.0,0.0,0.0,10.234281,0.0,11.072322,6.264925,0.0,0.0,0.0,0.0,0.0,0.0
0.0,0.0,0.0,11.885555,0.0,0.0,0.0,0.0,2.1767964,0.0,4.0849495,0.0,0.0,0.0,0.0,9.589682,0.0,0.0,0.0,0.0,5.3327994,0.0,4.0029545,0.0,0.0,0.0,0.0,0.0,0.0,6.5540075,3.1385,0.0,1.7052596,0.0,5.8590612,0.0,0.0,0.0,0.0,0.0,9.363265,0.0,7.909015,6.017043,0.0,0.0,0.0,0.0,0.0,0.0
0.0,0.0,0.0,12.699905,0.0,0.0,0.0,0.0,2.7423108,0.0,5.47889,0.0,0.0,0.0,0.0,8.230513,0.0,0.0,0.0,0.0,5.722115,0.0,5.7180686,0.0,0.0,0.0,0.0,0.0,0.0,6.11955,3.406519,0.0,2.8251598,0.0,4.172679,0.0,0.0,0.0,0.0,0.0,9.874356,0.0,9.355905,4.4344845,0.0,0.0,0.0,0.0,0.0,0.0
0.0,0.0,0.0,9.553785,0.0,0.0,0.0,0.0,0.0,0.0,3.4926348,0.0,0.0,0.0,0.0,10.276804,0.0,0.0,0.0,0.0,5.948419,0.0,7.1672363,0.0,0.0,0.0,0.0,0.0,0.0,5.819491,4.885043,0.0,1.2363694,0.0,5.5199943,0.0,0.0,0.0,0.0,0.0,6.130346,0.0,12.174643,5.713969,0.0,0.0,0.0,0.0,0.0,0.0
0.0,0.0,0.0,13.84473,0.0,0.0,0.0,0.0,6.5287886,0.0,6.349384,0.0,0.0,0.0,0.0,6.452495,0.0,0.0,0.0,0.0,5.4224153,0.0,2.9051297,0.0,0.0,0.0,0.0,0.0,0.0,6.3378177,2.5313025,0.0,4.717914,0.0,6.684056,0.0,0.0,0.0,0.0,0.0,9.836593,0.0,9.96588,5.5512524,0.0,0.0,0.0,0.0,0.0,0.0
0.0,0.0,0.0,13.155997,0.0,0.0,0.0,0.0,0.72369313,0.0,6.4507036,0.0,0.0,0.0,0.0,9.099994,0.0,0.0,0.0,0.0,10.500916,0.0,5.9446893,0.0,0.0,0.0,0.0,0.0,0.0,9.82882,3.0830243,0.0,0.0,0.0,5.887072,0.0,0.0,0.0,0.0,0.0,9.718787,0.0,11.203657,7.4950867,0.0,1.0727088,0.0,0.0,0.0,0.0
0.0,0.0,0.0,10.928935,0.0,0.0,0.0,0.0,2.0081081,0.0,2.3577182,0.0,0.0,0.0,0.0,9.247625,0.0,0.0,0.0,0.0,0.93030524,0.0,2.6979353,0.5853059,0.0,0.0,0.17436363,0.0,0.0,6.7634854,3.8427618,0.0,2.5549982,0.0,3.4987884,0.0,0.0,0.0,0.0,0.0,9.033632,0.0,8.275301,5.55184,0.0,0.0,0.0,0.0,0.0,0.0
0.0,0.0,0.0,11.549852,0.0,0.0,0.0,0.0,4.1425247,0.0,5.6998754,0.0,0.0,0.0,0.0,7.1244926,0.0,0.0,0.0,0.0,4.741251,0.0,5.9451714,0.0,0.0,0.0,0.0,0.0,0.0,3.774641,4.240551,0.0,2.2405827,0.0,3.578082,0.0,0.0,0.0,0.0,0.0,8.68676,0.0,6.8642855,4.474233,0.0,0.0,0.0,0.0,0.0,0.0
0.0,0.0,0.0,12.418661,0.0,0.0,0.0,0.0,0.74910915,0.0,5.5141034,0.0,0.0,0.0,0.0,8.723713,0.0,0.0,0.0,0.0,7.677172,0.0,5.8356047,0.0,0.0,0.0,0.0,0.0,0.0,4.8604336,3.0156581,0.0,1.8870099,0.0,5.646095,0.0,0.0,0.0,0.0,0.0,8.136962,0.0,11.586299,4.751547,0.0,0.0,0.0,0.0,0.0,0.0
0.0,0.0,0.0,12.657497,0.0,0.0,0.0,0.0,2.3450854,0.0,4.4247017,0.0,0.0,0.0,0.0,8.8005085,0.0,0.0,0.0,0.0,6.7219977,0.0,4.9922013,0.0,0.0,0.0,0.0,0.0,0.0,8.949701,4.132224,0.0,1.547833,0.0,6.824153,0.0,0.0,0.0,0.0,0.0,9.167281,0.0,12.616543,6.290954,0.0,0.0,0.0,0.0,0.0,0.0
0.0,0.0,0.0,12.261775,0.0,0.0,0.0,0.0,4.930588,0.0,4.1980577,0.0,0.0,0.0,0.0,9.331516,0.0,0.0,0.0,0.0,4.396623,0.0,3.3218234,0.0,0.0,0.0,0.0,0.0,0.0,8.557083,2.6186733,0.0,3.319486,0.0,6.2054033,0.0,0.0,0.0,0.0,0.0,10.737051,0.0,8.32603,6.8437366,0.0,0.0,0.0,0.0,0.0,0.0
0.0,0.0,0.0,12.071955,0.0,0.0,0.0,0.0,1.61868,0.0,4.7116456,0.0,0.0,0.0,0.0,9.068531,0.0,0.0,0.0,0.0,5.4201627,0.0,6.5308957,0.0,0.0,0.0,0.0,0.0,0.0,6.9088054,4.496439,0.0,0.026693545,0.0,4.0710363,0.0,0.0,0.0,0.0,0.0,9.977887,0.0,8.886522,5.383681,0.0,0.0,0.0,0.0,0.0,0.0
0.0,0.0,0.0,9.979618,0.0,0.0,0.0,0.0,3.0842087,0.0,3.6412907,0.0,0.0,0.0,0.0,9.530497,0.0,0.0,0.0,0.0,3.3867762,0.0,4.5330873,0.0,0.0,0.0,0.0,0.0,0.0,4.6031313,3.2081296,0.0,2.400689,0.0,6.484821,0.0,0.0,0.0,0.0,0.0,7.4951854,0.0,8.7732,4.959752,0.0,0.0,0.0,0.0,0.0,0.0
0.0,0.0,0.0,13.902489,0.0,0.0,0.0,0.0,3.187411,0.0,7.180245,0.0,0.0,0.0,0.0,7.5695624,0.0,0.0,0.0,0.0,8.8046665,0.0,4.733826,0.0,0.0,0.0,0.0,0.0,0.0,6.3653355,1.6422175,0.0,3.5459585,0.0,7.37467,0.0,0.0,0.0,0.0,0.0,11.314506,0.0,10.189945,5.7058244,0.0,0.0,0.0,0.0,0.0,0.0
0.0,0.0,0.0,9.615203,0.0,0.0,0.0,0.0,1.973997,0.0,5.991858,0.0,0.0,0.0,0.0,9.1124525,0.0,0.0,0.0,0.0,7.947436,0.0,7.5609536,0.0,0.0,0.0,0.0,0.0,0.0,9.713459,3.855747,0.0,0.0,0.0,6.98372,0.0,0.0,0.0,0.0,0.0,9.3860235,0.0,13.295421,7.6414795,0.0,0.051203087,0.0,0.0,0.0,0.0
0.0,0.0,0.0,11.953778,0.0,0.0,0.0,0.0,4.0988145,0.0,3.8586793,0.0,0.0,0.0,0.0,8.986679,0.0,0.0,0.0,0.0,3.8679202,0.0,2.3200228,0.54545105,0.0,0.0,0.748192,0.0,0.0,7.1001906,2.626012,0.0,3.7042038,0.0,5.735138,0.0,0.0,0.0,0.0,0.0,10.817833,0.0,8.547094,5.7353725,0.0,0.0,0.0,0.0,0.0,0.0
0.0,0.0,0.0,12.001127,0.0,0.0,0.0,0.0,1.8222781,0.0,3.4327874,0.0,0.0,0.0,0.0,8.9241085,0.0,0.0,0.0,0.0,4.023049,0.0,6.4126887,0.0,0.0,0.0,0.0,0.0,0.0,7.1465836,4.753587,0.0,1.698066,0.0,4.6891146,0.0,0.0,0.0,0.0,0.0,8.142642,0.0,10.468291,3.6958349,0.0,0.0,0.0,0.0,0.0,0.0
0.0,0.0,0.0,10.774984,0.0,0.0,0.0,0.0,1.1839608,0.0,3.234679,0.0,0.0,0.0,0.0,10.071993,0.0,0.0,0.0,0.0,4.258392,0.0,5.306265,0.0,0.0,0.0,0.0,0.0,0.0,5.4719424,3.1256819,0.0,2.19817,0.0,5.784979,0.0,0.0,0.0,0.0,0.0,8.353684,0.0,9.943434,4.920312,0.0,0.0,0.0,0.0,0.0,0.0
0.0,0.0,0.0,12.643145,0.0,0.0,0.0,0.0,4.0409474,0.0,5.1224895,0.0,0.0,0.0,0.0,8.882584,0.0,0.0,0.0,0.0,4.1727996,0.0,3.9894578,0.0,0.0,0.0,0.0,0.0,0.0,6.3013644,3.924794,0.0,2.9075665,0.0,5.826121,0.0,0.0,0.0,0.0,0.0,9.140298,0.0,9.544975,5.418832,0.0,0.0,0.0,0.0,0.0,0.0
0.0,0.0,0.0,11.976591,0.0,0.0,0.0,0.0,3.2371917,0.0,4.321214,0.0,0.0,0.0,0.0,10.22609,0.0,0.0,0.0,0.0,5.365401,0.0,5.5727067,0.0,0.0,0.0,0.0,0.0,0.0,7.1868963,3.3813384,0.0,1.9532129,0.0,7.342664,0.0,0.0,0.0,0.0,0.0,10.2450905,0.0,10.835818,5.818542,0.0,0.0,0.0,0.0,0.0,0.0
0.0,0.0,0.0,13.663893,0.0,0.0,0.0,0.0,3.0838392,0.0,4.389853,0.0,0.0,0.0,0.0,9.556004,0.0,0.0,0.0,0.0,5.990821,0.0,4.90262,0.0,0.0,0.0,0.0,0.0,0.0,7.6556315,3.8209708,0.0,2.1631958,0.0,5.426115,0.0,0.0,0.0,0.0,0.0,9.903113,0.0,8.362155,6.442051,0.0,0.0,0.0,0.0,0.0,0.0
0.0,0.0,0.0,11.2327585,0.0,0.0,0.0,0.0,2.3824098,0.0,5.415919,0.0,0.0,0.0,0.0,9.247689,0.0,0.0,0.0,0.0,4.5170875,0.0,5.8805895,0.0,0.0,0.0,0.0,0.0,0.0,7.1118927,3.9031909,0.0,2.6459572,0.0,4.1222067,0.0,0.0,0.0,0.0,0.0,9.401272,0.0,9.1639595,5.6719456,0.0,0.0,0.0,0.0,0.0,0.0
0.0,0.0,0.0,11.764938,0.0,0.0,0.0,0.0,2.2989602,0.0,3.5405245,0.0,0.0,0.0,0.0,9.155126,0.0,0.0,0.0,0.0,4.0288253,0.0,4.310228,0.0,0.0,0.0,0.0,0.0,0.0,5.8642716,4.153671,0.0,2.0350282,0.0,6.0196786,0.0,0.0,0.0,0.0,0.0,8.626445,0.0,9.8267565,5.5830684,0.0,0.0,0.0,0.0,0.0,0.0
0.0,0.0,0.0,13.670608,0.0,0.0,0.0,0.0,5.720459,0.0,5.245621,0.0,0.0,0.0,0.0,8.266845,0.0,0.0,0.0,0.0,6.9010844,0.0,4.2256055,0.0,0.0,0.0,0.0,0.0,0.0,7.1179605,3.355716,0.0,2.648684,0.0,6.2264166,0.0,0.0,0.0,0.0,0.0,9.970225,0.0,9.878509,5.7369137,0.0,0.0,0.0,0.0,0.0,0.0
0.0,0.0,0.0,11.664019,0.0,0.0,0.0,0.0,1.7853557,0.0,5.5032473,0.0,0.0,0.0,0.0,10.765452,0.0,0.0,0.0,0.0,7.9985175,0.0,6.1876516,0.0,0.0,0.0,0.0,0.0,0.0,10.154466,3.135313,0.0,0.0,0.0,6.0362267,0.0,0.0,0.0,0.0,0.0,11.204007,0.0,10.715624,7.518152,0.0,0.5933058,0.0,0.0,0.0,0.0
0.0,0.0,0.0,11.256667,0.0,0.0,0.0,0.0,1.1658655,0.0,1.5580603,0.0,0.0,0.0,0.0,10.489136,0.0,0.0,0.0,0.0,2.5148203,0.0,4.1247325,0.0,0.0,0.0,0.0,0.0,0.0,6.5529575,4.894464,0.0,2.270788,0.0,2.8237157,0.0,0.0,0.0,0.0,0.0,8.296524,0.0,7.6327715,4.902432,0.0,0.0,0.0,0.0,0.0,0.0
0.0,0.0,0.0,12.9657,0.0,0.0,0.0,0.0,4.2122364,0.0,4.1429853,0.0,0.0,0.0,0.0,8.022017,0.0,0.0,0.0,0.0,4.765771,0.0,6.4537845,0.0,0.0,0.0,0.0,0.0,0.0,3.5820968,4.8087378,0.0,2.3651774,0.0,2.9854057,0.0,0.0,0.0,0.0,0.0,8.345719,0.0,7.7437572,3.2199664,0.0,0.0,0.0,0.0,0.0,0.0
0.0,0.0,0.0,11.515292,0.0,0.0,0.0,0.0,0.30728388,0.0,5.0445485,0.0,0.0,0.0,0.0,9.696622,0.0,0.0,0.0,0.0,7.74154,0.0,7.397989,0.0,0.0,0.0,0.0,0.0,0.0,5.7505527,4.383559,0.0,1.0184734,0.0,5.926315,0.0,0.0,0.0,0.0,0.0,6.5861077,0.0,12.973294,5.298116,0.0,0.0,0.0,0.0,0.0,0.0
0.0,0.0,0.0,13.292912,0.0,0.0,0.0,0.0,4.9819946,0.0,4.2627964,0.0,0.0,0.0,0.0,8.945771,0.0,0.0,0.0,0.0,5.2543087,0.0,2.6199055,0.0,0.0,0.0,0.0,0.0,0.0,9.194532,3.5862327,0.0,3.44501,0.0,8.177814,0.0,0.0,0.0,0.0,0.0,9.869138,0.0,12.164765,7.4667234,0.0,0.0,0.0,0.0,0.0,0.0
0.0,0.0,0.0,14.162495,0.0,0.0,0.0,0.0,5.459545,0.0,5.865309,0.0,0.0,0.0,0.0,8.751885,0.0,0.0,0.0,0.0,6.837135,0.0,5.38415,0.0,0.0,0.0,0.0,0.0,0.0,8.240176,3.2464437,0.0,1.1096922,0.0,6.1126,0.0,0.0,0.0,0.0,0.0,11.3255415,0.0,9.116287,6.5893784,0.0,0.0,0.0,0.0,0.0,0.0
0.0,0.0,0.0,11.542118,0.0,0.0,0.0,0.0,1.3040465,0.0,2.5146055,0.0,0.0,0.0,0.0,10.862779,0.0,0.0,0.0,0.0,3.7685993,0.0,5.4392385,0.0,0.0,0.0,0.0,0.0,0.0,6.94096,4.59217,0.0,1.8630393,0.0,4.2199826,0.0,0.0,0.0,0.0,0.0,9.618257,0.0,8.817782,5.617749,0.0,0.0,0.0,0.0,0.0,0.0
0.0,0.0,0.0,11.081139,0.0,0.0,0.0,0.0,3.0743983,0.0,3.8646731,0.0,0.0,0.0,0.0,8.754424,0.0,0.0,0.0,0.0,3.8782527,0.0,4.895883,0.0,0.0,0.0,0.0,0.0,0.0,3.9599335,4.9473133,0.0,1.8419119,0.0,4.133648,0.0,0.0,0.0,0.0,0.0,8.189729,0.0,8.458589,3.7465327,0.0,0.0,0.0,0.0,0.0,0.0
0.0,0.0,0.0,12.598179,0.0,0.0,0.0,0.0,0.8459819,0.0,5.6110477,0.0,0.0,0.0,0.0,10.120085,0.0,0.0,0.0,0.0,5.9898553,0.0,5.84579,0.0,0.0,0.0,0.0,0.0,0.0,6.319123,2.5610716,0.0,3.1788936,0.0,6.1793103,0.0,0.0,0.0,0.0,0.0,8.963087,0.0,11.486206,5.8091617,0.0,0.0,0.0,0.0,0.0,0.0
0.0,0.0,0.0,12.629213,0.0,0.0,0.0,0.0,4.4981704,0.0,4.9390597,0.0,0.0,0.0,0.0,8.80521,0.0,0.0,0.0,0.0,5.2869115,0.0,3.57039,0.0,0.0,0.0,0.0,0.0,0.0,8.261412,4.144926,0.0,2.0950735,0.0,7.634727,0.0,0.0,0.0,0.0,0.0,9.591093,0.0,11.4230995,6.8986206,0.0,0.0,0.0,0.0,0.0,0.0
0.0,0.0,0.0,12.97171,0.0,0.0,0.0,0.0,1.9261699,0.0,5.678839,0.0,0.0,0.0,0.0,9.865505,0.0,0.0,0.0,0.0,7.2197824,0.0,5.0696073,0.0,0.0,0.0,0.0,0.0,0.0,8.112781,3.4714832,0.0,0.76919353,0.0,5.6421666,0.0,0.0,0.0,0.0,0.0,9.946032,0.0,9.770856,6.334159,0.0,0.0,0.0,0.0,0.0,0.0
0.0,0.0,0.0,11.817356,0.0,0.0,0.0,0.0,2.1681104,0.0,3.5077977,0.0,0.0,0.0,0.0,9.570831,0.0,0.0,0.0,0.0,3.1152036,0.0,5.2241025,0.0,0.0,0.0,0.0,0.0,0.0,6.7215424,4.0306206,0.0,2.3294585,0.0,3.4891129,0.0,0.0,0.0,0.0,0.0,8.673921,0.0,9.438008,4.329081,0.0,0.0,0.0,0.0,0.0,0.0
0.0,0.0,0.0,10.8990345,0.0,0.0,0.0,0.0,1.9147959,0.0,3.646389,0.0,0.0,0.0,0.0,8.747654,0.0,0.0,0.0,0.0,4.058702,0.0,5.2812676,0.0,0.0,0.0,0.0,0.0,0.0,6.052325,5.1744366,0.0,2.3570771,0.0,5.740448,0.0,0.0,0.0,0.0,0.0,8.546047,0.0,9.493399,5.00506,0.0,0.0,0.0,0.0,0.0,0.0
0.0,0.0,0.0,12.806699,0.0,0.0,0.0,0.0,3.7490313,0.0,5.4116616,0.0,0.0,0.0,0.0,8.723705,0.0,0.0,0.0,0.0,5.493381,0.0,3.9541042,0.0,0.0,0.0,0.0,0.0,0.0,6.472256,2.7842116,0.0,2.756168,0.0,6.968581,0.0,0.0,0.0,0.0,0.0,9.821948,0.0,9.375799,5.1982665,0.0,0.0,0.0,0.0,0.0,0.0
0.0,0.0,0.0,13.005726,0.0,0.0,0.0,0.0,1.0676157,0.0,6.3160295,0.0,0.0,0.0,0.0,8.806377,0.0,0.0,0.0,0.0,8.5763035,0.0,6.485974,0.0,0.0,0.0,0.0,0.0,0.0,8.135668,3.100931,0.0,0.850575,0.0,6.017786,0.0,0.0,0.0,0.0,0.0,9.474291,0.0,10.881293,5.752206,0.0,0.0,0.0,0.0,0.0,0.0
0.0,0.0,0.0,11.976568,0.0,0.0,0.0,0.0,0.96664834,0.0,3.3260684,0.0,0.0,0.0,0.0,9.970079,0.0,0.0,0.0,0.0,4.7572675,0.0,5.278924,0.0,0.0,0.0,0.0,0.0,0.0,8.677651,3.8326514,0.0,1.6619679,0.0,5.4426117,0.0,0.0,0.0,0.0,0.0,8.556695,0.0,12.106924,6.3303294,0.0,0.0,0.0,0.0,0.0,0.0
0.0,0.0,0.0,13.187309,0.0,0.0,0.0,0.0,3.6570108,0.0,3.4476864,0.0,0.0,0.0,0.0,8.75235,0.0,0.0,0.0,0.0,3.8779972,0.0,4.3043513,0.0,0.0,0.0,0.0,0.0,0.0,6.2136846,4.5219393,0.0,2.656394,0.0,4.696152,0.0,0.0,0.0,0.0,0.0,9.229311,0.0,8.230351,4.5365744,0.0,0.0,0.0,0.0,0.0,0.0
0.0,0.0,0.0,11.509256,0.0,0.0,0.0,0.0,0.81031996,0.0,4.8407836,0.0,0.0,0.0,0.0,9.902786,0.0,0.0,0.0,0.0,5.8349032,0.0,5.708217,0.0,0.0,0.0,0.0,0.0,0.0,5.7056203,3.3084579,0.0,1.7076745,0.0,5.0244527,0.0,0.0,0.0,0.0,0.0,8.665988,0.0,9.465236,4.5054927,0.0,0.0,0.0,0.0,0.0,0.0
0.0,0.0,0.0,11.861838,0.0,0.0,0.0,0.0,3.9400847,0.0,5.2322297,0.0,0.0,0.0,0.0,9.358901,0.0,0.0,0.0,0.0,4.943608,0.0,4.558629,0.0,0.0,0.0,0.0,0.0,0.0,7.5573983,3.815987,0.0,3.5280914,0.0,6.484848,0.0,0.0,0.0,0.0,0.0,9.612383,0.0,12.484261,6.2789316,0.0,0.0,0.0,0.0,0.0,0.0
0.0,0.0,0.0,14.70919,0.0,0.0,0.0,0.0,3.1332934,0.0,5.403905,0.0,0.0,0.0,0.0,9.070429,0.0,0.0,0.0,0.0,7.46991,0.0,4.6991687,0.0,0.0,0.0,0.0,0.0,0.0,8.283186,3.598961,0.0,1.3016622,0.0,7.5464807,0.0,0.0,0.0,0.0,0.0,9.689444,0.0,10.90345,5.6519375,0.0,0.0,0.0,0.0,0.0,0.0
0.0,0.0,0.0,11.943499,0.0,0.0,0.0,0.0,2.330452,0.0,2.6432402,0.0,0.0,0.0,0.0,10.455748,0.0,0.0,0.0,0.0,4.1038074,0.0,4.438439,0.0,0.0,0.0,0.0,0.0,0.0,8.183069,3.9176614,0.0,1.6246413,0.0,5.7764792,0.0,0.0,0.0,0.0,0.0,10.081019,0.0,9.844633,6.0645146,0.0,0.0,0.0,0.0,0.0,0.0
0.0,0.0,0.0,12.223759,0.0,0.0,0.0,0.0,4.665366,0.0,3.7484243,0.0,0.0,0.0,0.0,8.725806,0.0,0.0,0.0,0.0,3.420576,0.0,5.216205,0.0,0.0,0.0,0.0,0.0,0.0,5.813423,5.0982475,0.0,2.2993023,0.0,4.335319,0.0,0.0,0.0,0.0,0.0,9.336333,0.0,8.082448,5.0216646,0.0,0.0,0.0,0.0,0.0,0.0
0.0,0.0,0.0,11.45146,0.0,0.0,0.0,0.0,0.14561953,0.0,5.0926642,0.0,0.0,0.0,0.0,9.898771,0.0,0.0,0.0,0.0,6.5977364,0.0,6.3567853,0.0,0.0,0.0,0.0,0.0,0.0,5.0180387,3.7657652,0.0,2.0807078,0.0,4.390023,0.0,0.0,0.0,0.0,0.0,7.9968886,0.0,10.981173,5.362709,0.0,0.0,0.0,0.0,0.0,0.0
0.0,0.0,0.0,13.576057,0.0,0.0,0.0,0.0,4.7417655,0.0,5.141267,0.0,0.0,0.0,0.0,8.537563,0.0,0.0,0.0,0.0,4.680878,0.0,3.6760862,0.0,0.0,0.0,0.0,0.0,0.0,7.9042435,3.5569694,0.0,4.6276984,0.0,7.3975964,0.0,0.0,0.0,0.0,0.0,9.543805,0.0,12.148243,6.921601,0.0,0.0,0.0,0.0,0.0,0.0
0.0,0.0,0.0,14.939527,0.0,0.0,0.0,0.0,4.0855746,0.0,6.214803,0.0,0.0,0.0,0.0,8.528332,0.0,0.0,0.0,0.0,8.430761,0.0,5.379312,0.0,0.0,0.0,0.0,0.0,0.0,9.347812,3.3825252,0.0,0.27478376,0.0,7.408253,0.0,0.0,0.0,0.0,0.0,10.605113,0.0,10.178213,6.9610767,0.0,0.0,0.0,0.0,0.0,0.0
0.0,0.0,0.0,9.939003,0.0,0.0,0.0,0.0,1.5054895,0.0,3.0970201,0.0,0.0,0.0,0.0,10.681475,0.0,0.0,0.0,0.0,4.0973296,0.0,4.472691,0.0,0.0,0.0,0.0,0.0,0.0,6.897318,3.9532626,0.0,1.8889292,0.0,3.893441,0.0,0.0,0.0,0.0,0.0,9.200031,0.0,9.572469,5.8694234,0.0,0.0,0.0,0.0,0.0,0.0
0.0,0.0,0.0,11.832005,0.0,0.0,0.0,0.0,2.2934005,0.0,4.01782,0.0,0.0,0.0,0.0,8.2525835,0.0,0.0,0.0,0.0,4.3233967,0.0,5.66833,0.0,0.0,0.0,0.0,0.0,0.0,5.4478626,5.295779,0.0,2.105532,0.0,2.5618143,0.0,0.0,0.0,0.0,0.0,7.363847,0.0,9.917408,4.099724,0.0,0.0,0.0,0.0,0.0,0.0
0.0,0.0,0.0,12.735316,0.0,0.0,0.0,0.0,2.1506784,0.0,5.3364863,0.0,0.0,0.0,0.0,8.673564,0.0,0.0,0.0,0.0,5.7858887,0.0,4.4628506,0.0,0.0,0.0,0.0,0.0,0.0,5.0553417,2.5349,0.0,2.3868318,0.0,4.698706,0.0,0.0,0.0,0.0,0.0,7.830349,0.0,9.58362,4.7734857,0.0,0.0,0.0,0.0,0.0,0.0
0.0,0.0,0.0,11.998451,0.0,0.0,0.0,0.0,3.264489,0.0,5.106802,0.0,0.0,0.0,0.0,8.233218,0.0,0.0,0.0,0.0,5.8638763,0.0,5.1248994,0.0,0.0,0.0,0.0,0.0,0.0,8.462221,3.1589344,0.0,2.009124,0.0,7.3869615,0.0,0.0,0.0,0.0,0.0,7.7995987,0.0,11.997523,7.507879,0.0,0.27506477,0.0,0.0,0.0,0.0
0.0,0.0,0.0,12.942314,0.0,0.0,0.0,0.0,3.3517654,0.0,5.6888776,0.0,0.0,0.0,0.0,9.506285,0.0,0.0,0.0,0.0,7.65649,0.0,4.020062,0.0,0.0,0.0,0.0,0.0,0.0,6.7163444,1.8541567,0.0,1.7339737,0.0,5.4824886,0.0,0.0,0.0,0.0,0.0,9.737872,0.0,7.7730546,5.787074,0.0,0.0,0.0,0.0,0.0,0.0
0.0,0.0,0.0,11.229681,0.0,0.0,0.0,0.0,1.8188946,0.0,4.7062936,0.0,0.0,0.0,0.0,9.093623,0.0,0.0,0.0,0.0,5.015234,0.0,6.3196015,0.0,0.0,0.0,0.0,0.0,0.0,6.694331,4.60436,0.0,1.1591666,0.0,2.7941926,0.0,0.0,0.0,0.0,0.0,8.499254,0.0,9.723383,5.4558725,0.0,0.0,0.0,0.0,0.0,0.0
0.0,0.0,0.0,9.752924,0.0,0.0,0.0,0.0,2.4498854,0.0,3.7052438,0.0,0.0,0.0,0.0,8.963135,0.0,0.0,0.0,0.0,3.0101435,0.0,4.4467163,0.0,0.0,0.0,0.0,0.0,0.0,4.554437,3.8522005,0.0,2.6966093,0.0,5.63929,0.0,0.0,0.0,0.0,0.0,6.9947815,0.0,9.720507,6.171986,0.0,0.0,0.0,0.0,0.0,0.0
0.0,0.0,0.0,12.973038,0.0,0.0,0.0,0.0,3.442355,0.0,6.763187,0.0,0.0,0.0,0.0,8.130722,0.0,0.0,0.0,0.0,6.832181,0.0,4.451126,0.0,0.0,0.0,0.0,0.0,0.0,5.5149174,2.30512,0.0,2.6894033,0.0,7.07951,0.0,0.0,0.0,0.0,0.0,10.491141,0.0,9.948397,4.4329085,0.0,0.0,0.0,0.0,0.0,0.0
0.0,0.0,0.0,11.575525,0.0,0.0,0.0,0.0,1.0354964,0.0,4.2099504,0.0,0.0,0.0,0.0,9.640095,0.0,0.0,0.0,0.0,6.010678,0.0,5.666576,0.0,0.0,0.0,0.0,0.0,0.0,8.072622,4.0998216,0.0,1.2057453,0.0,7.2561936,0.0,0.0,0.0,0.0,0.0,8.404312,0.0,11.624337,5.8692703,0.0,0.0,0.0,0.0,0.0,0.0
0.0,0.0,0.0,10.732083,0.0,0.0,0.0,0.0,3.9215515,0.0,4.49713,0.0,0.0,0.0,0.0,9.07392,0.0,0.0,0.0,0.0,5.2880287,0.0,4.4457088,0.0,0.0,0.0,0.0,0.0,0.0,7.851167,2.6071584,0.0,3.253575,0.0,5.7339854,0.0,0.0,0.0,0.0,0.0,10.118674,0.0,10.374121,6.484934,0.0,0.0,0.0,0.0,0.0,0.0
0.0,0.0,0.0,11.107057,0.0,0.0,0.0,0.0,1.2062356,0.0,3.8564572,0.0,0.0,0.0,0.0,9.535012,0.0,0.0,0.0,0.0,6.048509,0.0,5.899238,0.0,0.0,0.0,0.0,0.0,0.0,8.513919,3.7398057,0.0,1.2468073,0.0,4.870419,0.0,0.0,0.0,0.0,0.0,9.344921,0.0,10.143475,6.3672867,0.0,0.0,0.0,0.0,0.0,0.0
0.0,0.0,0.0,12.109289,0.0,0.0,0.0,0.0,2.4283407,0.0,3.227617,0.0,0.0,0.0,0.0,9.032743,0.0,0.0,0.0,0.0,3.7821896,0.0,4.679404,0.0,0.0,0.0,0.0,0.0,0.0,5.6536303,3.7112324,0.0,2.64883,0.0,3.5597236,0.0,0.0,0.0,0.0,0.0,7.458847,0.0,8.337105,4.086166,0.0,0.0,0.0,0.0,0.0,0.0
0.0,0.0,0.0,12.288812,0.0,0.0,0.0,0.0,2.0357072,0.0,5.296929,0.0,0.0,0.0,0.0,9.145478,0.0,0.0,0.0,0.0,5.450816,0.0,5.5796437,0.0,0.0,0.0,0.0,0.0,0.0,6.395085,3.0628428,0.0,2.0568087,0.0,4.972518,0.0,0.0,0.0,0.0,0.0,9.662635,0.0,9.151309,5.7343044,0.0,0.0,0.0,0.0,0.0,0.0
0.0,0.0,0.0,12.580643,0.0,0.0,0.0,0.0,2.4861028,0.0,4.981069,0.0,0.0,0.0,0.0,9.021826,0.0,0.0,0.0,0.0,5.5656395,0.0,4.1362233,0.0,0.0,0.0,0.0,0.0,0.0,6.0001864,2.7330644,0.0,2.431407,0.0,6.407729,0.0,0.0,0.0,0.0,0.0,8.529395,0.0,10.27515,6.272501,0.0,0.0,0.0,0.0,0.0,0.0
0.0,0.0,0.0,13.151266,0.0,0.0,0.0,0.0,3.6281378,0.0,4.8232083,0.0,0.0,0.0,0.0,8.364906,0.0,0.0,0.0,0.0,5.3274302,0.0,4.169002,0.0,0.0,0.0,0.0,0.0,0.0,6.945339,2.8202672,0.0,2.033644,0.0,5.6686716,0.0,0.0,0.0,0.0,0.0,9.298343,0.0,8.427934,5.799488,0.0,0.0,0.0,0.0,0.0,0.0
0.0,0.0,0.0,11.579977,0.0,0.0,0.0,0.0,2.316464,0.0,4.791029,0.0,0.0,0.0,0.0,7.3437257,0.0,0.0,0.0,0.0,6.396006,0.0,5.658714,0.0,0.0,0.0,0.0,0.0,0.0,7.6836386,3.6108875,0.0,1.6772501,0.0,3.843913,0.0,0.0,0.0,0.0,0.0,8.946434,0.0,8.592337,4.6114383,0.0,0.0,0.0,0.0,0.0,0.0
0.0,0.0,0.0,9.303341,0.0,0.0,0.0,0.0,1.1482639,0.0,4.266239,0.0,0.0,0.0,0.0,8.477123,0.0,0.0,0.0,0.0,4.267769,0.0,6.4269757,0.0,0.0,0.0,0.0,0.0,0.0,6.810276,4.239789,0.0,1.5832027,0.0,3.3289368,0.0,0.0,0.0,0.0,0.0,6.292877,0.0,11.005325,5.3923945,0.0,0.0,0.0,0.0,0.0,0.0
0.0,0.0,0.0,10.988306,0.0,0.0,0.0,0.0,3.0028427,0.0,4.2356615,0.0,0.0,0.0,0.0,8.533153,0.0,0.0,0.0,0.0,3.6086953,0.0,3.303225,0.050709814,0.0,0.0,0.0,0.0,0.0,5.469017,2.3841443,0.0,2.868302,0.0,5.7981205,0.0,0.0,0.0,0.0,0.0,7.912008,0.0,7.610375,5.1499186,0.0,0.0,0.0,0.0,0.0,0.0
0.0,0.0,0.0,12.968151,0.0,0.0,0.0,0.0,5.1601257,0.0,6.0943513,0.0,0.0,0.0,0.0,7.8288345,0.0,0.0,0.0,0.0,5.9842024,0.0,4.3969398,0.0,0.0,0.0,0.0,0.0,0.0,7.815258,3.4129674,0.0,1.7300692,0.0,6.9611998,0.0,0.0,0.0,0.0,0.0,10.250533,0.0,9.739206,6.3738346,0.0,0.0,0.0,0.0,0.0,0.0
0.0,0.0,0.0,11.207861,0.0,0.0,0.0,0.0,0.60584766,0.0,3.852615,0.0,0.0,0.0,0.0,10.216757,0.0,0.0,0.0,0.0,5.904947,0.0,4.786281,0.0,0.0,0.0,0.0,0.0,0.0,5.153196,2.9309275,0.0,0.37360972,0.0,6.238344,0.0,0.0,0.0,0.0,0.0,8.328674,0.0,7.98767,5.2964487,0.0,0.0,0.0,0.0,0.0,0.0
0.0,0.0,0.0,11.499132,0.0,0.0,0.0,0.0,2.4599054,0.0,4.370421,0.0,0.0,0.0,0.0,8.133806,0.0,0.0,0.0,0.0,3.7186177,0.0,5.059475,0.0,0.0,0.0,0.0,0.0,0.0,5.6601353,3.8623548,0.0,3.300974,0.0,3.1998866,0.0,0.0,0.0,0.0,0.0,9.262731,0.0,8.6934185,3.7145991,0.0,0.0,0.0,0.0,0.0,0.0
0.0,0.0,0.0,9.05012,0.0,0.0,0.0,0.0,0.6465217,0.0,4.175829,0.0,0.0,0.0,0.0,9.70754,0.0,0.0,0.0,0.0,4.414526,0.0,6.5951257,0.0,0.0,0.0,0.0,0.0,0.0,5.510429,5.4272556,0.0,1.6496414,0.0,5.451345,0.0,0.0,0.0,0.0,0.0,5.9733624,0.0,12.322432,5.717019,0.0,0.0,0.0,0.0,0.0,0.0
0.0,0.0,0.0,15.2385235,0.0,0.0,0.0,0.0,6.451049,0.0,6.791359,0.0,0.0,0.0,0.0,6.627168,0.0,0.0,0.0,0.0,6.337876,0.0,1.9599489,0.0,0.0,0.0,0.0,0.0,0.0,6.5466366,2.5628464,0.0,4.369442,0.0,7.868959,0.0,0.0,0.0,0.0,0.0,10.355855,0.0,10.939234,6.456606,0.0,0.0,0.0,0.0,0.0,0.0
0.0,0.0,0.0,12.975771,0.0,0.0,0.0,0.0,0.90898794,0.0,6.014326,0.0,0.0,0.0,0.0,9.428383,0.0,0.0,0.0,0.0,9.950538,0.0,6.8152475,0.0,0.0,0.0,0.0,0.0,0.0,9.766056,4.45361,0.0,0.0,0.0,7.1286407,0.0,0.0,0.0,0.0,0.0,9.6343355,0.0,12.926495,8.54792,0.0,0.88692933,0.0,0.0,0.0,0.0
0.0,0.0,0.0,11.316631,0.0,0.0,0.0,0.0,3.8848186,0.0,3.193508,0.0,0.0,0.0,0.0,9.683115,0.0,0.0,0.0,0.0,3.3829513,0.0,2.8944914,0.0,0.0,0.0,0.0,0.0,0.0,8.238711,2.522597,0.0,3.0850704,0.0,5.22349,0.0,0.0,0.0,0.0,0.0,11.309503,0.0,8.745198,7.092023,0.0,0.0,0.0,0.0,0.0,0.0
0.0,0.0,0.0,12.892218,0.0,0.0,0.0,0.0,2.3994863,0.0,4.1976523,0.0,0.0,0.0,0.0,8.760816,0.0,0.0,0.0,0.0,3.8197176,0.0,6.238665,0.0,0.0,0.0,0.0,0.0,0.0,6.3353243,5.0801144,0.0,1.799204,0.0,3.0171614,0.0,0.0,0.0,0.0,0.0,8.800052,0.0,8.20873,4.8540344,0.0,0.0,0.0,0.0,0.0,0.0
0.0,0.0,0.0,11.913633,0.0,0.0,0.0,0.0,0.602687,0.0,4.120456,0.0,0.0,0.0,0.0,9.857822,0.0,0.0,0.0,0.0,5.463794,0.0,5.611365,0.0,0.0,0.0,0.0,0.0,0.0,3.9612145,2.9980388,0.0,2.394341,0.0,5.8145094,0.0,0.0,0.0,0.0,0.0,7.9949,0.0,10.140405,4.1066847,0.0,0.0,0.0,0.0,0.0,0.0
0.0,0.0,0.0,12.636927,0.0,0.0,0.0,0.0,3.2617843,0.0,5.7343736,0.0,0.0,0.0,0.0,9.079097,0.0,0.0,0.0,0.0,7.581208,0.0,5.0497327,0.0,0.0,0.0,0.0,0.0,0.0,7.116951,3.758078,0.0,2.0625865,0.0,7.0549197,0.0,0.0,0.0,0.0,0.0,9.680161,0.0,11.874151,5.9187093,0.0,0.0,0.0,0.0,0.0,0.0
0.0,0.0,0.0,12.071182,0.0,0.0,0.0,0.0,2.535136,0.0,4.133241,0.0,0.0,0.0,0.0,10.209934,0.0,0.0,0.0,0.0,5.4832673,0.0,4.451561,0.0,0.0,0.0,0.0,0.0,0.0,8.4918165,2.9048312,0.0,1.7222257,0.0,6.939597,0.0,0.0,0.0,0.0,0.0,10.145697,0.0,10.286585,6.8805885,0.0,0.0,0.0,0.0,0.0,0.0
0.0,0.0,0.0,12.348833,0.0,0.0,0.0,0.0,2.0975997,0.0,4.171454,0.0,0.0,0.0,0.0,8.791646,0.0,0.0,0.0,0.0,4.287469,0.0,5.643869,0.0,0.0,0.0,0.0,0.0,0.0,6.164465,3.7887115,0.0,1.4525027,0.0,3.963302,0.0,0.0,0.0,0.0,0.0,9.067951,0.0,9.036133,4.566138,0.0,0.0,0.0,0.0,0.0,0.0
0.0,0.0,0.0,10.019248,0.0,0.0,0.0,0.0,1.9994583,0.0,4.034309,0.0,0.0,0.0,0.0,9.126202,0.0,0.0,0.0,0.0,4.9161263,0.0,4.2271504,0.0,0.0,0.0,0.0,0.0,0.0,4.241833,3.479597,0.0,2.7454727,0.0,5.5115786,0.0,0.0,0.0,0.0,0.0,6.9822316,0.0,9.5584545,4.65459,0.0,0.0,0.0,0.0,0.0,0.0
0.0,0.0,0.0,12.542425,0.0,0.0,0.0,0.0,3.334496,0.0,6.665152,0.0,0.0,0.0,0.0,7.513638,0.0,0.0,0.0,0.0,5.8919525,0.0,4.1138387,0.0,0.0,0.0,0.0,0.0,0.0,6.2570868,2.6706402,0.0,3.405209,0.0,6.9759765,0.0,0.0,0.0,0.0,0.0,9.430983,0.0,11.11264,6.6300907,0.0,0.0,0.0,0.0,0.0,0.0
0.0,0.0,0.0,12.7169,0.0,0.0,0.0,0.0,3.4167736,0.0,5.4408927,0.0,0.0,0.0,0.0,9.261224,0.0,0.0,0.0,0.0,7.701223,0.0,4.929216,0.0,0.0,0.0,0.0,0.0,0.0,9.432216,2.98698,0.0,0.8198316,0.0,7.7774405,0.0,0.0,0.0,0.0,0.0,10.136279,0.0,10.952462,8.3941345,0.0,0.0,0.0,0.0,0.0,0.0
0.0,0.0,0.0,11.950638,0.0,0.0,0.0,0.0,3.12088,0.0,2.9285405,0.0,0.0,0.0,0.0,9.475283,0.0,0.0,0.0,0.0,2.794038,0.0,4.104343,0.0,0.0,0.0,0.024787445,0.0,0.0,7.6352897,3.1857827,0.0,2.199728,0.0,4.6205406,0.0,0.0,0.0,0.0,0.0,9.795798,0.0,7.3584204,4.5883646,0.0,0.0,0.0,0.0,0.0,0.0
0.0,0.0,0.0,10.367979,0.0,0.0,0.0,0.0,1.4654762,0.0,3.6062505,0.0,0.0,0.0,0.0,9.282566,0.0,0.0,0.0,0.0,3.0008252,0.0,6.597328,0.0,0.0,0.0,0.0,0.0,0.0,4.6516604,5.1801367,0.0,1.8129314,0.0,3.6286185,0.0,0.0,0.0,0.0,0.0,8.157259,0.0,8.177794,4.3043895,0.0,0.0,0.0,0.0,0.0,0.0
0.0,0.0,0.0,10.560672,0.0,0.0,0.0,0.0,1.4074346,0.0,3.594707,0.0,0.0,0.0,0.0,8.799726,0.0,0.0,0.0,0.0,2.583492,0.0,3.9369738,0.5782443,0.0,0.0,0.005954344,0.0,0.0,4.4991937,3.4850423,0.0,3.5157192,0.0,6.2625136,0.0,0.0,0.0,0.0,0.0,8.06858,0.0,10.4796915,4.69024,0.0,0.0,0.0,0.0,0.0,0.0
0.0,0.0,0.0,14.179159,0.0,0.0,0.0,0.0,2.9111245,0.0,6.258585,0.0,0.0,0.0,0.0,8.217655,0.0,0.0,0.0,0.0,7.64438,0.0,4.448652,0.0,0.0,0.0,0.0,0.0,0.0,6.5598636,2.7822404,0.0,2.6497045,0.0,7.833247,0.0,0.0,0.0,0.0,0.0,10.283515,0.0,10.849229,6.5994215,0.0,0.0,0.0,0.0,0.0,0.0
0.0,0.0,0.0,11.68054,0.0,0.0,0.0,0.0,3.5641143,0.0,4.5170813,0.0,0.0,0.0,0.0,9.643112,0.0,0.0,0.0,0.0,7.0830073,0.0,4.1147466,0.0,0.0,0.0,0.0,0.0,0.0,8.995696,3.4042637,0.0,1.572659,0.0,6.6784463,0.0,0.0,0.0,0.0,0.0,9.927682,0.0,10.240938,6.4393997,0.0,0.0,0.0,0.0,0.0,0.0
0.0,0.0,0.0,11.40827,0.0,0.0,0.0,0.0,2.2210147,0.0,4.4364,0.0,0.0,0.0,0.0,9.648587,0.0,0.0,0.0,0.0,6.5412793,0.0,5.0165167,0.0,0.0,0.0,0.0,0.0,0.0,7.673443,3.1388505,0.0,0.7591889,0.0,5.770223,0.0,0.0,0.0,0.0,0.0,9.587254,0.0,8.321159,5.716037,0.0,0.0,0.0,0.0,0.0,0.0
0.0,0.0,0.0,11.558144,0.0,0.0,0.0,0.0,0.8131514,0.0,3.0264616,0.0,0.0,0.0,0.0,8.985611,0.0,0.0,0.0,0.0,3.9117491,0.0,5.7331386,0.0,0.0,0.0,0.0,0.0,0.0,6.8272214,4.2690945,0.0,2.006904,0.0,3.6259346,0.0,0.0,0.0,0.0,0.0,8.286804,0.0,9.238772,4.764944,0.0,0.0,0.0,0.0,0.0,0.0
0.0,0.0,0.0,10.115164,0.0,0.0,0.0,0.0,2.3558586,0.0,3.121057,0.0,0.0,0.0,0.0,9.0636835,0.0,0.0,0.0,0.0,4.101681,0.0,5.537379,0.0,0.0,0.0,0.0,0.0,0.0,4.9311156,4.2681804,0.0,2.4880865,0.0,4.5819445,0.0,0.0,0.0,0.0,0.0,7.3608694,0.0,10.176173,3.347146,0.0,0.0,0.0,0.0,0.0,0.0
0.0,0.0,0.0,13.092586,0.0,0.0,0.0,0.0,2.7319856,0.0,5.316183,0.0,0.0,0.0,0.0,8.443748,0.0,0.0,0.0,0.0,6.323052,0.0,4.197061,0.0,0.0,0.0,0.17082818,0.0,0.0,7.1023226,2.7853158,0.0,3.1391098,0.0,6.4311366,0.0,0.0,0.0,0.0,0.0,9.198658,0.0,10.781195,5.655336,0.0,0.0,0.0,0.0,0.0,0.0
0.0,0.0,0.0,13.084897,0.0,0.0,0.0,0.0,4.196924,0.0,5.205999,0.0,0.0,0.0,0.0,9.367618,0.0,0.0,0.0,0.0,6.6711082,0.0,4.4253564,0.0,0.0,0.0,0.0,0.0,0.0,9.042519,3.8058014,0.0,1.4034871,0.0,7.892154,0.0,0.0,0.0,0.0,0.0,11.100444,0.0,10.863621,7.147724,0.0,0.0,0.0,0.0,0.0,0.0
0.0,0.0,0.0,11.607373,0.0,0.0,0.0,0.0,2.0868278,0.0,3.3734956,0.0,0.0,0.0,0.0,10.567177,0.0,0.0,0.0,0.0,5.73798,0.0,4.8164344,0.0,0.0,0.0,0.0,0.0,0.0,7.467284,3.747588,0.0,1.4022664,0.0,4.980079,0.0,0.0,0.0,0.0,0.0,9.976697,0.0,7.940872,6.5841036,0.0,0.0,0.0,0.0,0.0,0.0
0.0,0.0,0.0,12.191584,0.0,0.0,0.0,0.0,3.0781124,0.0,3.11001,0.0,0.0,0.0,0.0,9.144685,0.0,0.0,0.0,0.0,3.729224,0.0,5.833283,0.0,0.0,0.0,0.0,0.0,0.0,6.124962,4.4026113,0.0,3.1943913,0.0,3.0384388,0.0,0.0,0.0,0.0,0.0,8.59016,0.0,9.126883,3.6574967,0.0,0.0,0.0,0.0,0.0,0.0
0.0,0.0,0.0,11.552208,0.0,0.0,0.0,0.0,1.7448415,0.0,4.195642,0.0,0.0,0.0,0.0,9.417738,0.0,0.0,0.0,0.0,6.7161374,0.0,8.2254715,0.0,0.0,0.0,0.0,0.0,0.0,6.6589546,4.9815817,0.0,1.7111491,0.0,4.181597,0.0,0.0,0.0,0.0,0.0,7.5085535,0.0,12.113498,5.2884846,0.0,0.0,0.0,0.0,0.0,0.0
0.0,0.0,0.0,13.15793,0.0,0.0,0.0,0.0,2.7272727,0.0,4.1783843,0.0,0.0,0.0,0.0,9.43289,0.0,0.0,0.0,0.0,4.5041237,0.0,3.008294,0.0,0.0,0.0,0.0,0.0,0.0,7.6357174,3.5431979,0.0,2.5982182,0.0,6.756377,0.0,0.0,0.0,0.0,0.0,9.336645,0.0,11.181621,6.0083838,0.0,0.0,0.0,0.0,0.0,0.0
0.0,0.0,0.0,15.3569565,0.0,0.0,0.0,0.0,5.953138,0.0,5.441695,0.0,0.0,0.0,0.0,9.262405,0.0,0.0,0.0,0.0,5.27261,0.0,4.6888204,0.0,0.0,0.0,0.0,0.0,0.0,8.028664,3.3303707,0.0,3.5089223,0.0,6.2400584,0.0,0.0,0.0,0.0,0.0,11.562824,0.0,8.371397,5.8845177,0.0,0.0,0.0,0.0,0.0,0.0
0.0,0.0,0.0,12.550343,0.0,0.0,0.0,0.0,1.1882951,0.0,4.740193,0.0,0.0,0.0,0.0,9.9121475,0.0,0.0,0.0,0.0,6.7924666,0.0,6.56468,0.0,0.0,0.0,0.0,0.0,0.0,8.36162,3.7946012,0.0,1.1628785,0.0,4.156016,0.0,0.0,0.0,0.0,0.0,10.521219,0.0,9.134012,6.4825764,0.0,0.0,0.0,0.0,0.0,0.0
0.0,0.0,0.0,10.95139,0.0,0.0,0.0,0.0,1.4114691,0.0,2.3400526,0.0,0.0,0.0,0.0,10.414864,0.0,0.0,0.0,0.0,2.9903424,0.0,5.5303245,0.0,0.0,0.0,0.0,0.0,0.0,4.940709,5.686473,0.0,1.7403556,0.0,3.3044882,0.0,0.0,0.0,0.0,0.0,7.757965,0.0,9.382731,4.7000904,0.0,0.0,0.0,0.0,0.0,0.0
0.0,0.0,0.0,13.45677,0.0,0.0,0.0,0.0,4.207907,0.0,4.4702206,0.0,0.0,0.0,0.0,8.3996105,0.0,0.0,0.0,0.0,2.9541433,0.0,4.2397904,0.0,0.0,0.0,0.24230394,0.0,0.0,4.6313004,3.4990847,0.0,4.0048733,0.0,4.926369,0.0,0.0,0.0,0.0,0.0,8.110751,0.0,9.003549,3.9570236,0.0,0.0,0.0,0.0,0.0,0.0
0.0,0.0,0.0,14.257599,0.0,0.0,0.0,0.0,4.125457,0.0,6.397961,0.0,0.0,0.0,0.0,8.823624,0.0,0.0,0.0,0.0,7.6858926,0.0,5.86529,0.0,0.0,0.0,0.0,0.0,0.0,7.880326,3.721715,0.0,2.3782113,0.0,7.2982316,0.0,0.0,0.0,0.0,0.0,9.700238,0.0,12.123181,6.0310225,0.0,0.0,0.0,0.0,0.0,0.0
0.0,0.0,0.0,13.100109,0.0,0.0,0.0,0.0,2.409469,0.0,4.4427314,0.0,0.0,0.0,0.0,10.387861,0.0,0.0,0.0,0.0,7.7178206,0.0,4.8957887,0.0,0.0,0.0,0.0,0.0,0.0,9.9871645,3.7629292,0.0,0.9860264,0.0,6.765322,0.0,0.0,0.0,0.0,0.0,10.191957,0.0,11.416747,7.3428597,0.0,0.0,0.0,0.0,0.0,0.0
0.0,0.0,0.0,12.298855,0.0,0.0,0.0,0.0,3.6941893,0.0,3.3087795,0.0,0.0,0.0,0.0,10.504907,0.0,0.0,0.0,0.0,3.6373038,0.0,4.365743,0.0,0.0,0.0,0.0,0.0,0.0,8.208522,4.0456433,0.0,2.5098062,0.0,4.9205375,0.0,0.0,0.0,0.0,0.0,10.250554,0.0,8.932802,5.190593,0.0,0.0,0.0,0.0,0.0,0.0
0.0,0.0,0.0,11.400862,0.0,0.0,0.0,0.0,2.0769079,0.0,4.410046,0.0,0.0,0.0,0.0,9.85122,0.0,0.0,0.0,0.0,4.641165,0.0,6.6695065,0.0,0.0,0.0,0.0,0.0,0.0,5.1700854,4.9231625,0.0,2.0667512,0.0,4.1966143,0.0,0.0,0.0,0.0,0.0,8.092654,0.0,10.137109,4.205158,0.0,0.0,0.0,0.0,0.0,0.0
0.0,0.0,0.0,12.498232,0.0,0.0,0.0,0.0,3.4221528,0.0,5.384638,0.0,0.0,0.0,0.0,9.400292,0.0,0.0,0.0,0.0,6.5795026,0.0,5.015811,0.0,0.0,0.0,0.0,0.0,0.0,5.58778,2.8084788,0.0,2.9293602,0.0,6.631599,0.0,0.0,0.0,0.0,0.0,9.2905035,0.0,10.646007,5.6214237,0.0,0.0,0.0,0.0,0.0,0.0
0.0,0.0,0.0,13.080976,0.0,0.0,0.0,0.0,4.0373173,0.0,5.8272843,0.0,0.0,0.0,0.0,9.481031,0.0,0.0,0.0,0.0,6.444963,0.0,5.0618057,0.0,0.0,0.0,0.0,0.0,0.0,8.635865,3.762791,0.0,1.435305,0.0,7.345228,0.0,0.0,0.0,0.0,0.0,10.198342,0.0,10.89763,7.7484417,0.0,0.0,0.0,0.0,0.0,0.0
0.0,0.0,0.0,12.91026,0.0,0.0,0.0,0.0,2.898208,0.0,3.3751552,0.0,0.0,0.0,0.0,10.405317,0.0,0.0,0.0,0.0,5.9648776,0.0,4.5323133,0.0,0.0,0.0,0.0,0.0,0.0,7.5511775,2.7522924,0.0,1.7078059,0.0,5.05349,0.0,0.0,0.0,0.0,0.0,9.789449,0.0,8.555548,5.325096,0.0,0.0,0.0,0.0,0.0,0.0
0.0,0.0,0.0,10.969774,0.0,0.0,0.0,0.0,1.939912,0.0,3.8330112,0.0,0.0,0.0,0.0,9.283189,0.0,0.0,0.0,0.0,3.5379274,0.0,6.6465263,0.0,0.0,0.0,0.0,0.0,0.0,6.6969466,4.252263,0.0,1.3269528,0.0,3.0191758,0.0,0.0,0.0,0.0,0.0,8.023541,0.0,9.18944,4.1994495,0.0,0.0,0.0,0.0,0.0,0.0
0.0,0.0,0.0,10.438293,0.0,0.0,0.0,0.0,1.5461221,0.0,4.1203732,0.0,0.0,0.0,0.0,8.360059,0.0,0.0,0.0,0.0,3.835224,0.0,4.129438,0.2062014,0.0,0.0,0.0,0.0,0.0,3.9902227,3.2003272,0.0,3.6632679,0.0,5.5843577,0.0,0.0,0.0,0.0,0.0,7.5678434,0.0,9.270364,4.7166195,0.0,0.0,0.0,0.0,0.0,0.0
0.0,0.0,0.0,14.817014,0.0,0.0,0.0,0.0,4.7514277,0.0,6.664755,0.0,0.0,0.0,0.0,7.2968516,0.0,0.0,0.0,0.0,7.669877,0.0,4.6386957,0.0,0.0,0.0,0.0,0.0,0.0,6.8888593,3.3512962,0.0,2.849829,0.0,6.125766,0.0,0.0,0.0,0.0,0.0,10.46515,0.0,11.43346,4.8968654,0.0,0.0,0.0,0.0,0.0,0.0
0.0,0.0,0.0,10.322976,0.0,0.0,0.0,0.0,0.5301216,0.0,4.324585,0.0,0.0,0.0,0.0,9.490049,0.0,0.0,0.0,0.0,6.6991115,0.0,5.9339623,0.0,0.0,0.0,0.0,0.0,0.0,8.635059,3.6777518,0.0,0.33783424,0.0,5.854143,0.0,0.0,0.0,0.0,0.0,8.639852,0.0,11.112358,7.308163,0.0,0.37343615,0.0,0.0,0.0,0.0
0.0,0.0,0.0,11.517464,0.0,0.0,0.0,0.0,4.757683,0.0,2.4870474,0.0,0.0,0.0,0.0,8.276469,0.0,0.0,0.0,0.0,1.3899994,0.0,2.325388,0.0,0.0,0.0,0.0,0.0,0.0,7.305807,3.191951,0.0,4.046252,0.0,4.678247,0.0,0.0,0.0,0.0,0.0,9.83695,0.0,7.561518,5.5592675,0.0,0.0,0.0,0.0,0.0,0.0
0.0,0.0,0.0,11.846733,0.0,0.0,0.0,0.0,1.3180939,0.0,4.483702,0.0,0.0,0.0,0.0,8.869259,0.0,0.0,0.0,0.0,5.6372013,0.0,6.7558618,0.0,0.0,0.0,0.0,0.0,0.0,4.6976542,4.794037,0.0,0.3907515,0.0,2.6364646,0.0,0.0,0.0,0.0,0.0,7.7635126,0.0,8.135732,5.1403985,0.0,0.0,0.0,0.0,0.0,0.0
0.0,0.0,0.0,10.291752,0.0,0.0,0.0,0.0,2.618337,0.0,4.2609005,0.0,0.0,0.0,0.0,9.407388,0.0,0.0,0.0,0.0,3.1285985,0.0,4.851439,0.0,0.0,0.0,0.0,0.0,0.0,5.2020264,3.7870092,0.0,2.2414494,0.0,6.5035686,0.0,0.0,0.0,0.0,0.0,7.9306383,0.0,10.741227,6.639361,0.0,0.0,0.0,0.0,0.0,0.0
0.0,0.0,0.0,15.380411,0.0,0.0,0.0,0.0,6.277995,0.0,6.3706746,0.0,0.0,0.0,0.0,7.729162,0.0,0.0,0.0,0.0,6.4252214,0.0,3.703029,0.0,0.0,0.0,0.0,0.0,0.0,6.4610066,2.1927962,0.0,3.401605,0.0,7.866322,0.0,0.0,0.0,0.0,0.0,11.284198,0.0,9.064973,5.2994165,0.0,0.0,0.0,0.0,0.0,0.0
0.0,0.0,0.0,12.0141945,0.0,0.0,0.0,0.0,1.9888943,0.0,5.439531,0.0,0.0,0.0,0.0,10.739998,0.0,0.0,0.0,0.0,6.964706,0.0,7.193209,0.0,0.0,0.0,0.0,0.0,0.0,9.469784,3.9608076,0.0,0.3067052,0.0,5.614818,0.0,0.0,0.0,0.0,0.0,10.30315,0.0,11.544789,7.856939,0.0,0.34565145,0.0,0.0,0.0,0.0
0.0,0.0,0.0,12.715599,0.0,0.0,0.0,0.0,3.45021,0.0,3.8130193,0.0,0.0,0.0,0.0,9.580896,0.0,0.0,0.0,0.0,3.9051185,0.0,3.6627474,0.0,0.0,0.0,0.0,0.0,0.0,6.915327,3.733178,0.0,2.5601137,0.0,5.5190597,0.0,0.0,0.0,0.0,0.0,9.889013,0.0,8.540806,5.1899137,0.0,0.0,0.0,0.0,0.0,0.0
0.0,0.0,0.0,12.227071,0.0,0.0,0.0,0.0,2.5467732,0.0,4.2973275,0.0,0.0,0.0,0.0,8.785564,0.0,0.0,0.0,0.0,5.3753333,0.0,6.783709,0.0,0.0,0.0,0.0,0.0,0.0,6.116225,5.055873,0.0,1.8123899,0.0,3.0118382,0.0,0.0,0.0,0.0,0.0,8.507353,0.0,9.409407,4.66401,0.0,0.0,0.0,0.0,0.0,0.0
0.0,0.0,0.0,11.686517,0.0,0.0,0.0,0.0,1.4665809,0.0,4.5900536,0.0,0.0,0.0,0.0,9.471712,0.0,0.0,0.0,0.0,5.3981857,0.0,4.586056,0.0,0.0,0.0,0.0,0.0,0.0,6.4227915,3.9972613,0.0,2.2391179,0.0,5.5782905,0.0,0.0,0.0,0.0,0.0,7.4651575,0.0,11.332708,5.796957,0.0,0.0,0.0,0.0,0.0,0.0
0.0,0.0,0.0,13.832336,0.0,0.0,0.0,0.0,3.7206404,0.0,4.075052,0.0,0.0,0.0,0.0,9.359869,0.0,0.0,0.0,0.0,4.8574424,0.0,3.5471587,0.0,0.0,0.0,0.0,0.0,0.0,7.5338473,3.7549834,0.0,2.7792017,0.0,6.663446,0.0,0.0,0.0,0.0,0.0,8.387113,0.0,10.197439,5.753238,0.0,0.0,0.0,0.0,0.0,0.0
0.0,0.0,0.0,13.418678,0.0,0.0,0.0,0.0,3.1375053,0.0,5.5369825,0.0,0.0,0.0,0.0,9.5678005,0.0,0.0,0.0,0.0,6.868711,0.0,5.0189977,0.0,0.0,0.0,0.0,0.0,0.0,8.205104,3.0742328,0.0,1.1933458,0.0,6.0207305,0.0,0.0,0.0,0.0,0.0,9.9715805,0.0,8.781521,5.6856623,0.0,0.0,0.0,0.0,0.0,0.0
0.0,0.0,0.0,11.792096,0.0,0.0,0.0,0.0,1.7981848,0.0,4.0378723,0.0,0.0,0.0,0.0,10.569632,0.0,0.0,0.0,0.0,4.3489933,0.0,5.781361,0.0,0.0,0.0,0.0,0.0,0.0,7.2045383,3.3544614,0.0,2.1387322,0.0,4.4109483,0.0,0.0,0.0,0.0,0.0,10.624169,0.0,9.271017,6.639431,0.0,0.0,0.0,0.0,0.0,0.0
0.0,0.0,0.0,12.525778,0.0,0.0,0.0,0.0,3.413141,0.0,3.535829,0.0,0.0,0.0,0.0,9.283237,0.0,0.0,0.0,0.0,2.8826082,0.0,4.818502,0.0,0.0,0.0,0.0,0.0,0.0,5.2927246,4.6225796,0.0,2.386454,0.0,5.6575656,0.0,0.0,0.0,0.0,0.0,9.184251,0.0,9.484519,5.692897,0.0,0.0,0.0,0.0,0.0,0.0
0.0,0.0,0.0,14.438848,0.0,0.0,0.0,0.0,2.4716504,0.0,5.41155,0.0,0.0,0.0,0.0,9.697369,0.0,0.0,0.0,0.0,8.198642,0.0,5.712972,0.0,0.0,0.0,0.0,0.0,0.0,5.094286,2.7561896,0.0,2.1708558,0.0,5.954423,0.0,0.0,0.0,0.0,0.0,9.55991,0.0,9.855547,4.5340905,0.0,0.0,0.0,0.0,0.0,0.0
0.0,0.0,0.0,11.5230465,0.0,0.0,0.0,0.0,2.7468112,0.0,4.6215663,0.0,0.0,0.0,0.0,9.554808,0.0,0.0,0.0,0.0,7.1615844,0.0,7.6318936,0.0,0.0,0.0,0.0,0.0,0.0,11.39508,4.447295,0.0,1.0850264,0.0,7.10494,0.0,0.0,0.0,0.0,0.0,9.187937,0.0,13.664075,7.268892,0.0,0.21651717,0.0,0.0,0.0,0.0
0.0,0.0,0.0,12.660152,0.0,0.0,0.0,0.0,3.535537,0.0,4.655265,0.0,0.0,0.0,0.0,10.239496,0.0,0.0,0.0,0.0,6.039063,0.0,4.43934,0.0,0.0,0.0,0.0,0.0,0.0,8.504829,3.640745,0.0,1.4348267,0.0,5.685127,0.0,0.0,0.0,0.0,0.0,9.132662,0.0,9.518145,6.935782,0.0,0.0,0.0,0.0,0.0,0.0
0.0,0.0,0.0,13.282117,0.0,0.0,0.0,0.0,1.3824359,0.0,3.7608762,0.0,0.0,0.0,0.0,8.769141,0.0,0.0,0.0,0.0,3.8998826,0.0,4.8500524,0.0,0.0,0.0,0.0,0.0,0.0,6.243292,4.071404,0.0,1.8374884,0.0,3.8014727,0.0,0.0,0.0,0.0,0.0,9.250675,0.0,9.22563,5.052545,0.0,0.0,0.0,0.0,0.0,0.0
0.0,0.0,0.0,11.282592,0.0,0.0,0.0,0.0,2.6282918,0.0,4.295074,0.0,0.0,0.0,0.0,8.464954,0.0,0.0,0.0,0.0,3.6568158,0.0,5.035519,0.0,0.0,0.0,0.0,0.0,0.0,4.679187,4.6054406,0.0,1.8344315,0.0,5.498876,0.0,0.0,0.0,0.0,0.0,8.249353,0.0,9.288209,5.7560973,0.0,0.0,0.0,0.0,0.0,0.0
0.0,0.0,0.0,12.439606,0.0,0.0,0.0,0.0,2.485586,0.0,5.6765275,0.0,0.0,0.0,0.0,9.266748,0.0,0.0,0.0,0.0,6.8210416,0.0,4.463242,0.0,0.0,0.0,0.0,0.0,0.0,5.5624576,2.7762537,0.0,2.6705577,0.0,5.6781893,0.0,0.0,0.0,0.0,0.0,9.476059,0.0,9.816706,5.9733562,0.0,0.0,0.0,0.0,0.0,0.0
0.0,0.0,0.0,13.043914,0.0,0.0,0.0,0.0,2.2952232,0.0,5.9797835,0.0,0.0,0.0,0.0,8.868642,0.0,0.0,0.0,0.0,6.977234,0.0,5.509724,0.0,0.0,0.0,0.0,0.0,0.0,8.299339,3.6208596,0.0,1.3562967,0.0,5.9331994,0.0,0.0,0.0,0.0,0.0,9.596768,0.0,11.687077,6.794177,0.0,0.0,0.0,0.0,0.0,0.0
0.0,0.0,0.0,12.674442,0.0,0.0,0.0,0.0,1.9315592,0.0,4.746679,0.0,0.0,0.0,0.0,8.410499,0.0,0.0,0.0,0.0,6.265087,0.0,4.715982,0.0,0.0,0.0,0.0,0.0,0.0,6.399136,2.7725737,0.0,1.5686777,0.0,5.9187675,0.0,0.0,0.0,0.0,0.0,9.051023,0.0,9.276333,4.668219,0.0,0.0,0.0,0.0,0.0,0.0
0.0,0.0,0.0,11.400923,0.0,0.0,0.0,0.0,2.3177693,0.0,5.8005486,0.0,0.0,0.0,0.0,7.843003,0.0,0.0,0.0,0.0,5.910462,0.0,6.091541,0.0,0.0,0.0,0.0,0.0,0.0,7.189507,2.9797854,0.0,2.0545428,0.0,4.908899,0.0,0.0,0.0,0.0,0.0,10.624223,0.0,8.782494,5.8463407,0.0,0.0,0.0,0.0,0.0,0.0
0.0,0.0,0.0,11.321939,0.0,0.0,0.0,0.0,1.1067523,0.0,3.789709,0.0,0.0,0.0,0.0,9.135498,0.0,0.0,0.0,0.0,4.244163,0.0,4.6367345,0.0,0.0,0.0,0.0,0.0,0.0,6.474323,3.914686,0.0,1.8066071,0.0,4.8963284,0.0,0.0,0.0,0.0,0.0,8.474876,0.0,10.210857,5.3030157,0.0,0.0,0.0,0.0,0.0,0.0
0.0,0.0,0.0,12.955954,0.0,0.0,0.0,0.0,3.380935,0.0,4.2935567,0.0,0.0,0.0,0.0,9.096464,0.0,0.0,0.0,0.0,4.605046,0.0,4.158761,0.0,0.0,0.0,0.0,0.0,0.0,5.649386,3.428034,0.0,2.252641,0.0,5.9128385,0.0,0.0,0.0,0.0,0.0,8.654115,0.0,10.099829,3.2482872,0.0,0.0,0.0,0.0,0.0,0.0
0.0,0.0,0.0,11.718019,0.0,0.0,0.0,0.0,2.2860136,0.0,5.0381546,0.0,0.0,0.0,0.0,9.979076,0.0,0.0,0.0,0.0,7.083078,0.0,6.207708,0.0,0.0,0.0,0.0,0.0,0.0,8.283977,2.7113373,0.0,1.6283962,0.0,6.1555047,0.0,0.0,0.0,0.0,0.0,9.509383,0.0,10.904887,6.232504,0.0,0.0,0.0,0.0,0.0,0.0
0.0,0.0,0.0,11.155564,0.0,0.0,0.0,0.0,4.584063,0.0,3.1435657,0.0,0.0,0.0,0.0,8.932257,0.0,0.0,0.0,0.0,2.9308844,0.0,3.2504227,0.0,0.0,0.0,0.0,0.0,0.0,8.187566,3.9724805,0.0,2.9854178,0.0,4.6033626,0.0,0.0,0.0,0.0,0.0,9.035607,0.0,8.199558,6.235254,0.0,0.0,0.0,0.0,0.0,0.0
0.0,0.0,0.0,12.858295,0.0,0.0,0.0,0.0,1.8839628,0.0,4.872809,0.0,0.0,0.0,0.0,8.263724,0.0,0.0,0.0,0.0,5.4420753,0.0,6.6342444,0.0,0.0,0.0,0.0,0.0,0.0,5.096168,4.2437816,0.0,0.7583295,0.0,2.0381174,0.0,0.0,0.0,0.0,0.0,8.458771,0.0,7.0999618,4.6038,0.0,0.0,0.0,0.0,0.0,0.0
0.0,0.0,0.0,10.314429,0.0,0.0,0.0,0.0,1.4954945,0.0,4.055189,0.0,0.0,0.0,0.0,9.64027,0.0,0.0,0.0,0.0,4.658164,0.0,5.9033904,0.0,0.0,0.0,0.0,0.0,0.0,5.1156526,3.9296563,0.0,2.7353582,0.0,4.3460646,0.0,0.0,0.0,0.0,0.0,6.6241446,0.0,11.246154,6.400509,0.0,0.0,0.0,0.0,0.0,0.0
0.0,0.0,0.0,14.926212,0.0,0.0,0.0,0.0,7.2515917,0.0,7.3721766,0.0,0.0,0.0,0.0,6.432543,0.0,0.0,0.0,0.0,6.468293,0.0,4.0284977,0.0,0.0,0.0,0.0,0.0,0.0,7.1308656,3.107228,0.0,2.9301374,0.0,7.2562094,0.0,0.0,0.0,0.0,0.0,10.390867,0.0,8.991524,7.5231094,0.0,0.0,0.0,0.0,0.0,0.0
0.0,0.0,0.0,13.318776,0.0,0.0,0.0,0.0,0.44759858,0.0,5.4176526,0.0,0.0,0.0,0.0,10.252471,0.0,0.0,0.0,0.0,9.234028,0.0,6.755611,0.0,0.0,0.0,0.0,0.0,0.0,8.116881,2.8259475,0.0,0.06495349,0.0,5.332391,0.0,0.0,0.0,0.0,0.0,9.694377,0.0,10.440129,6.371498,0.0,0.093095854,0.0,0.0,0.0,0.0
0.0,0.0,0.0,11.043179,0.0,0.0,0.0,0.0,2.792442,0.0,2.7168365,0.0,0.0,0.0,0.0,8.876425,0.0,0.0,0.0,0.0,3.601853,0.0,3.7026718,0.0,0.0,0.0,0.0,0.0,0.0,6.5361204,3.4745495,0.0,2.8300385,0.0,4.102196,0.0,0.0,0.0,0.0,0.0,9.039787,0.0,8.824776,5.403706,0.0,0.0,0.0,0.0,0.0,0.0
0.0,0.0,0.0,11.091209,0.0,0.0,0.0,0.0,1.4223939,0.0,5.202759,0.0,0.0,0.0,0.0,7.8926682,0.0,0.0,0.0,0.0,6.499722,0.0,6.7202544,0.0,0.0,0.0,0.0,0.0,0.0,5.7082973,4.394873,0.0,1.2769942,0.0,4.5310316,0.0,0.0,0.0,0.0,0.0,8.507826,0.0,9.32113,5.079203,0.0,0.0,0.0,0.0,0.0,0.0
0.0,0.0,0.0,10.708256,0.0,0.0,0.0,0.0,1.4853886,0.0,3.6163757,0.0,0.0,0.0,0.0,8.878445,0.0,0.0,0.0,0.0,4.916428,0.0,3.9455152,0.0,0.0,0.0,0.0,0.0,0.0,5.344522,3.7229624,0.0,2.40972,0.0,4.967013,0.0,0.0,0.0,0.0,0.0,7.500477,0.0,11.314524,5.01089,0.0,0.0,0.0,0.0,0.0,0.0
0.0,0.0,0.0,12.817136,0.0,0.0,0.0,0.0,4.0433064,0.0,5.0070744,0.0,0.0,0.0,0.0,8.997991,0.0,0.0,0.0,0.0,5.2924685,0.0,4.335086,0.0,0.0,0.0,0.0,0.0,0.0,7.8441586,3.3230104,0.0,2.1908474,0.0,6.8797464,0.0,0.0,0.0,0.0,0.0,9.666488,0.0,11.041475,5.4672933,0.0,0.0,0.0,0.0,0.0,0.0
0.0,0.0,0.0,10.857843,0.0,0.0,0.0,0.0,2.6576698,0.0,4.457088,0.0,0.0,0.0,0.0,9.515967,0.0,0.0,0.0,0.0,6.001597,0.0,5.6190104,0.0,0.0,0.0,0.0,0.0,0.0,7.561115,2.8638937,0.0,0.8597026,0.0,5.9482646,0.0,0.0,0.0,0.0,0.0,8.806602,0.0,9.942648,7.32013,0.0,0.0,0.0,0.0,0.0,0.0
0.0,0.0,0.0,11.022072,0.0,0.0,0.0,0.0,3.0862134,0.0,3.0837302,0.0,0.0,0.0,0.0,8.648024,0.0,0.0,0.0,0.0,3.4466662,0.0,4.534246,0.0,0.0,0.0,0.0,0.0,0.0,6.8721933,3.4712894,0.0,1.7941281,0.0,2.8443775,0.0,0.0,0.0,0.0,0.0,8.073152,0.0,7.7330694,5.7080636,0.0,0.0,0.0,0.0,0.0,0.0
0.0,0.0,0.0,11.114845,0.0,0.0,0.0,0.0,2.1208637,0.0,4.258911,0.0,0.0,0.0,0.0,9.138995,0.0,0.0,0.0,0.0,4.236336,0.0,4.9172997,0.0,0.0,0.0,0.0,0.0,0.0,4.175324,3.7890441,0.0,1.8978723,0.0,3.9986086,0.0,0.0,0.0,0.0,0.0,7.3512173,0.0,8.114159,4.3584576,0.0,0.0,0.0,0.0,0.0,0.0
0.0,0.0,0.0,11.886965,0.0,0.0,0.0,0.0,2.0653942,0.0,5.0511255,0.0,0.0,0.0,0.0,8.147104,0.0,0.0,0.0,0.0,6.0176873,0.0,4.6236677,0.0,0.0,0.0,0.0,0.0,0.0,4.846267,2.9792144,0.0,2.6563704,0.0,5.983107,0.0,0.0,0.0,0.0,0.0,8.475046,0.0,10.579592,4.704129,0.0,0.0,0.0,0.0,0.0,0.0
0.0,0.0,0.0,10.952995,0.0,0.0,0.0,0.0,2.365344,0.0,6.488858,0.0,0.0,0.0,0.0,9.305973,0.0,0.0,0.0,0.0,8.186198,0.0,5.7373157,0.0,0.0,0.0,0.0,0.0,0.0,8.529193,2.3746326,0.0,1.9278522,0.0,6.7367005,0.0,0.0,0.0,0.0,0.0,9.554298,0.0,11.407235,6.381365,0.0,0.0,0.0,0.0,0.0,0.0
0.0,0.0,0.0,10.825498,0.0,0.0,0.0,0.0,2.612691,0.0,4.3048806,0.0,0.0,0.0,0.0,9.382437,0.0,0.0,0.0,0.0,4.2178717,0.0,5.2688766,0.0,0.0,0.0,0.0,0.0,0.0,9.236163,3.6184819,0.0,1.9058088,0.0,5.6310363,0.0,0.0,0.0,0.0,0.0,8.978091,0.0,10.098352,6.4131727,0.0,0.0,0.0,0.0,0.0,0.0
0.0,0.0,0.0,12.302157,0.0,0.0,0.0,0.0,3.2641819,0.0,4.6895504,0.0,0.0,0.0,0.0,8.471935,0.0,0.0,0.0,0.0,4.987488,0.0,4.5425057,0.0,0.0,0.0,0.0,0.0,0.0,5.82508,3.04107,0.0,1.725998,0.0,4.4351306,0.0,0.0,0.0,0.0,0.0,9.02982,0.0,7.448169,4.5309224,0.0,0.0,0.0,0.0,0.0,0.0
0.0,0.0,0.0,11.0241375,0.0,0.0,0.0,0.0,1.0155579,0.0,5.0227127,0.0,0.0,0.0,0.0,9.409308,0.0,0.0,0.0,0.0,5.8615346,0.0,6.805775,0.0,0.0,0.0,0.0,0.0,0.0,5.246625,4.500951,0.0,1.3835094,0.0,5.347623,0.0,0.0,0.0,0.0,0.0,7.6504483,0.0,10.395788,5.8124723,0.0,0.0,0.0,0.0,0.0,0.0
0.0,0.0,0.0,11.523457,0.0,0.0,0.0,0.0,2.5604894,0.0,5.2186084,0.0,0.0,0.0,0.0,9.303958,0.0,0.0,0.0,0.0,5.4728436,0.0,3.6013958,0.0,0.0,0.0,0.0,0.0,0.0,6.3116455,2.8170261,0.0,2.7395172,0.0,7.0916724,0.0,0.0,0.0,0.0,0.0,8.140521,0.0,10.090271,5.487876,0.0,0.0,0.0,0.0,0.0,0.0
0.0,0.0,0.0,15.042909,0.0,0.0,0.0,0.0,3.7998197,0.0,5.659316,0.0,0.0,0.0,0.0,8.311225,0.0,0.0,0.0,0.0,7.288812,0.0,5.0113683,0.0,0.0,0.0,0.0,0.0,0.0,7.6819334,2.8399875,0.0,1.7034701,0.0,6.1459374,0.0,0.0,0.0,0.0,0.0,10.183188,0.0,10.617086,5.081346,0.0,0.0,0.0,0.0,0.0,0.0
0.0,0.0,0.0,10.420919,0.0,0.0,0.0,0.0,1.6400713,0.0,3.8375306,0.0,0.0,0.0,0.0,9.491528,0.0,0.0,0.0,0.0,5.3338847,0.0,5.887819,0.0,0.0,0.0,0.0,0.0,0.0,8.006751,3.277991,0.0,0.14906213,0.0,5.691351,0.0,0.0,0.0,0.0,0.0,8.6557865,0.0,10.350768,5.9344025,0.0,0.0,0.0,0.0,0.0,0.0
0.0,0.0,0.0,12.028851,0.0,0.0,0.0,0.0,2.6834693,0.0,3.6182911,0.0,0.0,0.0,0.0,7.8180466,0.0,0.0,0.0,0.0,2.4756994,0.0,3.4939563,0.0,0.0,0.0,0.056133408,0.0,0.0,6.452893,3.3325906,0.0,3.1948638,0.0,5.1322575,0.0,0.0,0.0,0.0,0.0,8.993064,0.0,7.648509,4.94886,0.0,0.0,0.0,0.0,0.0,0.0
0.0,0.0,0.0,10.733497,0.0,0.0,0.0,0.0,1.3381823,0.0,5.246906,0.0,0.0,0.0,0.0,8.775441,0.0,0.0,0.0,0.0,5.965305,0.0,5.764484,0.0,0.0,0.0,0.0,0.0,0.0,4.5803413,4.1075554,0.0,1.2784821,0.0,5.429029,0.0,0.0,0.0,0.0,0.0,7.836771,0.0,10.794842,4.9531775,0.0,0.0,0.0,0.0,0.0,0.0
0.0,0.0,0.0,12.481838,0.0,0.0,0.0,0.0,2.8550146,0.0,5.578596,0.0,0.0,0.0,0.0,8.9835415,0.0,0.0,0.0,0.0,5.9930997,0.0,4.483549,0.0,0.0,0.0,0.0,0.0,0.0,6.6170325,2.315982,0.0,2.9597166,0.0,7.1928897,0.0,0.0,0.0,0.0,0.0,9.495431,0.0,10.6869135,6.1601934,0.0,0.0,0.0,0.0,0.0,0.0
0.0,0.0,0.0,12.476034,0.0,0.0,0.0,0.0,2.5186312,0.0,5.5316353,0.0,0.0,0.0,0.0,9.007408,0.0,0.0,0.0,0.0,7.640201,0.0,6.669556,0.0,0.0,0.0,0.0,0.0,0.0,10.032085,3.6380534,0.0,0.0,0.0,7.8773537,0.0,0.0,0.0,0.0,0.0,10.991779,0.0,12.161106,6.3725944,0.0,0.0,0.0,0.0,0.0,0.0
0.0,0.0,0.0,11.873592,0.0,0.0,0.0,0.0,1.6083735,0.0,2.0119796,0.0,0.0,0.0,0.0,9.911544,0.0,0.0,0.0,0.0,2.561751,0.0,2.9791915,0.55669725,0.0,0.0,0.0,0.0,0.0,7.343466,3.8266652,0.0,2.4760222,0.0,5.3097553,0.0,0.0,0.0,0.0,0.0,8.203111,0.0,7.7102094,5.574205,0.0,0.0,0.0,0.0,0.0,0.0
0.0,0.0,0.0,13.362373,0.0,0.0,0.0,0.0,3.5662475,0.0,5.6115375,0.0,0.0,0.0,0.0,7.638347,0.0,0.0,0.0,0.0,5.4158473,0.0,6.1833634,0.0,0.0,0.0,0.0,0.0,0.0,7.007218,3.989848,0.0,2.657997,0.0,3.4592562,0.0,0.0,0.0,0.0,0.0,8.900437,0.0,9.136974,2.721681,0.0,0.0,0.0,0.0,0.0,0.0
0.0,0.0,0.0,9.67839,0.0,0.0,0.0,0.0,0.0,0.0,4.2971864,0.0,0.0,0.0,0.0,9.720701,0.0,0.0,0.0,0.0,6.4562593,0.0,6.694134,0.0,0.0,0.0,0.0,0.0,0.0,6.4086876,3.6909387,0.0,1.0670289,0.0,5.3771434,0.0,0.0,0.0,0.0,0.0,6.784542,0.0,11.906453,6.0956535,0.0,0.0,0.0,0.0,0.0,0.0
0.0,0.0,0.0,14.777147,0.0,0.0,0.0,0.0,6.486011,0.0,5.279638,0.0,0.0,0.0,0.0,7.2120123,0.0,0.0,0.0,0.0,3.1766002,0.0,1.9877627,0.0,0.0,0.0,0.3916986,0.0,0.0,7.5164676,3.1404214,0.0,4.8292217,0.0,7.138782,0.0,0.0,0.0,0.0,0.0,10.615511,0.0,10.134714,6.6859546,0.0,0.0,0.0,0.0,0.0,0.0
0.0,0.0,0.0,12.921839,0.0,0.0,0.0,0.0,1.5377789,0.0,6.4094343,0.0,0.0,0.0,0.0,9.8380165,0.0,0.0,0.0,0.0,9.924212,0.0,7.0035114,0.0,0.0,0.0,0.0,0.0,0.0,8.348863,3.152271,0.0,0.0,0.0,6.3008385,0.0,0.0,0.0,0.0,0.0,10.288395,0.0,8.972897,7.0005445,0.0,0.0,0.0,0.0,0.0,0.0
0.0,0.0,0.0,10.13819,0.0,0.0,0.0,0.0,1.9569471,0.0,2.2846248,0.0,0.0,0.0,0.0,9.844004,0.0,0.0,0.0,0.0,2.932573,0.0,4.378763,0.0,0.0,0.0,0.0,0.0,0.0,7.291028,4.070894,0.0,2.4699633,0.0,3.5121596,0.0,0.0,0.0,0.0,0.0,9.4819565,0.0,8.522085,6.19128,0.0,0.0,0.0,0.0,0.0,0.0
0.0,0.0,0.0,12.256241,0.0,0.0,0.0,0.0,4.243986,0.0,5.0830593,0.0,0.0,0.0,0.0,8.283398,0.0,0.0,0.0,0.0,5.242506,0.0,6.33725,0.0,0.0,0.0,0.0,0.0,0.0,5.2652206,5.0974693,0.0,1.1106026,0.0,3.7402308,0.0,0.0,0.0,0.0,0.0,8.411643,0.0,8.485878,4.4974732,0.0,0.0,0.0,0.0,0.0,0.0
0.0,0.0,0.0,11.626144,0.0,0.0,0.0,0.0,0.0,0.0,3.0590854,0.0,0.0,0.0,0.0,9.97146,0.0,0.0,0.0,0.0,4.698404,0.0,5.5627894,0.0,0.0,0.0,0.0,0.0,0.0,6.6390686,2.7711847,0.0,2.088529,0.0,4.970147,0.0,0.0,0.0,0.0,0.0,8.148904,0.0,10.60776,4.255579,0.0,0.0,0.0,0.0,0.0,0.0
0.0,0.0,0.0,12.617235,0.0,0.0,0.0,0.0,6.065691,0.0,4.6799126,0.0,0.0,0.0,0.0,8.054129,0.0,0.0,0.0,0.0,3.9602554,0.0,3.3849041,0.0,0.0,0.0,0.0,0.0,0.0,7.241929,3.9080904,0.0,4.0132756,0.0,7.2075443,0.0,0.0,0.0,0.0,0.0,9.340619,0.0,10.981118,5.4657125,0.0,0.0,0.0,0.0,0.0,0.0
0.0,0.0,0.0,12.49394,0.0,0.0,0.0,0.0,1.695747,0.0,6.0734577,0.0,0.0,0.0,0.0,10.05126,0.0,0.0,0.0,0.0,9.428418,0.0,6.548514,0.0,0.0,0.0,0.0,0.0,0.0,8.109306,2.5363762,0.0,0.736153,0.0,5.835975,0.0,0.0,0.0,0.0,0.0,11.011239,0.0,9.491252,7.0412974,0.0,0.0,0.0,0.0,0.0,0.0
0.0,0.0,0.0,11.751439,0.0,0.0,0.0,0.0,1.7394782,0.0,3.1124418,0.0,0.0,0.0,0.0,10.205885,0.0,0.0,0.0,0.0,2.597511,0.0,4.508073,0.0,0.0,0.0,0.0,0.0,0.0,8.253753,4.056058,0.0,2.2065094,0.0,4.7411003,0.0,0.0,0.0,0.0,0.0,9.169823,0.0,9.48466,6.575576,0.0,0.0,0.0,0.0,0.0,0.0
0.0,0.0,0.0,11.923016,0.0,0.0,0.0,0.0,3.5664294,0.0,3.623496,0.0,0.0,0.0,0.0,8.724168,0.0,0.0,0.0,0.0,2.6532223,0.0,3.8602998,0.0,0.0,0.0,0.0,0.0,0.0,4.7863812,4.713819,0.0,2.796169,0.0,3.9892516,0.0,0.0,0.0,0.0,0.0,8.206469,0.0,6.924115,3.917534,0.0,0.0,0.0,0.0,0.0,0.0
0.0,0.0,0.0,12.075971,0.0,0.0,0.0,0.0,0.6157261,0.0,6.12711,0.0,0.0,0.0,0.0,9.824606,0.0,0.0,0.0,0.0,7.707673,0.0,6.9319854,0.0,0.0,0.0,0.0,0.0,0.0,5.5452213,2.7717803,0.0,1.1953338,0.0,5.919383,0.0,0.0,0.0,0.0,0.0,8.6642685,0.0,11.159004,4.8455715,0.0,0.0,0.0,0.0,0.0,0.0
0.0,0.0,0.0,13.086718,0.0,0.0,0.0,0.0,3.134513,0.0,5.0926156,0.0,0.0,0.0,0.0,10.15568,0.0,0.0,0.0,0.0,6.923778,0.0,4.577425,0.0,0.0,0.0,0.0,0.0,0.0,7.95556,3.6486824,0.0,2.5643117,0.0,7.9700823,0.0,0.0,0.0,0.0,0.0,9.942039,0.0,12.322626,8.292652,0.0,0.0,0.0,0.0,0.0,0.0
0.0,0.0,0.0,13.250341,0.0,0.0,0.0,0.0,5.11151,0.0,5.1760545,0.0,0.0,0.0,0.0,8.554518,0.0,0.0,0.0,0.0,5.3266788,0.0,3.242128,0.0,0.0,0.0,0.0,0.0,0.0,8.179473,3.1638634,0.0,1.9827487,0.0,5.626241,0.0,0.0,0.0,0.0,0.0,10.886119,0.0,8.296141,6.1253157,0.0,0.0,0.0,0.0,0.0,0.0
0.0,0.0,0.0,10.525127,0.0,0.0,0.0,0.0,0.3137902,0.0,3.55345,0.0,0.0,0.0,0.0,9.391384,0.0,0.0,0.0,0.0,4.8838353,0.0,5.9847474,0.0,0.0,0.0,0.0,0.0,0.0,6.9453382,4.4908786,0.0,1.0867506,0.0,3.7155979,0.0,0.0,0.0,0.0,0.0,7.721619,0.0,9.192341,4.473532,0.0,0.0,0.0,0.0,0.0,0.0
0.0,0.0,0.0,10.772837,0.0,0.0,0.0,0.0,2.183971,0.0,3.9375272,0.0,0.0,0.0,0.0,8.053843,0.0,0.0,0.0,0.0,2.3915412,0.0,4.2881646,0.0,0.0,0.0,0.0,0.0,0.0,5.6414256,4.1621113,0.0,2.8715618,0.0,4.7672877,0.0,0.0,0.0,0.0,0.0,7.678029,0.0,8.485273,4.744231,0.0,0.0,0.0,0.0,0.0,0.0
0.0,0.0,0.0,10.967674,0.0,0.0,0.0,0.0,3.2005868,0.0,5.74608,0.0,0.0,0.0,0.0,8.397289,0.0,0.0,0.0,0.0,4.7047715,0.0,4.1846175,0.0,0.0,0.0,0.0,0.0,0.0,5.3333573,3.4383738,0.0,1.7903368,0.0,6.848546,0.0,0.0,0.0,0.0,0.0,8.884643,0.0,9.6529045,5.2121525,0.0,0.0,0.0,0.0,0.0,0.0
0.0,0.0,0.0,13.352092,0.0,0.0,0.0,0.0,2.3213825,0.0,5.5723934,0.0,0.0,0.0,0.0,8.525412,0.0,0.0,0.0,0.0,7.2050443,0.0,4.648392,0.0,0.0,0.0,0.0,0.0,0.0,7.573676,2.9053757,0.0,1.3984494,0.0,6.536809,0.0,0.0,0.0,0.0,0.0,10.200116,0.0,10.414606,5.8521757,0.0,0.0,0.0,0.0,0.0,0.0
0.0,0.0,0.0,10.870925,0.0,0.0,0.0,0.0,1.7404553,0.0,4.1247215,0.0,0.0,0.0,0.0,10.265989,0.0,0.0,0.0,0.0,4.9868665,0.0,5.132344,0.0,0.0,0.0,0.0,0.0,0.0,7.3918867,3.12741,0.0,1.960732,0.0,5.9109416,0.0,0.0,0.0,0.0,0.0,9.545232,0.0,9.655641,6.3513594,0.0,0.0,0.0,0.0,0.0,0.0
0.0,0.0,0.0,12.220177,0.0,0.0,0.0,0.0,2.814064,0.0,3.4245732,0.0,0.0,0.0,0.0,9.277326,0.0,0.0,0.0,0.0,3.9388454,0.0,4.8349442,0.0,0.0,0.0,0.0,0.0,0.0,6.478472,4.2343116,0.0,1.9384489,0.0,3.595866,0.0,0.0,0.0,0.0,0.0,8.31915,0.0,7.8602934,3.3035626,0.0,0.0,0.0,0.0,0.0,0.0
0.0,0.0,0.0,10.599103,0.0,0.0,0.0,0.0,0.16226713,0.0,3.906242,0.0,0.0,0.0,0.0,9.327471,0.0,0.0,0.0,0.0,4.1949105,0.0,6.206219,0.0,0.0,0.0,0.0,0.0,0.0,5.336344,4.432103,0.0,2.0767415,0.0,5.483416,0.0,0.0,0.0,0.0,0.0,6.9565144,0.0,10.816497,3.8726397,0.0,0.0,0.0,0.0,0.0,0.0
0.0,0.0,0.0,12.507751,0.0,0.0,0.0,0.0,6.352379,0.0,5.6632953,0.0,0.0,0.0,0.0,8.0145235,0.0,0.0,0.0,0.0,4.935012,0.0,2.6469395,0.0,0.0,0.0,0.0,0.0,0.0,7.1425567,3.0541227,0.0,4.90043,0.0,8.06402,0.0,0.0,0.0,0.0,0.0,10.772296,0.0,10.799431,6.6782866,0.0,0.0,0.0,0.0,0.0,0.0
0.0,0.0,0.0,14.327125,0.0,0.0,0.0,0.0,2.2336016,0.0,6.9255576,0.0,0.0,0.0,0.0,9.386292,0.0,0.0,0.0,0.0,9.70854,0.0,6.2075047,0.0,0.0,0.0,0.0,0.0,0.0,9.213591,3.1836398,0.0,0.40073475,0.0,7.6193137,0.0,0.0,0.0,0.0,0.0,11.26645,0.0,11.107266,8.140275,0.0,0.14971061,0.0,0.0,0.0,0.0
0.0,0.0,0.0,12.072966,0.0,0.0,0.0,0.0,2.5588844,0.0,1.2739391,0.0,0.0,0.0,0.0,9.741566,0.0,0.0,0.0,0.0,2.4747727,0.0,3.3549047,0.0,0.0,0.0,0.0,0.0,0.0,7.330056,4.044955,0.0,2.2115688,0.0,3.8901,0.0,0.0,0.0,0.0,0.0,8.9353485,0.0,7.4321322,5.720023,0.0,0.0,0.0,0.0,0.0,0.0
