population_std,sample_std,skewness,kurtosis,permutation_entropy,Shannon entropy,first_derivative_std,zero_crossing_rate,interquartile_range,mean_absolute_power,mean,rms,rmssd,std_psd,dominant_freq,spectral_entropy,fourier_kurtosis
0.6038644443184337,0.6041061351203136,0.4401849940103151,-0.8875816338692557,4.440441306545352,3.186108960021248,0.03994327207112364,0.016012810248198558,0.94794464125,0.3646606600471094,0.0028970562816000053,0.603871393632046,0.25909071770327863,0.03529805523343004,0.9765625,2.147161156672779,176.40773638558775
0.6477978520614862,0.6480571267775156,0.3345894684094308,-1.0912225797023514,4.686109791728841,3.2572286516142785,0.044412365288925365,0.016813450760608487,1.0946720140000001,0.4200142383161337,-0.019291997839999995,0.6480850548470731,0.010583005244258372,0.04424994038881757,0.9765625,2.045149678346715,156.18320831943018
0.6284653549923197,0.6287168920666266,0.20233444063099393,-1.098154870495602,4.694208539053577,3.266327587483256,0.043275433207974556,0.017614091273018415,1.077239144,0.3955379073868234,0.0238580167072,0.6289180450478611,0.017074997966487558,0.04141519815179511,0.9765625,1.9976292363385313,163.29494582295243
0.6099990434694301,0.6102431895842566,0.2994406199237225,-1.0664855775616486,4.73081906403944,3.267379227305414,0.042623339832560975,0.017614091273018415,1.016683054,0.3721750276499619,-0.00872895276320001,0.610061494974041,0.019595917942265426,0.04037065295575395,0.9765625,1.9656312237542504,358.4411264522257
0.6469225855181691,0.647181509917377,0.2481972292574421,-1.162295993923759,4.677530449649756,3.262756498514042,0.043699438782406175,0.016813450760608487,1.12736665875,0.41898670439335184,0.0218603005432,0.6472918232090931,0.024294489544384762,0.043211117580877575,0.9765625,2.002576948785529,207.57071230129907
0.6472804838581808,0.6475395515026776,0.24328201183090573,-1.1315275604700827,4.678958907177438,3.271614104038495,0.04283804381055658,0.016813450760608487,1.1089649865,0.41903815545111484,0.008132076452800008,0.6473315653134141,0.026229754097207954,0.04502309042941911,0.9765625,1.9004128734894536,158.4736329664272
0.6227741921585088,0.623023451400892,0.32562392438341664,-1.0506775026807131,4.651942164005002,3.2522367253011306,0.04155436361529378,0.016813450760608487,1.02467992025,0.3881365204514764,-0.016994882547199996,0.6230060356461055,0.025139610179953042,0.03997569967722609,0.9765625,1.9981545440198578,147.48246109880824
0.66788558888764,0.668152903522673,0.3090312967240832,-1.1068501537591229,4.682740912380044,3.2705482912825077,0.04485968577247327,0.016813450760608487,1.13521874425,0.4462831320850174,-0.014559266507200002,0.6680442590764607,0.01866666666666666,0.04987924227420292,0.9765625,2.013880961551743,165.2024047712391
0.6356095145932396,0.6358639110471291,0.2506539655926602,-1.1624830552891776,4.650980380537967,3.2467597154473573,0.04274157790890351,0.016813450760608487,1.11199023075,0.40501456518167717,0.0318607931512,0.6364075464524892,0.025716402029314543,0.041566242292291194,0.9765625,1.9447436863222942,143.11090569226522
0.6005238698826165,0.6007642236524495,0.3267831581436084,-1.04538252363317,4.672227630018141,3.264861585093997,0.04108135991052009,0.016813450760608487,0.9944532605,0.3606304771807807,-0.0012485519559999971,0.6005251678162878,0.017888543819998336,0.03765638163887043,0.9765625,1.9312766038012643,152.74136133019948
0.6437879076118772,0.644045577387098,0.36058277248159415,-1.0025513763335487,4.494437820157226,3.1691274687334943,0.043747742827374723,0.016813450760608487,1.0424490880000001,0.4154959546789582,-0.032141634863200014,0.6445897568833671,0.01296148139681569,0.04174771204561296,0.9765625,2.0363172799733436,142.26192778885192
0.6352394794375494,0.635493727788509,0.230086204853311,-1.0420733062866767,4.536550405947668,3.196609755171037,0.04341294497838637,0.016813450760608487,1.0676478517499999,0.40365304766711424,0.011128855782400006,0.6353369560061135,0.018281745601069408,0.03951695183943102,0.9765625,2.0777007610144698,311.5808014793607
0.6248097864340546,0.6250598604030166,0.3223527272548005,-1.0470569236001308,4.656147290747277,3.2614412302471787,0.04202881298424056,0.016813450760608487,1.031822759,0.3904334685000973,-0.0067970049528000035,0.6248467560131022,0.021540659228538015,0.04101559586039113,0.9765625,1.9497575308020854,154.22596636414175
0.6650718031935251,0.6653379916385214,0.36004776578802117,-1.1064371393501546,4.639125776467563,3.248893014512277,0.043335406737909844,0.016012810248198558,1.1258912317499998,0.44280032072755876,-0.021904732923999998,0.6654324313764387,0.014696938456699083,0.04859861921635433,0.9765625,1.995336065308273,273.8918752489085
0.6257423872993803,0.6259928345326619,0.3409031717019842,-0.36803914442189267,4.091246810838833,3.0203862769800773,0.03910079021834977,0.016012810248198558,0.84605219875,0.3924204748696149,0.0294438381752,0.6264347331283722,0.1972774695701463,0.03758623105128599,0.9765625,2.149139115476847,90.83599029955086
0.5800213788861975,0.5802535267357514,1.0123129988284127,0.24716739990977388,4.087566042091587,2.915384264702348,0.04424642376877143,0.017614091273018415,0.8038327605,0.3364270426484907,0.0014975591624000004,0.580023312159512,0.022310934040908663,0.033567059125768316,0.9765625,2.275056252809902,150.84983305223818
0.5071089277942293,0.507311893152684,0.39924271146855084,0.2106592790213342,3.7671005744074626,2.7771420929796515,0.03295058549662435,0.016012810248198558,0.62937804025,0.25717365055780994,-0.00376641861680001,0.5071229146447732,0.02209072203437452,0.021790471971412408,0.9765625,2.3052369712560252,110.01994841230034
0.6194741991996576,0.6197221376523306,0.2350695439213055,-0.7615312288905622,4.24874121958202,3.084594460032144,0.03822079258750373,0.016012810248198558,0.91148510225,0.38375432040901303,-0.002457017492000003,0.619479071808736,0.025612496949731417,0.0369404413013711,0.9765625,2.1559682645677403,286.91792091574484
0.6399265117689833,0.6401826360585137,0.28319685184925997,-1.1459547392368916,4.663532252588248,3.251551693531283,0.04225426679613112,0.016813450760608487,1.0888774319999999,0.40963676973509555,-0.011438062348000003,0.6400287257108821,0.013266499161421611,0.04559221054743452,0.9765625,2.013489128736759,353.31973756137563
0.6272130073614944,0.6274640431959851,0.2846758532374027,-1.1609836302835663,4.673912257542939,3.269185328167299,0.04190745403081123,0.016813450760608487,1.099774589,0.39363711452505346,0.015522819383200005,0.6274050641531781,0.021333333333333326,0.04278729985297266,0.9765625,1.9939629218637982,189.87904556575322
0.5918622578800183,0.5920991449248765,0.409287493021217,-0.9118995937820213,4.447080370865613,3.152273270218188,0.039728060652357323,0.016813450760608487,0.96751466375,0.35031582605774236,-0.003859242789599996,0.5918748398586836,0.024166091947189116,0.035890322232573796,0.9765625,2.019239831901191,131.91676747848342
0.6646609292249718,0.664926953221705,0.27088966044058244,-0.5531781369815514,4.076914225193183,2.980064504093492,0.04153164777797788,0.016813450760608487,1.0649969074999999,0.4428445072756966,-0.03271630232000001,0.6654656319267709,0.1034601372510205,0.045606304707149936,0.9765625,2.0324636417739708,127.46567022512673
0.6617933055685866,0.6620581818271686,0.11824574034864493,-0.09496143049461425,3.981158967560251,2.9302925880704227,0.04127799005828586,0.017614091273018415,0.8729179177499999,0.4383172982239114,-0.018625759810400006,0.6620553588816508,0.10296925107364172,0.03462771788588897,0.9765625,2.17590696158689,229.65929167466666
0.6042284938293595,0.6044703303384741,0.41034064183767066,-0.7977125172629287,4.4508473394338335,3.1735209876777235,0.04215669742776707,0.017614091273018415,0.922577693,0.36516653553047873,-0.008629181605600004,0.6042901087478421,0.031098410105841558,0.03575148828726196,0.9765625,2.0780659607595178,192.78906315498907
0.6303703782630397,0.6306226778041656,0.5420654901658938,-0.8693985193925857,4.529257750327941,3.1814144297395335,0.04386996069137643,0.017614091273018415,0.9924163100000001,0.3975352809340803,-0.012979489303999992,0.6305039896258233,0.0873511432221824,0.04225490614262551,0.9765625,2.049846640020039,281.376814936597
0.6545184211900636,0.654780385747757,0.44947324596659133,-0.9566985538978994,4.5768122566854315,3.220447283603179,0.04611526241611815,0.017614091273018415,1.072756171,0.4285306463842313,0.01167401846399999,0.6546225220569724,0.03028751117760142,0.04345076928209375,0.9765625,2.076312636585979,142.11795451607296
0.7082871263764787,0.708570611329345,0.27879086345756793,-0.7780313726242678,4.249685113787323,3.0945719660708604,0.046163964747079615,0.016012810248198558,1.06785764,0.5026636740353657,-0.0315122300816,0.7089877813018823,0.0206559111797729,0.043636769712439155,0.9765625,2.1198806000545365,182.21232889257513
0.6252182602823022,0.6254684977389026,0.22390498473512727,-1.0674759671466534,4.65103594393197,3.264445961597108,0.04247887599202635,0.018414731785428344,1.0631525135,0.39136718676986165,0.021663651110399997,0.6255934676528054,0.022054478003344355,0.036246356234453686,0.9765625,2.0091642320894043,231.92664224496178
0.6111486490549541,0.6113932552881042,0.2725431044810501,-0.8840202340251726,4.434766223991697,3.169617316098049,0.04090859883044332,0.017614091273018415,0.97939178,0.37350478115641045,-0.0014525545480000034,0.6111503752403417,0.020827332469084404,0.04069991374176281,0.9765625,1.988648581532544,251.57061170247192
0.5671698130226563,0.5673968171594312,0.37117753534927717,-0.9142821875321001,4.4880993122340165,3.1989614352972087,0.03857265162020717,0.017614091273018415,0.91034606025,0.3224542748542436,-0.027797087079200013,0.5678505744068977,0.1227246239893744,0.0337067529576591,0.9765625,2.010877367442916,275.2585058951527
0.6453544970741573,0.6456127938613953,0.3858451122408293,-1.1351691333466494,4.654306226752736,3.237255303815847,0.04364705783737125,0.016813450760608487,1.13881129275,0.41665074176996114,0.012973622320800004,0.6454848888780907,0.020132891827388626,0.044476233795672976,0.9765625,1.961005454325945,172.68230652386842
0.6476204590743398,0.6478796627905715,0.42335166399438173,-1.0475182910476108,4.604630447108612,3.2348498388710283,0.042444585087581886,0.016813450760608487,1.0981237942500002,0.4194482153936753,0.005996364066400011,0.6476482188608839,0.025455844122715662,0.043088892143293894,0.9765625,1.9157018837443531,203.3705804846336
0.565057609567497,0.5652837683156228,0.2158353840688022,-0.7925082519650957,4.450476076083101,3.187263042903374,0.039104672243558194,0.01921537229783827,0.8394242195,0.31946953744628326,0.013395346809600006,0.5652163633921821,0.0241476937016998,0.02793258410979207,0.9765625,2.234530956746227,207.06210343756678
0.5785889833585951,0.5788205579059336,0.29472350499308225,-0.9814548889747119,4.641163535547996,3.2527177847929005,0.039948332400608404,0.01921537229783827,0.9295433695,0.3347862510078985,-0.004586866464800008,0.578607164670382,0.02966479394838267,0.03575585524775297,0.9765625,2.055821231608523,296.96626966594454
0.5442352647257307,0.5444530895352232,0.3759929781741499,-0.7133791666829268,4.435751561925049,3.2013781815670352,0.03732552048756307,0.014411529223378704,0.8104275249999999,0.29638372315817846,0.013845569222400005,0.5444113547292878,0.06554387843269578,0.03363860294255155,0.9765625,2.1561977199831257,167.88926268568005
0.4926703070401554,0.4928674934827276,0.2191874371583911,-1.030541160670288,4.622992494736113,3.244173953743645,0.032412991360934305,0.018414731785428344,0.7979365085000001,0.24273914915885106,0.0038881512071999905,0.49268564943465837,0.022199099080818595,0.02275606639450804,0.9765625,1.815771123208055,154.66187072844255
0.5712243082467904,0.571452935155383,0.2097786940839198,-1.1510092497311453,4.699703834746667,3.260161639321284,0.03987879051090478,0.018414731785428344,0.9925222785,0.326313667643789,0.0040567612408000005,0.5712387133622764,0.03595552808679076,0.03408297536120014,0.9765625,1.8825295125638237,251.9199899079323
0.683505046407548,0.6837786125767595,0.40467659220941155,0.3719166970789911,3.7100040345657224,2.757419293571978,0.043660246951171884,0.016813450760608487,0.9470083952499999,0.4672276567775225,0.006964790947200001,0.6835405304570625,0.052337367148147594,0.025431054160785605,0.9765625,2.3283953479352313,124.72152169297533
0.5221436106151914,0.5223525934575055,0.20016116756333208,-0.8788340143613067,4.681334518477813,3.2578611872045657,0.03760477484156661,0.01921537229783827,0.8076039945,0.27263581124955927,-0.0013642372560000013,0.5221453928261354,0.02276839915321231,0.027689509144111862,0.9765625,1.9514480712352642,359.9045328052298
0.6254250485608054,0.6256753687823795,0.3032482065093428,-1.0409490367230296,4.659941307537585,3.233722519839917,0.04458236914480871,0.018414731785428344,1.0410914865,0.3917697653732109,0.024764369685600002,0.6259151423102104,0.020238577025077614,0.041468570457610716,0.9765625,1.9301269859972532,251.164502853122
0.6355201178057923,0.6357744784794974,0.17824240995859517,-1.0927697656637325,4.649668568424526,3.2606426824355,0.04260990001344885,0.018414731785428344,1.0720053445,0.4045817316194216,0.0263801342592,0.6360673955009969,0.01847520861406802,0.041039441084379354,0.9765625,1.8968447810623708,134.27849621201776
0.6059333962581892,0.6061759151377248,0.31148547843137864,-0.3012027683414691,4.072209663160467,2.967845925325828,0.041291492135952707,0.01921537229783827,0.87853962075,0.36732589845822733,0.013062073236800004,0.6060741691065767,0.0364856136031724,0.03217093593427642,0.9765625,2.295539655974147,147.44824961761168
0.6018082029073716,0.6020490707188599,0.17330202046586998,-0.07252117711653883,3.9569701969911915,2.915027910197013,0.03840804887943311,0.018414731785428344,0.76663438025,0.3631717259797345,0.0316008369056,0.6026373088182763,0.100204235882965,0.03307498302383068,0.9765625,2.225416016481417,84.11494499557486
0.6030268398007775,0.6032681953596913,0.14756745836552235,-0.581763019409749,4.246860674044636,3.0592885378922094,0.040370378361264794,0.01921537229783827,0.856029492,0.3646829035294467,-0.032272806034400005,0.6038898107514704,0.09824052117125602,0.035448889512118345,0.9765625,2.107086507292937,241.06163412551393
0.35470935452509583,0.3548513234539442,0.8271328395836608,1.481255107533343,3.4735960869842586,2.6279771465330164,0.021985631947402714,0.016813450760608487,0.48433809875,0.12594872417907135,-0.011401666170400003,0.35489255300593636,0.03959797974644663,0.012535278327872311,0.9765625,1.9541721637014096,70.9350218767004
0.25601564391881854,0.2561181116611318,0.28254733793680475,-0.7686808749024086,4.185919985524618,3.050337132134282,0.015950021133224596,0.016012810248198558,0.40507916450000003,0.0661528465789898,-0.024674615454399997,0.257201956794636,0.14201095419407306,0.006698977912008423,0.9765625,1.962813007412007,142.70449401648483
0.5781818715821936,0.5784132831870495,0.3967506906824571,-0.512673733429521,4.269292736794897,3.1374276128190113,0.03655105130797043,0.016012810248198558,0.7694469712500001,0.3346794567677887,0.019626006764,0.5785148716911163,0.03537733109712428,0.03712655168917785,0.9765625,1.969120193649496,265.1132425214842
0.6908251701067516,0.6911016660834446,0.2764384447523659,-1.1837394266113441,4.640584712424211,3.2816221153252,0.043844749980750455,0.016012810248198558,1.19487328125,0.4775116767792575,0.01650033715519998,0.6910221970235526,0.04105281151557508,0.04970861388284538,0.9765625,1.9462155896665854,113.57530368714399
0.6592706930400462,0.6595345596477857,0.38913118045834794,-1.0877721681483068,4.551004842921279,3.2422341808530786,0.04188432314046952,0.016012810248198558,1.10786323075,0.4347906874536291,0.012362877987199985,0.6593865993888783,0.037309516212355294,0.04432796193806012,0.9765625,1.8001919648102223,360.7763412624311
0.6270520134909999,0.6273029848892782,0.3878968354859747,-0.9753945186671844,4.446755853986107,3.203488213188844,0.03982076952342457,0.016012810248198558,1.00148727575,0.3934367453213737,-0.01557297974879999,0.627245362933337,0.03666060555964675,0.04282889498676505,0.9765625,1.8854682149028028,246.85067347938693
0.6226350345393011,0.6228842380852165,0.4500762922047741,-0.8292290359431966,4.339896275554032,3.1649787643504825,0.03835551503166284,0.01521216973578863,0.9701418180000001,0.3878199532220526,0.012065114433599996,0.62275191948484,0.10258376368328749,0.040829388750695826,0.9765625,2.1210127257076152,159.77825760685963
0.6417082337402099,0.6419650711464273,0.5926552648014837,-0.8633191911596492,4.376546053696073,3.162135215200529,0.04086472488088766,0.013610888710968775,1.0302681317500002,0.4118010758521893,0.0034086070776000042,0.6417172865461778,0.21061602766910006,0.037792217557220883,0.9765625,2.080993948808672,111.15291232423887
0.5615000043172144,0.5617247391688452,0.5116493570527062,-0.821145246569905,4.427100534283838,3.180964085282309,0.03587385844876342,0.016012810248198558,0.892036179,0.3165448367178322,-0.03553282805519999,0.5626231747073988,0.01131370849898477,0.03520322247199457,0.9765625,1.9051003345142339,248.69511025258507
0.13327656698356677,0.13332990961807548,0.6066951578356893,-0.665910011283787,4.637377857224833,3.0757094166352,0.012974751800998136,0.025620496397117692,0.19857675075,0.01776273126686974,-0.0002965804183999992,0.133276896973443,0.007686151382644189,0.0018359439792535817,1.46484375,2.204980514146252,282.99853483915115
0.14044219175703251,0.14049840236234784,0.6342636091895946,-0.7110298049357895,4.717879868870332,3.115704400732725,0.013471158022415296,0.024819855884707767,0.21328619599999998,0.01973653307661517,0.0035389053528,0.14048677189192998,0.0060474315681476425,0.0018328522694502384,1.46484375,2.1105977168876637,278.8459104349609
0.1410260859104641,0.14108253021366887,0.5834674705797513,-0.7631557227548171,4.719789313855269,3.100307937764166,0.013611104538408372,0.025620496397117692,0.21830161874999998,0.019902077956473967,-0.003704193467999999,0.14107472472584862,0.0060474315681476425,0.0018927479058728426,1.46484375,2.115082970273414,239.90054496948866
0.14236696820257497,0.14242394918072304,0.558729599732563,-0.7710367823183573,4.701631026324232,3.12008065631921,0.013398592743451995,0.024819855884707767,0.22327137725,0.02026835703943088,5.834584720000251e-05,0.14236698015843027,0.005656854249492386,0.0019690967411845413,1.46484375,2.1426650440965425,236.61346039251293
0.14496094162564016,0.14501896081612642,0.5686016156251251,-0.7241763130609957,4.733014978905508,3.1409547122216046,0.013661788626855574,0.025620496397117692,0.22589874524999998,0.021017470835660232,0.001948393868800001,0.14497403503958986,0.00770899289327546,0.001994267441008241,1.46484375,2.1084748457565285,248.57350882998014
0.14484800639863077,0.14490598038790367,0.596081747537841,-0.7562553692384864,4.6974139719342185,3.1056584314901117,0.013805314793950063,0.025620496397117692,0.22642832425,0.020982275065185258,-0.001153302877600003,0.14485259771638637,0.006047431568147641,0.002067285403241425,1.46484375,2.125285154269357,293.59858083487825
0.14326999102610838,0.14332733343025594,0.5597703957400647,-0.8482220298359198,4.692667788440221,3.101171090829853,0.013637835596627526,0.024819855884707767,0.2302874585,0.02054740100880687,0.004594636023199999,0.14334364655891405,0.015417985786550919,0.001983537244661949,1.46484375,2.1159734839323376,314.56034263797494
0.13572168026430115,0.1357760015313408,0.549340284099248,-0.8819355442104602,4.694819050143747,3.0971827502115183,0.013296049471466304,0.025620496397117692,0.2121844265,0.018440742460953025,-0.0045130884312,0.13579669532412425,0.01541798578655092,0.0018006241189405315,1.46484375,2.1402476678177114,350.31452065028543
0.14260699051687678,0.14266406756159436,0.5727798323757324,-0.8282168925276276,4.735964091884881,3.1300071070158815,0.013767481057144053,0.025620496397117692,0.22666020925000002,0.020369961613041526,0.0057626268976,0.1427233744452587,0.0070912420834233535,0.0019407279836344278,1.46484375,2.0864448393601878,351.1910483250194
0.14189090072877505,0.1419476911656012,0.6004429709423618,-0.7697351935105345,4.658929139299847,3.093647969112752,0.013563643597482031,0.024819855884707767,0.2222236535,0.02016104432859474,-0.005293072734399999,0.14198959232491212,0.00770899289327546,0.001977344524233251,1.46484375,2.1032141213151387,352.7854838913241
0.1386823796028215,0.13873788586063848,0.5713930024600615,-0.8309394861734196,4.755900668590391,3.133868019929116,0.013274853047827521,0.024819855884707767,0.2193993565,0.019250737309093473,0.004234961250399999,0.13874702630720945,0.006414269805898192,0.0018312282973945693,1.46484375,2.126139403347237,306.63781604274476
0.13550310158473766,0.13555733536781162,0.5488718264440121,-0.8544195821130853,4.701075274610118,3.124120988345272,0.012865485208012426,0.024819855884707767,0.2132205675,0.018398971662435946,-0.0061547642808000005,0.13564280910699228,0.00676123403782814,0.0017343224260498542,1.46484375,2.0758162443059147,363.390530593509
0.14725325504586081,0.1473121917122374,0.43677829296813286,-0.9168866876746935,4.760846721983604,3.1515280581188794,0.013615548269808035,0.025620496397117692,0.23783990849999997,0.021693960608419438,0.0032310194704000005,0.1472886981693417,0.010474458731327643,0.001878336761335875,1.46484375,2.0681402610345194,310.72344191603185
0.14470976531212887,0.14476768397176717,0.2358120030440018,-0.8137789516055678,4.63583620758851,3.1333792060952215,0.012812002879080013,0.025620496397117692,0.22514996275,0.02094137285252749,-0.0006757779488000011,0.14471134320614776,0.009922778767136684,0.0018105950254877334,1.46484375,2.4109897978912307,256.5164158139706
0.09940483964205393,0.09944462545098817,0.40786002216702133,-0.32232473379966287,4.421118404392154,2.998236409458167,0.009315861112985076,0.02401921537229784,0.13352516925,0.009882918570146443,0.0012634974807999996,0.09941286923807421,0.011710800875382408,0.0007008717727123028,1.46484375,2.4888973015445184,149.04450579848523
0.13463674723284094,0.1346906342661104,0.6105150971663776,-0.7317413654308993,4.63578434278176,3.066272153850709,0.013316386777092798,0.025620496397117692,0.20197504324999999,0.01813218890906986,-0.002266098768800001,0.13465581646950814,0.005870395085642749,0.001809533340180476,1.46484375,2.1440420909533935,177.41642913259122
0.1421525730029733,0.14220946817155236,0.5766710722174319,-0.91610805048257,4.695918703446635,3.0838927067483044,0.014023853019250123,0.024819855884707767,0.22290282725,0.020207354011442236,-2.767376000004873e-07,0.14215257300324266,0.0060474315681476425,0.001946655485179472,1.46484375,2.122612227417215,148.90999980421324
0.14578783513974578,0.1458461852862245,0.6114260798105892,-0.8952688152337807,4.71601806407969,3.1079536957434737,0.014310235808185568,0.024819855884707767,0.22841896750000001,0.021260317614780005,0.0024949428944000007,0.14580918220324812,0.009071147352221462,0.0020907835807469927,1.46484375,2.0794960957624125,150.11489603320047
0.1494369995322287,0.14949681022084815,0.3506094093729566,-1.0758757065423337,4.97962114915958,3.2347220939807477,0.014135444285472079,0.025620496397117692,0.250026367,0.022331495641583488,-0.0002807354415999992,0.1494372632297028,0.006047431568147641,0.0024062412725783127,1.46484375,1.8806866315960293,285.67484709747083
0.14723681824827334,0.1472957483359834,0.40386342438089495,-0.9898759221934874,4.8965937900291525,3.198385126011276,0.013848589017932079,0.025620496397117692,0.24311767525,0.021680575553615643,-0.0013765557527999999,0.1472432529986201,0.0,0.002216681176510198,1.46484375,1.8796532275110425,357.40541332302325
0.15196160359064684,0.15202242472719885,0.3734361426252972,-1.060099856609257,4.919847779292541,3.2028968481389053,0.014388147700294066,0.025620496397117692,0.25354195175,0.023092329982006717,3.187735600000092e-05,0.15196160693414215,0.004276179870598794,0.002501852524028838,1.46484375,1.8730602225849804,333.51430952516
0.1484302234478944,0.14848963118429265,0.4944098695461791,-0.9999779560938555,4.871358301680963,3.194031416954059,0.014018873758994965,0.024819855884707767,0.23943225699999998,0.022034351851657398,-0.0016794698167999997,0.14843972464154398,0.005870395085642749,0.002344731135849666,1.46484375,1.9246348438639975,181.88734376455605
0.150155443262807,0.15021554150146021,0.519345097586616,-0.9814179258079228,4.846772038361145,3.187520205458952,0.014143979558213855,0.024819855884707767,0.24397989525,0.022555559517586317,-0.0029836849928000005,0.1501850842047449,0.00701646415445624,0.0024085985387109826,1.46484375,1.9412010961513477,165.50969288950955
0.15004233107120876,0.15010238403782028,0.44970861569383763,-1.047392894837893,4.913023947436571,3.2057373592873493,0.01419664519106854,0.024819855884707767,0.248800022,0.022555333497887377,0.0065293479464000005,0.15018433173233278,0.006414269805898191,0.002279715982114272,1.46484375,1.9450299540946652,146.53221577511803
0.1414576525961273,0.14151426962965147,0.5657496751460381,-0.917597934543942,4.8050430983454255,3.149323148480865,0.014041948150667888,0.024819855884707767,0.21796284625,0.02001169478301145,-0.0011946987087999978,0.14146269749658902,0.006275716324421895,0.0020486005379168437,1.46484375,2.019986259409817,214.1632087780914
0.1469724463201493,0.14703127059559654,0.6497535094907602,-0.8331898299494069,4.72597519736622,3.0802788437717945,0.014914761547388841,0.024819855884707767,0.22403160775,0.021609453653786404,-0.0029246668968,0.14700154303199134,0.006275716324421895,0.0021772225096729422,1.46484375,2.069632074761368,181.39681224705785
0.14868362871871257,0.148743137878077,0.5667789385822904,-0.9803671605515487,4.78305199042603,3.124324164130002,0.015024936990996907,0.025620496397117692,0.23357969475,0.02212760199294696,0.0045585681944,0.1487534940529027,0.004780914437337579,0.0021782708125715564,1.46484375,2.0449627269971993,163.47193039528855
0.14388851885195167,0.14394610881577524,0.630242520559733,-0.8786425800936692,4.681866043863854,3.0704089113516013,0.014572382337967699,0.024819855884707767,0.216295917,0.020711374842414483,-0.0027329443840000004,0.14391447058032242,0.004961389383568343,0.002108392967904564,1.46484375,2.0654975263430067,180.3373857691962
0.14658706341503897,0.14664573344477055,0.6139643257131525,-0.9464209431629058,4.703523129114369,3.0855541257454537,0.014760855944663039,0.024819855884707767,0.230090122,0.021488185590030844,0.0006468611800000001,0.14658849064654034,0.0052372293656638225,0.002109179062265407,1.46484375,2.0540130042146445,219.93482848757537
0.1468102706302025,0.14686902999642562,0.58883338783936,-0.977997777039247,4.7245287066258275,3.095549617896073,0.014854131271216207,0.025620496397117692,0.226753062,0.0215580855696762,0.0021977277272,0.14682671953590803,0.012094863136295281,0.0021469728462943333,1.46484375,2.046076675668572,266.75029680555247
0.14517699698424405,0.14523510264876163,0.6581337514311864,-0.8879303664610734,4.630843629260861,3.0369778035818866,0.014758310858513026,0.024819855884707767,0.22157347300000002,0.02108972726568283,-0.0036560651416,0.1452230259486519,0.009922778767136684,0.002145788317072781,1.46484375,2.03318987855587,221.4746296838335
0.14751814912042083,0.14757719180804424,0.6095911796666349,-0.9761762694130498,4.670826053015958,3.0610230264339915,0.014949011006514594,0.025620496397117692,0.229829141,0.021776757872883704,0.0038927564743999996,0.14756950183856996,0.0060474315681476425,0.0021472092588047894,1.46484375,2.0458781865360294,263.7156161636815
0.14525538808711966,0.1453135251269048,0.67885411931085,-0.8609494008569931,4.6337334208884755,3.038571609326261,0.014705365529437952,0.025620496397117692,0.21498681674999998,0.021127801076688348,-0.0053547463383999995,0.1453540542148321,0.005870395085642749,0.002179544328548119,1.46484375,2.0340220511728413,253.72015618655672
0.14867446199489995,0.14873396748537335,0.6215420403678175,-0.9754466186370814,4.719928435140956,3.079842674833439,0.015009054752069161,0.025620496397117692,0.23461151975,0.02211129742463429,0.002683612334399999,0.14869867996937394,0.00676123403782814,0.0021783055242291334,1.46484375,2.0530544096791306,285.52959992309405
0.14698782205789038,0.14704665248732537,0.6786735102116139,-0.9124259968918405,4.633985029399597,3.040605172445171,0.014767158035128123,0.024819855884707767,0.2241359835,0.021615087058879483,-0.0031092162288,0.14702070282405633,0.007358929688062406,0.002165002246443279,1.46484375,2.031423987533501,317.14949088035377
0.12671098072841963,0.12676169555163433,0.5544465443602816,-0.5646962292629074,4.5243845941699705,3.0401601976505153,0.01188426871169524,0.025620496397117692,0.18062864475,0.016062722884445477,0.0026552301760000008,0.1267387978657107,0.019478926341782082,0.0014953446302040127,1.46484375,2.32474128455254,242.44722090854003
0.12621693380702395,0.12626745089281974,0.7220372084895693,-0.4744907113928658,4.398033924767525,2.89924784322814,0.012329907974891736,0.025620496397117692,0.18565670025,0.015933990936952608,0.0018101263231999987,0.12622991300382255,0.012282391577259827,0.0014487818194579907,1.46484375,2.1985775956158746,303.3646488174066
0.10662477743279258,0.10666745295078421,0.8156174392342818,0.35874828357655586,4.015419463788922,2.725624973588598,0.010616208431144645,0.024819855884707767,0.145627369,0.011372876181101237,-0.0020082376624000007,0.10664368795714652,0.008552359741197588,0.001146460627270838,1.46484375,2.137088768556194,216.75384154659048
0.06811101990999115,0.06813828067550533,0.7195591611044657,-0.7686306018000386,4.626201957988334,3.019271277858425,0.006708455764832119,0.024819855884707767,0.1068746065,0.004639113154693893,4.605990319999993e-05,0.0681110354839353,0.008280786712108258,0.00047252363544001113,1.46484375,2.08129217427069,238.4876630868677
0.06613793436703029,0.06616440542447084,0.46293917654663386,-0.6649496287669372,4.21765295043037,2.8072890219371,0.006612239593394642,0.02722177742193755,0.102701349,0.004374390659751237,0.0004053361736000005,0.06613917643689886,0.00676123403782814,0.00039296828998996785,1.46484375,2.132530822017836,362.7392859895793
0.1106293214053676,0.11067359970267998,0.6850938326617111,-0.28842668035704166,4.51574396900373,2.990656206053886,0.01149757462446442,0.02722177742193755,0.15093146899999998,0.012239164956601515,0.0005640939543999997,0.11063075954092295,0.00676123403782814,0.0010877020455530028,1.46484375,2.1280475628664783,289.9582179061935
0.13963205384837388,0.13968794020396294,0.5589800595761346,-0.9869648841660545,4.806256838055567,3.1269415368833537,0.014345860337449426,0.02642113690952762,0.22011121625,0.019503427752620234,0.0025134221104,0.1396546732215583,0.00676123403782814,0.00194866491375866,1.46484375,2.040246405112637,248.98923436628024
0.14767651553581404,0.14773562160803688,0.5528719290589972,-1.0095256332577458,4.822930947445688,3.12021413921854,0.015148481048823072,0.02642113690952762,0.23963701374999996,0.021809725814845006,0.0011715690528000002,0.14768116269465448,0.005656854249492386,0.002203104269416737,1.46484375,2.033193839562662,293.2217902182935
0.1496984543413371,0.1497583696746712,0.5841058448148235,-0.9845303850637808,4.752651945967481,3.0994857763298787,0.015086398513918136,0.025620496397117692,0.2395371155,0.022409902064299145,-0.0005242443264,0.14969937229093228,0.005656854249492386,0.0022696909583513635,1.46484375,2.0130398907912084,408.1137514585933
0.14872864334396366,0.1487881705199889,0.5781387157200537,-0.9900265653679385,4.75214539574959,3.1079773227475567,0.014824427912856262,0.025620496397117692,0.23724336675,0.022124402182825118,-0.0020476405663999997,0.14874273825241055,0.0052372293656638225,0.0022830676804447905,1.46484375,1.9910091333949012,399.47780972284136
0.14809891110254736,0.14815818623443947,0.5533190155545868,-1.0088808772026627,4.795686234016351,3.13204271037978,0.014770223478993526,0.025620496397117692,0.2348379085,0.021945126273065135,0.0034407562111999994,0.14813887495544556,0.0052372293656638225,0.002222417134436683,1.46484375,1.9813310539130058,354.116394329823
0.14729547880355992,0.14735443236958004,0.5814076443259311,-0.9811067516734777,4.754649334842388,3.116426867672077,0.014484729741980406,0.024819855884707767,0.234866853,0.021703471171499473,-0.0027410026504,0.14732098007921163,0.006414269805898191,0.0022102342010718065,1.46484375,2.003061012819261,299.42837121565725
0.15027955426473782,0.1503397021775983,0.5415235767435364,-1.0292722825195155,4.811691505645341,3.139118399711547,0.014840955233876425,0.025620496397117692,0.24075900925,0.022593748772868648,0.0031311887296000015,0.15031217107363146,0.004780914437337579,0.0023080332978661694,1.46484375,1.9786320240131368,234.69447115315856
0.15080862998020875,0.1508689896504183,0.6173517892585374,-0.9089677795418303,4.757765907778062,3.1189888332630624,0.014766512076504272,0.025620496397117692,0.23369057775000002,0.02275805388049988,-0.0038485067224000003,0.15085772728136893,0.00768615138264419,0.002373777235733559,1.46484375,1.9825735408692367,204.38223326404167
0.14973484831055817,0.14979477821022033,0.5443916153162621,-1.0315283925454208,4.796017293698704,3.1333284289211196,0.014705850638647744,0.025620496397117692,0.242763706,0.022421140966925237,0.0007849639095999992,0.14973690582793955,0.0060474315681476425,0.002267065929474125,1.46484375,1.9893375906161017,222.9218108875398
0.1513314223383151,0.15139199125102176,0.5884519200049685,-0.9865048830375587,4.7692235343190825,3.122428545319635,0.01472180757473252,0.024819855884707767,0.23912827050000002,0.02290622313305961,0.0022413714824,0.15134801991786878,0.006656402354702756,0.002373603936088082,1.46484375,2.000506370273607,195.1519858022171
0.14874459765982978,0.14880413122141295,0.621345479222451,-0.9470366660298146,4.745431064687075,3.108154623875368,0.014646821168103095,0.024819855884707767,0.2330738965,0.02214553793213535,-0.004536804949599999,0.1488137692961755,0.005434929763894065,0.00230635213389465,1.46484375,2.002983980228904,165.1287215158627
0.147527209989252,0.14758625630339897,0.5665290792718232,-1.0300327129793985,4.744938403595902,3.111062850495306,0.01461901433777374,0.025620496397117692,0.2376800395,0.021777200109392977,0.0035947770695999998,0.14757100023172906,0.004276179870598794,0.0021970106439359923,1.46484375,2.003819249593635,185.74453969239653
0.1478525988010235,0.14791177534884062,0.6202064954194887,-0.9516713601058435,4.715593300313304,3.0932022582597707,0.014483732348761822,0.024819855884707767,0.23152683275,0.021868003369705704,-0.0027590573552000006,0.14787833975841663,0.014207257083834102,0.002259080520016167,1.46484375,1.9739473670273333,270.9545625826729
0.1503146125958513,0.15037477454046386,0.5901816483833028,-1.0269411904716856,4.730522089781333,3.104236163737186,0.01468989223966243,0.024819855884707767,0.2478253345,0.02259454200811707,0.00024340968799999976,0.15031480967661526,0.00676123403782814,0.0023082780417626185,1.46484375,1.9959577648322313,199.09497488784646
0.15124559950557587,0.15130613406853824,0.5987478721378919,-1.005696011154726,4.731788597744761,3.112339754911718,0.014597892397670073,0.024819855884707767,0.24459700125,0.022909393311712215,0.0058448218032,0.15135849269767526,0.0070912420834233535,0.00230158365549197,1.46484375,1.9824357750673696,207.096541015568
0.06895722048483291,0.06898481993380064,0.34215108543683365,-0.9713128932559596,4.723673765480641,3.238081916314412,0.0053037502747696735,0.020016012810248198,0.11286509424999999,0.0047587432418807266,-0.0019091843512000005,0.06898364474192942,0.015255401427929492,0.0004931842718014907,1.46484375,1.9686221660162406,389.82717389717544
0.06712489211438412,0.06715175819195149,0.35050329344515724,-0.7725292146025962,4.513192182136251,3.1236371504124123,0.0052329041549160436,0.020816653322658127,0.10458752525000001,0.004507086667502517,-0.0011556496592000003,0.06713483944646413,0.013145341380124,0.0004392311926272018,1.46484375,2.169888429067744,346.0441668365257
0.0682386182392568,0.06826593007474671,0.29982276418336057,-0.9497455776470631,4.618275450903863,3.1658414712368557,0.005394333222609339,0.020816653322658127,0.10874554,0.004656513208008076,6.47209784000001e-05,0.06823864893158478,0.014472544539732667,0.0004784790886817519,1.46484375,2.047540458498396,380.52928256343336
0.0743796776293736,0.07440944736345706,0.3407717253204468,-1.0734490706578035,4.813413592709224,3.2405070107144933,0.0059282454510577,0.020816653322658127,0.12322938725000002,0.005535663056979942,-0.0018239004168000002,0.07440203664537647,0.009341987329938285,0.0005863049262110894,1.46484375,1.952253042800102,435.404765822597
0.07555710096696266,0.0755873419531513,0.36265025378695487,-1.021033106555437,4.789091598292551,3.242384249315125,0.005977740922956199,0.020816653322658127,0.12491681025000001,0.005709318137580324,-0.0006653052295999999,0.07556003002633287,0.01131370849898477,0.0006219484600568633,1.46484375,1.954140648204007,430.98370687138265
0.08270882376265078,0.08274192715551623,0.4936021700475375,-0.7028495431828667,4.4731950727542875,3.1281931285725912,0.005920707687681562,0.020816653322658127,0.12946667025000003,0.0068449094262645485,-0.0020395828159999988,0.08273396778992621,0.01023363438506931,0.000671794296716554,1.46484375,2.1886017392255828,298.8945906701765
0.07653369404381632,0.0765643259017744,0.36926593348600545,-0.5931408785595407,4.04524120100517,2.8594641869589665,0.00588637689216392,0.020816653322658127,0.11814917124999999,0.005858246838830627,0.0009167959632000005,0.07653918498932835,0.03126426946938862,0.000679048440377895,1.46484375,2.0451915023735,330.1095805239801
0.07360190696905212,0.07363136540808198,0.5100662449063802,-0.997366305410774,4.742723342370218,3.2115171897125245,0.00583722685703112,0.020016012810248198,0.122064041,0.0054173081379749475,0.00025966997119999957,0.07360236502976618,0.005393598899705942,0.0005784967469232845,1.46484375,1.9442264701754646,398.64877136770383
0.07313852145580788,0.0731677944293457,0.47748655363071724,-0.993085681364922,4.753118902154141,3.217864635045003,0.005818739506939256,0.020816653322658127,0.120295498,0.005349659196001626,0.0006448839119999998,0.0731413644663649,0.017888543819998333,0.0005270126178931238,1.46484375,2.025171402092216,365.88022246907997
0.07039767346247394,0.07042584943857208,0.5260594649051392,-0.8122082179019809,4.4427760317367815,3.078435002657275,0.005456948845549074,0.020816653322658127,0.103456935,0.004955834050174208,4.026468799999989e-05,0.07039768497737839,0.1139058622483736,0.0004932989805398884,1.46484375,2.05912152219075,309.0493694028031
0.07270664027020661,0.07273574038754957,0.6866905657375902,-0.7006318726201806,4.586917994435945,3.1210804332647424,0.005912906966335447,0.020816653322658127,0.10454831825,0.005288025482501813,0.0013303920928000004,0.07271881106358803,0.12971577320504177,0.0005024921999586525,1.46484375,2.2179269353729154,334.27075789989675
0.08014480604136766,0.0801768832113698,0.6078917027130311,-0.9673579225415705,4.681253139398154,3.1640453860952182,0.006461933814992722,0.020816653322658127,0.13098873475,0.00642322213552973,0.00017944392239999942,0.08014500692825305,0.008000000000000009,0.0006738700933309422,1.46484375,1.9499116222642339,432.91917027060356
0.07916300220938197,0.0791946864220612,0.5817783551744385,-1.0143491677190013,4.655049349049039,3.148874793924107,0.00635428356958417,0.020816653322658127,0.133211001,0.006266846976038796,0.0002570160231999996,0.0791634194311918,0.005908391567007977,0.000656184002620228,1.46484375,1.905491387690996,446.5121675543667
0.07822399117813618,0.07825529956088992,0.5333331441189209,-1.0443983003302577,4.722796720759909,3.1899104214766303,0.006221407505655041,0.020816653322658127,0.1322357805,0.0061193595388990005,0.0006055931487999987,0.0782263353283215,0.006381792281739732,0.0006352829457672971,1.46484375,1.9618254359706953,446.7473606508234
0.07750855580795253,0.07753957784473915,0.4828615061615076,-1.0796346557754368,4.783736654547598,3.2264149132503857,0.006046364569643094,0.020016012810248198,0.13323061349999998,0.00600761013516672,0.0001841513840000001,0.07750877456886233,0.008000000000000009,0.0006242187875470608,1.46484375,1.881679833321128,455.9174010917442
0.0777866033068034,0.07781773662936549,0.4722602548014197,-1.010011981292052,4.620599998182274,3.1499260239481743,0.006092556567651079,0.020816653322658127,0.13059509625,0.006052023330051092,-0.001125911204800001,0.07779475130142838,0.033561883141444836,0.0006616323053969367,1.46484375,1.9348541207327934,401.5446800258632
0.07759413738866273,0.07762519367863494,0.40268770885283595,-1.0693283279634824,4.716352868667727,3.204620728531865,0.006000574077709536,0.020816653322658127,0.13055496075,0.00602088474559096,0.00018597983840000048,0.07759436026922936,0.03419728856875271,0.0006437753090624934,1.46484375,1.8836189996224333,379.39633545023673
0.07673101721954073,0.07676172805415825,0.41191529411265965,-1.079578294774702,4.755690683255774,3.215117211389517,0.005980137779630327,0.020816653322658127,0.12929114125000002,0.0058883079931609334,0.0008117817536,0.076735311253431,0.013644845846759082,0.0006280744750911986,1.46484375,1.919908553155864,435.4944120800665
0.0745391555575566,0.07456898912111157,0.4822193430614074,-0.954795317906266,4.568422238642818,3.115333231964353,0.005770251422235282,0.020016012810248198,0.1235309815,0.0055570625878157255,-0.0009883706704000004,0.074545708044231,0.01989060993625797,0.0005311018155391458,1.46484375,1.9418255750146085,377.6294986394081
0.07491469800176598,0.07494468187248897,0.4730597679231413,-0.9332713448901369,4.587730938883815,3.125029259032551,0.005901732468520464,0.020816653322658127,0.12186750025000001,0.005612286208351333,-0.0002724548688000013,0.07491519344132626,0.024265201420964985,0.00058003275007047,1.46484375,1.9457939564746012,376.67707305985175
0.07221953156042366,0.07224843671729862,0.41335077448273716,-1.0790431489925272,4.8311406550310725,3.253043964366816,0.005769633958333873,0.020816653322658127,0.119707255,0.005215747802965248,-0.00029506636240000006,0.07222013433222932,0.022498484797466228,0.0005514630870093535,1.46484375,1.92173400307575,430.1426386905481
0.07415683802987258,0.07418651857459907,0.5161587148928678,-0.9377148463578062,4.743832690045575,3.1930423547757734,0.006108844216293704,0.020816653322658127,0.11870488425,0.00549953934674848,-0.0005502001088000002,0.07415887908233565,0.01959591794226544,0.0005327429326136294,1.46484375,2.0213988745683165,409.4104399789046
0.0828316430425459,0.08286479559261958,0.5588457132108252,-0.963371862029033,4.709499283682056,3.1743684916181047,0.00680339531111052,0.020816653322658127,0.13151620825,0.006861090738993843,9.823373199999991e-05,0.08283170129240279,0.007627700713964746,0.000699107829608412,1.46484375,2.01173122039314,415.8862307712924
0.07840510203560476,0.07843648290619709,0.563056366231472,-0.89268016802929,4.6598146924738995,3.169375524428954,0.0062431037689936785,0.020816653322658127,0.1263586045,0.006147712913890529,-0.0005940443391999995,0.0784073524224006,0.01427012136025353,0.0006292876236219894,1.46484375,2.018535258379066,410.0819543590431
0.09349959885740318,0.09353702115182029,0.7211173383309278,3.0662318473572476,3.172817897714274,2.3261612228978485,0.006655556522315042,0.020016012810248198,0.11544375125,0.00874272166518888,0.0007393772336000012,0.09350252223971757,0.01756028577112676,0.0004882433284218679,1.46484375,2.081778507341453,222.09011023160193
0.05328305113990365,0.053304377156823145,0.41373968399930444,-0.9111426468180444,4.711796996569169,3.22227824125304,0.00417751492324386,0.021617293835068056,0.084260006,0.002840477133799931,0.0011805062567999997,0.05329612681799617,0.016180796699117823,0.00028434414487089334,1.46484375,2.101820948233408,194.04550986911642
0.09259530518253425,0.09263236554230612,-0.6738310527969145,3.80884367232182,3.1023018401294404,2.296503054127436,0.006970993500532294,0.020816653322658127,0.10070456250000001,0.008581005383805029,-0.0026673661088000003,0.09263371623661132,0.048,0.0004759139766036961,1.46484375,2.0757440660605284,82.54411265139113
0.08574183863448222,0.08577615596170558,0.5823157603950233,-0.8840496458482381,4.709144741344017,3.182431825609169,0.00690361507348759,0.020816653322658127,0.13510927125,0.007359235064159927,-0.0027517579360000007,0.08578598407758652,0.016180796699117823,0.0008062724780604925,1.46484375,1.9663058394741066,175.38051158185522
0.08465449807921979,0.08468838020908523,0.5156322471507759,-1.0603954570504308,4.807071367491723,3.2074356981587417,0.006924464684257716,0.021617293835068056,0.14428157375,0.007172724293875501,-0.0025179850735999997,0.0846919375966538,0.00638179228173973,0.0007881669828195293,1.46484375,1.8965274935506198,183.35442946913474
0.08638990052721106,0.08642447723483014,0.5293188179170503,-1.0658263827887113,4.767323344200344,3.2145034548303153,0.006880526675445625,0.021617293835068056,0.1498798455,0.00746884307549048,-0.0023723748416,0.08642246858017005,0.03107761544614036,0.0008204503793365872,1.46484375,1.8431811478041458,175.52188599829705
0.08927748708531937,0.08931321952104479,-0.6800356814612528,2.689860340378485,3.492872656066754,2.5097438337349574,0.006870376520114604,0.021617293835068056,0.10723911925,0.00797157016182687,-0.0010490288639999998,0.08928365002522505,0.02400000000000002,0.000788032916244275,1.46484375,2.253129963866069,120.63110416986251
0.06580119936121698,0.06582753564378487,0.3807360628161554,-0.7124634552343507,4.478194403086536,3.0841542635032186,0.00532095706032662,0.02321857485988791,0.10181307725,0.00433211566101104,0.0015224400271999998,0.06581880932538237,0.023551362310207612,0.0004625233304778035,1.46484375,2.078112596460802,164.55561688990866
0.6411563774827361,0.6414129940139167,0.1329296814569067,-0.8130621638949203,4.30152684359874,3.167749818700278,0.038275259831207185,0.018414731785428344,0.9831005967499999,0.41309456373935155,-0.04486717455520001,0.6427243295063223,0.4002239373150987,0.03373420214161243,0.9765625,2.362898872279973,59.830533921689444
0.6784173128598808,0.6786888427138027,0.20547487559059746,-0.7407036860929601,4.281009082085056,3.1174022073331082,0.04329965627632033,0.017614091273018415,1.0749511605,0.46036065239225,0.010516748748,0.6784988226903935,0.23679527022303468,0.044586508359741345,0.9765625,2.2459847699579565,78.15803857616548
0.6314734290149558,0.6317261700412913,0.7809526781760621,0.3640789481716906,3.9462639845820617,2.949870505258014,0.037304458962003344,0.017614091273018415,0.9000225157499999,0.39899353406163585,-0.015324572089600008,0.6316593496985823,0.13236985222390246,0.0346080256633704,0.9765625,2.246467351822462,62.809044069191216
0.5686973585711326,0.5689249740929824,0.4094502306952782,-0.7761021816600384,4.456230557948593,3.199238741333024,0.0375402320598841,0.017614091273018415,0.8730190874999999,0.32483405514754077,-0.037647968096,0.5699421507026312,0.12005924463456458,0.026122455903445432,0.9765625,2.390989080308429,113.48137958866604
0.6630692998186866,0.6633346867814114,0.017405618779377432,-0.7790822226542486,4.257013555441399,3.064781739042125,0.04570364336076144,0.016813450760608487,1.03967746,0.4405931032383063,0.030532063085600004,0.6637718759018841,0.2426080515289356,0.04178465001465389,0.9765625,2.3480888495894665,81.17077458840768
0.4990147772868335,0.49921450304119314,0.43998172256547297,-0.5679653104564744,4.208931581654003,3.0942598158006747,0.033572323711879425,0.012810248198558846,0.74825414925,0.2497616308774386,-0.02731085730640001,0.49976157403049565,0.3101254226563469,0.024420660368432958,0.9765625,2.2875768088653317,118.01870230442663
0.6223296751405004,0.6225787564693213,0.4195201289112878,-0.5652631112984725,4.333729249125947,3.1396949544377084,0.04177206102002964,0.014411529223378704,0.81586067375,0.389298244785694,-0.0447662844696,0.6239376930316792,0.1915828802372488,0.0294551880405135,0.9765625,2.4159691573459883,117.1181974862374
0.6705402655599345,0.6708086427031839,0.7743052241751596,-0.29246055320394504,4.2254019909106715,3.0337211439439185,0.05127758909188735,0.01921537229783827,0.88257138475,0.44967043186066746,0.006795890190400007,0.6705747026697827,0.023399905033045655,0.037816453559583206,0.9765625,2.4497347361584194,119.93003751636257
0.6175340330705604,0.6177811949908313,0.4260621905470801,-0.7416022067570931,4.303547104632901,3.1129263269980223,0.04140088045516888,0.018414731785428344,0.9815891535,0.3814884085603402,0.011837506492,0.6176474791985638,0.4127953488110059,0.031839277055697404,0.9765625,2.293854021266172,109.01308433253688
0.632607249525709,0.6328604443525473,0.24731675363950992,-0.2506594810844658,4.007876223680965,2.952767200426599,0.04035750149557131,0.017614091273018415,0.83696176825,0.4005756091761096,0.019587675299200004,0.6329104274509226,0.018475208614068043,0.031233872755824604,0.9765625,2.311786553668222,223.49153644972958
0.7072505439043081,0.7075336139752397,0.2987395345493375,-0.9085815977049356,4.478434615080391,3.230408835253551,0.042923001852106506,0.01521216973578863,1.095774027,0.5006339259836917,0.020750762172799996,0.7075548925586563,0.18003456458259462,0.040595604769978234,0.9765625,2.382531192759815,130.69615992510964
0.5846250961974198,0.5848590866395275,0.500844683407596,-0.41447144147678916,4.261503034052018,3.120998392503717,0.03467890163201537,0.01521216973578863,0.7879573207499999,0.3430395487031689,-0.0353983841344,0.585695781701703,0.0365634912021389,0.026320474407059268,0.9765625,2.1987126763796256,132.2209305869562
0.8351688527215908,0.8355031208369247,-0.15822754671467545,0.38389166591136226,3.7147102895398723,2.871016648891854,0.046531637855773904,0.014411529223378704,0.9177913790000001,0.697654896867706,-0.012160769359200008,0.8352573836056201,0.28888752136428464,0.0694497674895477,0.9765625,2.201289993172361,68.86279592992261
0.6793068679315968,0.6795787538211829,-0.19212667964029043,-0.6638902789062091,4.125737722793345,3.135025319430472,0.03262092542438906,0.014411529223378704,1.06886977175,0.4615623777064104,-0.010225306223999996,0.6793838220817525,0.09886630090453197,0.026385053695698272,0.48828125,2.2678168545606545,62.69333490871729
0.5946032034430452,0.5948411875243944,0.4300897586149191,-0.5971373208736743,4.369823423329157,3.1615347315582643,0.03754024646523538,0.01921537229783827,0.8893703720000001,0.3547482102281461,-0.034572253085600003,0.5956074296280615,0.12083045973594571,0.03417803952772876,0.9765625,2.0966946798261645,202.73738154297038
0.5582067473078558,0.558430164065774,0.40426937404661484,-0.5035696452115928,4.177408073008677,3.0805722661555435,0.035030807179908,0.018414731785428344,0.82036626675,0.3116091477683792,0.003791441462400007,0.5582196232383624,0.07145472537052938,0.023829690617689917,0.9765625,2.3225263495373683,166.49885135454537
0.6328066800983503,0.6330599547453127,0.5499648101798298,-0.628453971384443,4.336809734850911,3.1466199886401136,0.03867640233231095,0.016813450760608487,0.96949409425,0.4010877782944522,-0.0253669847904,0.6333149124207105,0.2482930819524671,0.035460686198891915,0.9765625,2.2391496976037994,105.59188893848213
0.6072745572045545,0.607517612870562,0.5886413485343089,-0.08619692524381684,4.114754590788508,3.0685183843295665,0.03299224297630903,0.016012810248198558,0.7098342535,0.37144906081835877,0.05163983917839998,0.6094662097428853,0.31399363050864587,0.029879777710581677,0.9765625,2.204910592673786,62.50278156647211
0.5326694405507576,0.5328826362529305,0.46967102538952316,0.12214126253115198,3.950028009083856,2.990204814376703,0.03154563300389587,0.016012810248198558,0.64896118025,0.28447813109288134,-0.027228628247199998,0.5333649136312599,0.14060188081561675,0.018810334547696515,0.9765625,2.510916331821432,66.07110443058967
0.5160482815369883,0.5162548247838162,0.46252239469360584,-0.2705457032940206,3.9360579007628234,2.9912265986128266,0.029186096213176877,0.01120896717373899,0.65248731225,0.26637019816347246,-0.008023047188800007,0.51611064527238,0.15670609432948038,0.015147087514183852,0.48828125,2.462984831584188,89.8596394879246
0.5454026777671963,0.5456209698222715,0.7498172335707557,1.0364798585400727,3.60165827695557,2.6813449590807648,0.03569954837950377,0.016813450760608487,0.7116077125,0.2999571555338939,0.049930698155199994,0.5476834446410571,0.11681095839004145,0.026242673391966558,0.9765625,2.4540030475516303,68.18831615579974
0.4781812678035367,0.47837265515072497,-0.24063714908922218,0.03990459952554115,4.020979256172101,2.9390715134412724,0.03108505481906906,0.017614091273018415,0.641948544,0.22866873510150285,0.003377902204800006,0.4781931985102913,0.28613283628412867,0.01666065129148017,0.9765625,2.406020109447975,62.12550976764862
0.5724716277153544,0.5727007538512908,-0.5696056564972575,0.18823581874760809,3.895964421365428,2.995903149201026,0.029473385745132377,0.01521216973578863,0.7087197005,0.32905845183038546,0.03653337229600002,0.5736361667733176,0.20173469926834328,0.029188188882782285,0.9765625,2.2836624809514063,58.266163745832884
0.4472048486812677,0.44738383802150683,0.12212664306627351,-0.6814390767043546,4.222246825373609,3.0903606574360802,0.027630837003862978,0.017614091273018415,0.6725133395,0.2011367177932256,0.03383106721920001,0.44848268393910773,0.08552894246978623,0.017770329304282937,0.9765625,2.1744883177863215,118.44242712654365
0.6973815062100929,0.6976606262957976,0.4132527656380755,0.5519434826491683,3.718310552204149,2.7800100465713893,0.04355233314338515,0.016813450760608487,0.8984730155,0.48642835494271747,-0.009348247903200007,0.6974441590139797,0.0768721882954644,0.04784082636014268,0.9765625,2.092397773670379,73.87140148443075
0.6716934652219959,0.6719623039220627,-0.05750783429107603,-0.4059715183400465,4.1381870353671255,3.04534961604377,0.03960057797133229,0.018414731785428344,0.9092031675000001,0.45117224116092264,0.00036047051200000055,0.6716935619469064,0.06745665274826493,0.03568846098929097,0.9765625,2.166655053474386,147.08699187674813
0.7091997115061205,0.7094835617122052,-0.8451909781338472,1.223778486901403,3.531887230817831,2.6849861789306453,0.039123715083420295,0.017614091273018415,0.7509381882499999,0.5030549349901688,0.009523874726399987,0.709263656893661,0.04905507109361886,0.04845100049338055,0.9765625,2.1456374480889964,122.2596406472081
0.4590741187517553,0.4592578586505478,1.1929709618311974,2.1237376974166287,3.3219248307171383,2.587420772645204,0.02750859134569748,0.01200960768614892,0.38146189500000005,0.2107677751311125,0.004327657959199991,0.459094516555265,0.15236047481454726,0.022548124250178044,0.9765625,1.9831924826988547,109.93569832933073
0.3373752656219086,0.337510296752239,0.1837214267367176,-0.6227241008346796,4.041805747892107,3.1249804277270297,0.015328529526808486,0.01200960768614892,0.48084493775000003,0.1138265986614835,-0.002128099628799997,0.3373819773809554,0.2274183614203372,0.009606633208964863,0.48828125,2.076058996790746,123.88447205485849
0.3293621593199112,0.32949398328329227,-0.02109513530058135,-0.42029936950141034,3.844857290588414,2.97456297366521,0.01604020959103777,0.012810248198558846,0.483296659,0.10973859936486018,-0.035484748456,0.33126816835437145,0.20270175134911883,0.008224855922591411,0.9765625,2.0479696249943027,91.86464429743346
0.6202977696176193,0.6205460376962482,0.6682680646983749,-0.647655400757357,4.22414902057237,3.1125492421261045,0.03757739326719562,0.01200960768614892,0.940815002,0.38529294657243846,0.022882822811999996,0.6207197004868127,0.31781252335299814,0.03886842434612313,0.9765625,2.363313037884109,65.11830248957764
0.21560042074814015,0.21568671269506062,0.43827254003229354,1.1487668655094767,3.7551308938210544,2.744867665972677,0.014303735434306217,0.020816653322658127,0.2170820565,0.04649352152350619,-0.0031591291095999998,0.21562356439755417,0.29333443525963826,0.005128691016583036,0.9765625,2.3455474621318464,53.68179042982286
0.14412573386810823,0.14418341877490787,0.44103512563397385,-0.8499415102559658,4.698829534183778,3.1667698087419835,0.0128721946525687,0.02401921537229784,0.2232111285,0.020797669309037207,-0.0050440208184,0.14421397057510485,0.030904318841820877,0.0018790490215755359,1.46484375,2.3634811471630575,106.85579155427406
0.12741654738721694,0.12746754460654414,-0.026504284228048732,-0.6786777995084501,4.404651795270765,3.0894409300786627,0.009823928181894767,0.02241793434747798,0.191820907,0.016235075685382634,-0.0003148607687999977,0.12741693641499405,0.0381875073065226,0.001293670952670742,1.46484375,2.4878584553637495,92.20595441055568
0.19146051715450774,0.19153714734254879,-0.44449037405930475,0.33663824597185954,4.0531408566678815,2.874283915900414,0.014837886599918266,0.018414731785428344,0.2506344115,0.03667097794394451,-0.0037213324056000027,0.1914966786760139,0.19950605671674898,0.0027206402055448145,1.46484375,2.454720038897592,83.17295391877673
0.1568589431087601,0.15692172435726498,-0.4314433188318909,-0.5722119506618304,4.391152507123537,3.1155150382617167,0.011909335238617884,0.016012810248198558,0.2390899785,0.024614494801845722,0.0031251829783999954,0.15689007234954583,0.038781438859330664,0.0018801215534152008,1.46484375,2.4015017392083218,145.8493799533183
0.2042000456684797,0.20428177472745296,-0.07845070967219711,-0.24608143011085826,4.012031274006596,2.9305780212753794,0.013408580343871617,0.020016012810248198,0.2858510815,0.041813696583663566,0.0107720904496,0.20448397634940388,0.041805410028993954,0.0033777460151275976,0.48828125,2.508767840534289,59.109123824912906
0.14631616044109155,0.14637472204457347,0.6578729091820874,0.5584785712163391,3.9138880933749687,2.7888968595039008,0.011932771235634795,0.02401921537229784,0.15729736100000002,0.021473119227593145,0.008043657213599996,0.14653709164437906,0.11477514248883919,0.0013935449479254354,1.46484375,2.53584521766089,71.41882701385711
0.18456933918267857,0.1846432112445448,-0.21848004585437047,1.585830337098935,3.630968373232844,2.5733073722639053,0.01489334688324755,0.02401921537229784,0.21775521975,0.03406873318643461,-0.0017006528464000024,0.18457717406666135,0.20351576515510206,0.0033693679276444255,1.46484375,2.469805635919102,53.41660536525033
0.13750364245383037,0.13755867693370208,0.9242894809016923,0.03331533411987664,3.9707717289235314,2.7699750927468774,0.012090913168453062,0.017614091273018415,0.17367060175,0.018913208986662215,0.0024407577904000015,0.13752530307787805,0.008000000000000009,0.001379146802099864,1.46484375,2.5219356945071962,93.74449232652294
0.1735501928650212,0.173619654622001,-0.3970384372047341,-0.00831473849580755,4.29121127432939,2.972040879006717,0.013685121585909404,0.021617293835068056,0.24517604999999998,0.030119958936838685,-0.0005380458647999994,0.173551026896526,0.01496662954709578,0.002229277450063782,1.46484375,2.5159659018788205,93.85784835837876
0.17381300453490223,0.17388257147966685,-0.4974244717486089,0.09920529410899803,4.321908433629326,3.0245908103047765,0.013531493778209329,0.020016012810248198,0.23512372525,0.030241890706094534,0.005561489067199998,0.17390195716579654,0.014342743312012738,0.0021563185646589203,0.48828125,2.5381033832618822,58.58536195080635
0.21149813794844088,0.21158278799703678,0.48423899824011957,0.5443330296762698,3.817533294796598,2.686585533661989,0.017068333019273168,0.02401921537229784,0.27312730625000003,0.04475303218077138,0.004644332580000001,0.2115491247459355,0.08573713981033625,0.0028911442483864694,1.46484375,2.4529052419835504,94.58064873261142
0.19060497059317008,0.19068125835711844,0.12275114707345107,2.864037688063328,3.0431156006841418,2.252091197399874,0.014599771245491725,0.024819855884707767,0.11437811125,0.03634938832247199,-0.004374186512799997,0.19065515550981565,0.017104719482395177,0.0015817077903582974,1.46484375,2.6427477995591606,31.342626615088648
0.12567842789378023,0.12572872944788305,0.9047551599233518,3.406069213357691,3.0902340297358046,2.354699361422347,0.007496273804218364,0.020816653322658127,0.1199251935,0.01579859402546179,-0.0018779743368000019,0.12569245810891674,0.1887297249796891,0.0014612620445063568,0.48828125,2.302455577394975,57.408358535099296
0.06432202980233775,0.06434777406184457,0.2718918886409794,-0.4000686456963414,4.260175824364143,3.0446409762055335,0.004983224963999626,0.018414731785428344,0.07536950049999999,0.004138403748244015,-0.0010393413063999996,0.064330426302365,0.07555660129995262,0.00041376152869135546,1.46484375,2.0223115620286873,227.287076712426
0.07550747827440805,0.07553769939960227,-0.4432272879335898,1.9772889715414204,3.5064180857063505,2.5404808319257235,0.0055322730690114535,0.020016012810248198,0.09402385099999999,0.005701556898750703,-0.00042145390079999847,0.07550865446258928,0.11436464806605551,0.000516860424539948,0.9765625,2.522941394594069,87.01082561821907
0.07598039530454888,0.07601080571013095,-0.5137983301358435,1.4005634484366416,3.6924688250995907,2.670096224944762,0.005558615757572684,0.020816653322658127,0.09583980824999999,0.005773395436495675,-0.0006123445600000001,0.0759828627816541,0.1130341863009916,0.0004784892637865874,0.9765625,2.486233994969775,68.51242143183237
0.04411927185699508,0.044136930161427154,-0.3280319460571221,2.4693039008072075,3.1431570332869647,2.444102185051851,0.0029767195901736036,0.016012810248198558,0.042688495,0.001950555434274171,0.002011289408,0.044165092938588627,0.12879751550398785,9.21609221858494e-05,1.46484375,2.6049443681698907,51.38353622952883
0.07890655714336756,0.07893813871643252,0.07535369429614033,2.664555685562526,3.2131400662289744,2.288500798291964,0.007705993498394715,0.02321857485988791,0.09074296075,0.0062312303383791415,-0.0022328408271999993,0.07893814248118042,0.05743613053565752,0.0004015503479947115,1.46484375,2.244188751249841,59.14344794431962
0.08504211238319702,0.08507614965187354,0.03792253012534702,1.559992227969544,3.474703281724305,2.4969723169166995,0.008159097811287557,0.02241793434747798,0.10417476725,0.007233327333834214,-0.0010800255728,0.08504897021031009,0.0786430370263463,0.000711633286510083,1.46484375,2.670072170834318,111.62420105386049
0.06561885392940635,0.06564511723000942,0.3248219410857152,-0.8501432710699963,4.611176827352017,3.1452164994318257,0.005504492532478255,0.02241793434747798,0.10298408925,0.004306085037335682,-0.0005010452344000008,0.06562076681459675,0.0517335832546291,0.00036689285174879905,1.46484375,2.440081301134556,166.88443447250987
0.06281394882685679,0.06283908949179252,0.33142704603535617,-0.6629780158889247,4.62576403203622,3.164483358639611,0.005464377753504979,0.025620496397117692,0.094152393,0.003945670184114553,0.00027931504000000036,0.0628145698394453,0.1260995277909117,0.00029910960116652475,1.46484375,2.6301760944779344,137.23450166312062
0.0710748963429257,0.07110334337081795,0.5186862618522939,0.5395643391134324,3.9425360678466563,2.8125298700940577,0.00573918877768192,0.02722177742193755,0.09517190824999999,0.005052500381611307,0.0009270876192000002,0.0710809424642872,0.1316966210652346,0.0003952133028979359,1.46484375,2.5876289747508467,131.34239428435438
0.06779277008522044,0.0678199034743738,0.46243626757463113,0.9505984503651868,3.7483038488557976,2.7075745639697955,0.0051669348542418645,0.02241793434747798,0.089506899,0.004599573087513278,0.001927021454399999,0.06782015251762029,0.084,0.0003785904018327224,1.46484375,2.4212408896466355,136.4808744361173
0.05214457762989657,0.05216544798399614,0.3752218172518171,-0.4260143616547123,4.390011012743381,3.0437670368148906,0.00422463856668635,0.02321857485988791,0.0761596245,0.002722507158623041,0.0018574666680000007,0.0521776499913808,0.041505019776729025,0.00020089220118709044,1.46484375,2.4661404102452193,138.1713002058351
0.06550717398258446,0.06553339258438773,0.003079211864411369,0.26457091597755156,3.8656309098185773,2.7761065138980916,0.0049367275461432115,0.021617293835068056,0.08698102299999999,0.004306383010645649,0.0038978413848000004,0.06562303719461367,0.026733250207684585,0.0002722872157330948,1.46484375,2.409494199803022,147.02808961550184
0.06960446700928064,0.06963232551230096,-0.048752559535901165,-0.01991853508329955,4.018254708749838,2.878870395462407,0.0051652105223823595,0.02321857485988791,0.089904984,0.004844782254702118,2.0665335200000534e-05,0.0696044700770153,0.03141125063837268,0.00040246306358454115,1.46484375,2.454726285369517,109.82929869366316
0.056183786626255,0.05620627363401,0.429955641207247,-0.4230678963406356,4.371490757680624,3.0217664013253898,0.004636468111420552,0.02642113690952762,0.08003100974999999,0.003162647997544217,0.0024556298335999993,0.056237425239285425,0.03209078032423306,0.00023042146352633065,1.46484375,2.398726796288124,108.95877056233903
0.06343955812803445,0.06346494918693706,0.2614047021863243,-0.7254249940484159,4.573030384832668,3.168582689540389,0.004874425683996559,0.024819855884707767,0.09118302425,0.004034988014548375,-0.0032265274008000007,0.06352155551108911,0.01989060993625797,0.0003624994154731578,1.46484375,2.2329173982783495,157.15999561919367
0.058028258209639506,0.05805148344899636,0.15181420990101924,-0.4755012500720839,4.381474812780466,3.1046908281069117,0.004214346384843103,0.02321857485988791,0.0768005605,0.0033717566657202624,0.002116108427199999,0.05806682930658658,0.026202012414039036,0.00024739263582435446,1.46484375,2.439823137610113,103.2178683355806
0.05552249027044086,0.055544712600836516,0.14777175554620137,0.08845675985570667,3.9963670400439457,2.8820797437621404,0.003872424218191287,0.02401921537229784,0.0684508165,0.0031174868943791025,-0.0058940621432,0.05583445973929633,0.030983866769659363,0.00021694948312008956,1.46484375,2.4111124111956967,109.44347376475586
0.0678657540613289,0.06789291666160054,-1.3817009511619123,4.70483907947331,2.817538473695853,2.292634314530162,0.0035652674402616817,0.012810248198558846,0.0968705345,0.004750694556812236,-0.012038853039199998,0.06892528242098277,0.32097850395314637,0.00012547360798459336,0.48828125,2.5085640005075027,65.9814673475531
0.08604130475680592,0.08607574194239803,-1.1707877445750345,4.6788155231871995,3.176924479847113,2.353336667789443,0.006019297141338786,0.020816653322658127,0.09227246675,0.007404547467992803,0.0012005597608,0.08604968023178705,0.10558787809213707,0.0006670287620253114,0.48828125,2.4997366447351865,43.89945786829772
0.10157370829841203,0.10161436217568456,-0.7187027651230966,2.1287272899600254,3.3066712950969244,2.471715581948104,0.00744456493589998,0.016813450760608487,0.12307408350000001,0.010317905005106678,-0.0008287265023999989,0.10157708897732144,0.06889605697474031,0.0007250180053791209,1.46484375,2.414359863917502,88.3693803685763
0.08983432933353629,0.0898702846398923,1.1053611006222377,2.446343997819988,3.5977852699641675,2.6251451107549695,0.006982323313303049,0.016813450760608487,0.09928835725,0.008077827240492247,0.0027605277911999975,0.08987673358824433,0.47802259360829374,0.00042618796236650974,1.46484375,2.715625765501731,35.479385087039546
0.09911675231546203,0.09915642282027856,-0.4535991528148237,0.1164958397140814,3.786749198941199,2.8634007567672226,0.006195139558823918,0.013610888710968775,0.13900443575,0.009827215816771092,0.0017564814848000025,0.09913231469491213,0.0810728067850127,0.0007689195673052421,0.48828125,2.340473175644439,53.748547378351844
0.0907198415316437,0.09075615125554368,0.698433852662177,0.6101754488505056,3.5737612210133856,2.5671414977636804,0.007395556673233772,0.021617293835068056,0.128312954,0.008232646412059242,0.001598988596800001,0.09073393197728864,0.082223641811387,0.0008017249072764239,1.46484375,2.103088067372783,113.71435836146834
0.12098063445761414,0.12102905576611991,-0.15215619870428584,2.0050523162452922,3.2330172770771015,2.4207361405164995,0.008550475419737873,0.020016012810248198,0.08846509949999999,0.014636528804846822,0.00046356345839999803,0.12098152257616376,0.2302251862061064,0.0012869495044873426,0.9765625,2.510395671702673,36.97131805981795
0.06958512501716538,0.06961297577874366,0.21957534825616404,1.2205323361712832,3.6537688349166975,2.526979543278234,0.006713752220300551,0.02642113690952762,0.077911289,0.004842182955672533,-0.00030550289359999996,0.06958579564589697,0.2040573071844883,0.0003948174049127431,1.953125,2.688744765907829,35.40577393745991
0.059267647802715144,0.05929136909556117,0.5085505372629435,0.5002671163339762,4.089063623581725,2.833883999748763,0.005145810001442566,0.021617293835068056,0.068067495,0.003514817108259385,-0.001470725056799999,0.05928589299537779,0.2803218928952279,0.00018212892531432024,1.953125,2.9145223795672757,25.899324437719276
0.05949568709026209,0.059519499653589075,0.09473944109088024,0.32511538547000507,4.0199314173632565,2.8575055047597675,0.004468629798936675,0.02401921537229784,0.07198064900000001,0.0035436129567904054,0.0019688002559999996,0.0595282534330582,0.2662329806766998,0.0002342728562017376,0.9765625,2.520837339904529,38.36524477529423
0.08962442949506012,0.08966030079107118,0.4743156745081588,1.2933585675736223,3.5144573195394533,2.592131512206535,0.006652963692799034,0.020816653322658127,0.1019454835,0.008078623830047791,0.006788627823999998,0.0898811650461196,0.12183048332279844,0.00038303620757034796,1.46484375,2.576483239435815,126.29566807925647
0.09844446988644588,0.09848387131683538,0.31600419496558624,0.5264411356672469,3.738371688430169,2.701085551745866,0.007813111312830669,0.021617293835068056,0.13861868500000002,0.00972023550818075,0.0053779045136,0.09859125472464964,0.009237604307034021,0.0009414483434603722,1.46484375,2.3087994535935352,137.02167564637745
0.07514916392404525,0.07517924163744649,0.30558342245601156,2.6221812293573503,3.184456565838022,2.3260063831975164,0.005649663098892675,0.01921537229783827,0.076309798,0.005648189500994503,-0.0008903159615999989,0.07515443766667743,0.10357956976511956,0.0004966456695008474,0.9765625,2.520382920026531,67.67053325283261
0.07622546059878763,0.0762559690893423,0.7270975731067744,5.156890502390743,2.781014816080647,2.0901623870701362,0.006259122937658136,0.018414731785428344,0.06683738075000001,0.005818778470034704,-0.002908199879199998,0.07628091812527367,0.41587690486488904,0.0005825539393716828,1.46484375,2.399821128502468,62.42532234244584
0.08455584290089468,0.08458968554499575,0.45755284575068006,2.7423894000238134,3.087689566297244,2.2886293389386188,0.00688232924869529,0.02241793434747798,0.08525176725,0.007150151334100121,0.0006787970383999989,0.08455856747899719,0.2589826248998183,0.0006140685457927055,1.46484375,2.549650571472685,51.03749170455885
0.10910537607347452,0.10914904442666326,1.5672874984442475,4.226648784668245,3.3026157999652423,2.375832246083744,0.009759215991280107,0.02241793434747798,0.13437455025,0.012017924317130278,0.010674325692799996,0.10962629391314055,0.02780887148615226,0.0006147316000307424,1.46484375,2.146554979300048,58.77875515085843
0.06551150877707064,0.06553772911383275,0.45165234234966956,-0.5294280318633868,4.396897406859975,3.0885564484368615,0.005127418348075098,0.020816653322658127,0.09266632999999999,0.004294885937868635,-0.0017686592720000008,0.06553537928377798,0.1268279674730039,0.00044172948376484646,1.46484375,2.1021396985546197,151.57262068175456
0.6333139277956097,0.6335674054634718,0.32130303828641243,0.16082872514213298,3.849439797266625,2.8746032124352157,0.03981950733765897,0.01521216973578863,0.7538868750000001,0.4025770727536382,-0.0386075331216,0.6344896159541448,0.06039867548216598,0.02633640492800238,0.9765625,2.4680872848870923,51.89458649955925
0.45154480112735396,0.451725527490855,0.3816462991951983,0.19353933593762607,3.5535822828856523,2.7531481749844007,0.027423037268757902,0.01120896717373899,0.65869769675,0.2043555887305921,0.021514676512800007,0.45205706357780995,0.3847991683982698,0.015558337851892801,0.9765625,2.301973838541427,85.9618993751481
0.8566517756148703,0.8569946420587027,-0.24148179444183954,0.12174666069981388,3.6260613844096667,2.910424043173994,0.03959135500128964,0.01120896717373899,1.082227099,0.7345104330130611,-0.025654791929599997,0.8570358411484674,0.13299350633498133,0.038048623479998746,0.48828125,2.3198263661372107,84.73382485092606
0.36465696749869514,0.36480291786175284,0.36978215456216257,0.6530591115372579,3.2958313104843158,2.7032518979756004,0.018493722747588235,0.008807045636509208,0.39490207025,0.1330515156297033,-0.00876422753919999,0.36476227276090833,0.2209796370709301,0.008794187322818633,0.9765625,2.3097353783960193,63.084764396197514
0.7331043335196913,0.733397751315518,0.9756857453273976,2.489750266260983,3.0550691885350414,2.5942812844009553,0.028608518108738643,0.006405124099279423,0.7934891937499999,0.539567701765904,0.04610572568080001,0.7345527222506931,0.48690040049274963,0.0363124043434821,0.48828125,1.8201196984586225,139.2716255383486
0.9642693877924368,0.964655327126598,0.42578672197344386,0.12407107594026145,3.6583101556288646,2.977946431501829,0.04008024641213812,0.008807045636509208,1.03674805675,0.9299926832036366,0.01331281225119999,0.9643612825096395,0.37209031161802636,0.10447386604875541,0.48828125,2.0249112289570474,82.2914058981066
0.4219315690047836,0.4221004429635184,0.3472930654484522,-0.16322939131441405,3.8462464667437564,3.0139681557286777,0.020906291699722968,0.01200960768614892,0.5395425412499999,0.17912669175158855,0.03317292312640001,0.42323361368349344,0.19322939734936817,0.012567946388080778,0.9765625,2.2998216167353256,78.89215818012318
0.6120009693892964,0.6122459167552735,-0.3963788980246292,0.17436586430708934,3.896580987691461,2.9617576403688424,0.03538938999284198,0.01120896717373899,0.74327661925,0.37964724305415265,0.0714286813592,0.616155210198009,0.2706082038667712,0.030857449184312578,0.9765625,2.1952046022163545,59.783235559300145
0.6979158753929757,0.6981952093546877,-0.1974071336297475,-0.06396168968057792,3.8605737107707343,3.0337647500099503,0.03286201103882772,0.008006405124099279,0.8485205517500001,0.4872262386551586,-0.011818186392799999,0.6980159300869563,0.4318106580950086,0.043344389452442574,0.48828125,2.06706732556377,106.81606484016264
0.5236863926790012,0.5238959930046556,0.36966286104849144,0.36931587877139904,3.543559760213391,2.795481541927393,0.026308217995821444,0.010408326661329063,0.63366291975,0.2760308747195463,0.04223075706640001,0.5253864051529562,0.46660571030463066,0.020511027482803545,0.48828125,2.4281958896582148,95.74096519779728
0.5415080626032169,0.5417247958768951,0.0737899518196779,1.8347018629315128,3.196049431150442,2.519619737569349,0.032630457805457626,0.012810248198558846,0.46746019424999996,0.2934323731985563,0.014191241463199989,0.5416939848277404,0.5368692312179675,0.018963416964239223,0.48828125,2.4013104443054676,50.696115296731094
0.4894457145982276,0.4896416104294046,0.31546937137227077,3.073524020794687,2.6093127055560403,2.1824362598611824,0.02376328220392893,0.006405124099279423,0.41024947525,0.23969012608689208,0.011533366738400006,0.4895815826671711,0.5691748413273376,0.017407677918333562,0.48828125,2.1698291279504898,75.82986896167462
0.5065569282607785,0.5067596726868514,0.8225095102369263,1.7620025125196728,3.2635906416418745,2.6958356912063093,0.018781047206347712,0.009607686148919135,0.51137885575,0.256600305765102,-0.0006198355480000089,0.5065573074836667,0.7783058524770324,0.029994926177998694,0.48828125,1.783281890008304,89.22049798174147
0.4149117518560271,0.41507781620202233,1.8446964633916227,6.008788310015603,2.199506176630858,1.8647132678574236,0.016035551221510267,0.007205764611689352,0.08277811574999999,0.17221069683791854,0.007676914072800006,0.4149827669167944,0.7847634766512228,0.021228341960933168,0.48828125,1.8212448244714377,72.27994973300946
0.09713222431477228,0.09717110053178406,-1.4941530588723404,8.287035953247054,1.9003878238053356,1.6774478087804485,0.004293267583881538,0.004803843074459567,0.050316092,0.0095289156766759,-0.0097080727408,0.0976161650377431,2.924484228030645,2.5276894433545075e-05,0.48828125,1.2470398461683687,48.02487293103399
0.21665423881486423,0.21674095254209644,0.47084919431685174,1.2703536269618452,3.515803362982692,2.6176969279806594,0.01469911843008917,0.020016012810248198,0.1415152745,0.046940221899482014,0.0010782870831999986,0.216656922113008,0.5557841307558179,0.0053723884023404575,0.9765625,2.142504980489729,59.44835620210646
0.1345901462673076,0.1346440146489991,0.4796782009053627,1.0009675740392812,3.67898354551139,2.615666128750349,0.01298191891719841,0.018414731785428344,0.12155016025000001,0.01818354639981049,0.008308966695999998,0.13484638074420274,1.8394011447828806,0.0011501606868786812,2.44140625,2.4189898502559273,39.425483990317595
0.06838216356066668,0.06840953284875902,2.2766338814049942,8.758251691495108,2.256732691244039,1.9227114303546151,0.0036052333699733642,0.0040032025620496394,0.0661933615,0.0047114512169279185,-0.005943982140800002,0.06864001177832008,0.5770453477269645,0.0003269041574794577,0.48828125,2.1461944790944525,50.86385416260957
0.15273462273448163,0.15279575326433956,-0.35503063946167385,2.3389768058959195,2.997476548298785,2.4393044158804216,0.007301857659371698,0.008807045636509208,0.10680232475,0.023346747798064626,-0.004345436252000002,0.15279642599898935,0.17351272767917253,0.000832533299831416,0.48828125,2.2459026949066794,54.16368721673487
0.2060538602544821,0.20613633128450207,0.13687177281852023,-0.2649828682421438,3.4723967759605032,2.8524107528427933,0.00838266052293045,0.008006405124099279,0.30781312475,0.04249555468196977,0.006112393655199992,0.20614449951907465,0.3303622254435274,0.003042288342433739,0.48828125,2.1704646752995465,94.35573572501971
0.1426066565728281,0.14266373348388786,1.1263644967943216,1.8150839406301387,3.284395950136319,2.6323217943707573,0.007540955366170065,0.013610888710968775,0.17043664525,0.020346677359204018,-0.0031652583344000005,0.14264177985150078,0.36913658472416166,0.0013619456462106159,0.48828125,2.3551949389311657,114.27675370791317
0.20846289409913688,0.20854632932124853,-0.3269002301018481,1.090612639660936,3.3731057096815444,2.5414977425959266,0.013599994949021798,0.01521216973578863,0.11070215375,0.043482182500853186,0.0050402663288,0.20852381758651262,0.2301357458945949,0.004393878791455853,0.9765625,2.308270481104337,35.253463078529926
0.16298601893486991,0.16305125248518443,-0.9549044262362395,3.264837377517437,2.9059070536431344,2.2563271458822376,0.008869575876983468,0.012810248198558846,0.10819629850000001,0.02662744653064703,-0.007937516135999998,0.1631791853474181,0.12543865888495914,0.0018517178576202618,0.48828125,2.380531814245114,50.872762371110944
0.15052671998922718,0.1505869668277368,-0.2585927799369856,1.0091372411673207,3.2655421995250613,2.512436102430198,0.01011785560530373,0.01521216973578863,0.17735407925000002,0.022659787535245446,-0.0012223356863999982,0.15053168282871698,0.20659883088506803,0.0016781079473038776,0.48828125,2.6242650963187604,48.398817381440935
0.18200434757348466,0.18207719302269856,0.21275682343175562,2.812419281339012,3.004302121358994,2.3459803171525833,0.013016902955677033,0.010408326661329063,0.163125421,0.033463870912238285,0.018392617448000005,0.1829313284056022,0.38750671548433135,0.002649517516079038,1.46484375,2.4096361883683968,36.14150550611256
0.1370889865240392,0.1371438550419552,-0.4689263852016802,8.686131892168655,2.3278830590902793,1.870814446491246,0.010663907317908642,0.01120896717373899,0.11694563050000001,0.019037539114633132,-0.015625264428000003,0.13797658900927046,0.4954190145725132,0.0006123851257579695,0.9765625,2.420010992853513,30.08214820829422
0.29102980727503747,0.29114628909169865,0.6617372192584177,-0.09206353256275168,3.5025016436155774,2.7643890443358354,0.01493348882858739,0.013610888710968775,0.209132671,0.08470363416580302,0.0022990091904000025,0.29103888772087316,0.34649328997831974,0.010235793876409587,0.48828125,2.1021961111398557,127.81312360122399
0.2646853994551162,0.26479133718177345,0.7171264217885909,0.44762235160925323,3.573464419278187,2.8227236164747747,0.014583508775900478,0.01120896717373899,0.237249968,0.07053454484564775,-0.0218216443224,0.26558340468795816,0.37561682603419133,0.00798093447604094,0.48828125,2.13100630893203,75.45558236486133
0.18722426858177302,0.18729920325300706,-0.8116841342656878,0.5009993767488914,3.815757058251328,2.8294342419362737,0.012634114793153692,0.01521216973578863,0.22151559775000002,0.03509435721652472,-0.0064366505688000005,0.18733487987164782,0.14537802182850484,0.0023615305004737962,0.9765625,2.487244982659915,49.74827831374475
0.2088171475302197,0.20890072453878136,0.3353033371600097,0.5539186234889755,3.525347474543424,2.8317517241420718,0.009764591180468291,0.010408326661329063,0.195951131,0.04374897539287448,0.012015585304799998,0.20916255733967892,0.12141389267021026,0.002902925708404086,0.48828125,2.036144825243176,119.1167829413933
0.16663883215414763,0.1667055277070099,1.0495032059359601,2.7190086545310574,2.9296262919574563,2.339776727579306,0.009449250314755842,0.01521216973578863,0.12726483700000002,0.027827001139455892,0.007648578806399999,0.16681427139023774,0.2638302484553278,0.0030101712617790492,0.48828125,2.3568276667987784,65.88857643872156
0.14309972429929857,0.1431569985558641,-0.8273361888337976,8.38266670105431,1.9066073065722349,1.4695761361803479,0.010267835740553916,0.016813450760608487,0.034972948749999996,0.020543271535958543,0.008108047941599998,0.14332924173370395,0.1605590234150669,0.0019255932361551163,1.46484375,2.3192172907463187,39.42367573567339
0.009716043905935631,0.0097199326569042,-4.126113471349672,33.19114094848102,1.4027690544843443,1.2594702605427437,0.0006514808202524639,0.0040032025620496394,0.001517783,9.4435500464499e-05,0.00018436724879999998,0.009717792983208635,0.0,1.1073987657192047e-06,0.48828125,1.304064512843388,14.26541651772839
0.00022174291155867374,0.0002218316619770997,-0.08325229306072073,-0.40333323186365666,2.781091642680536,2.5290982326986406,2.75995953168871e-06,0.0024019215372297837,0.00037559050000000004,5.59329572067456e-08,-8.223769440000002e-05,0.0002365014951469559,0.0,1.1253551564893602e-09,0.48828125,0.9099409806478231,121.68548796915869
0.0016018416073251536,0.0016024827286665437,-1.2653153504101624,0.6170784265553526,2.9547803954254173,2.680276717905763,1.98586817859438e-05,0.0032025620496397116,0.000616702,2.8653226782026753e-06,-0.0005471984496000001,0.0016927264038239243,0.0,3.462810835379952e-08,0.48828125,0.7601223237967041,199.4564196269019
0.08547785588467717,0.08551206755540249,3.520178940480934,14.311436253427019,1.9941798883369686,1.7662870147406806,0.003801304238786104,0.0040032025620496394,0.01869401925,0.00732307143977499,0.004075241481600001,0.08557494633229396,1.7920000000000003,0.0001882001640019939,0.48828125,1.9597927514385243,49.01360364702094
0.09099749583768482,0.0910339166899887,2.934045472567705,10.846633656346317,2.19098003149504,1.9148230634009706,0.0038978815594538853,0.004803843074459567,0.07974969625,0.008283439923218108,0.0017016681488000018,0.09101340518417113,1.1141322482841371,0.0009147275396235611,0.48828125,2.049430336346794,62.93719512921784
0.18341150742688353,0.18348491607798248,1.283016743156692,4.080377160452813,2.7429154048923263,2.2476398422500807,0.011582584496214809,0.007205764611689352,0.109175292,0.03365405784660155,-0.0037784639736000002,0.18345042340262271,0.28694250295137524,0.0017671335059859722,0.48828125,2.146292591210399,52.79979197358054
0.18561021061896002,0.18568449927937658,1.0849263709058863,3.54705822032688,2.8196203593323785,2.311794638774287,0.01216614971203262,0.007205764611689352,0.0834134765,0.034496554867604,0.006738292186399999,0.18573248199387205,1.746775772673757,0.0027548336730829556,0.48828125,2.6516845136322242,45.095191758599526
0.011929353427210517,0.011934128033536258,-1.4776300784840375,1.7316831302918638,2.8044987385916906,2.612015012649048,8.070134701571835e-05,0.0024019215372297837,0.009417011999999999,0.00014778327223953717,-0.0023396151495999992,0.012156614341153426,0.0,2.0074423673644657e-06,0.48828125,0.6793864425905989,122.51096475165161
0.07653559577152526,0.07656622839063114,2.511408659481956,10.011809680726563,2.0920378892507756,1.765852916526923,0.004078352658145405,0.0032025620496397116,0.0531425445,0.0058681869211466165,-0.0032387499199999993,0.07660409206528472,1.575065712914861,0.00047108602366396197,0.48828125,2.2249237839196487,62.92317878564603
0.20304883548276034,0.20313010378118454,0.26562453871661007,1.3542390250385772,3.494431639414239,2.682975693641097,0.013355635990792813,0.014411529223378704,0.16859428175000002,0.04123471020130076,0.0024249969887999924,0.20306331574487,0.30446853845527444,0.0039620792871793015,0.48828125,2.5603374833434933,67.47283696864065
0.11543608847148511,0.11548229063001765,0.4556763787855146,0.35688062391732167,3.8496193247750976,2.8821209548864943,0.008755580950219957,0.013610888710968775,0.13107291025,0.013333374461746674,-0.0028078354919999996,0.11547023192904167,0.4512866454523515,0.000912532933869971,0.48828125,2.714938072280965,50.83362699763997
0.19697091605879294,0.19704975172977374,0.0944972915047441,2.3679198757421114,2.8332706096122595,2.185308863832256,0.01510288626194481,0.018414731785428344,0.09157072375,0.03880652154343494,-0.0029966265024000014,0.19699370940066827,0.561877372580692,0.0038841468445554687,0.9765625,2.5196772162135432,32.14283748943883
0.08664169167439595,0.08667636915894408,0.1534794623325708,4.077633328525097,2.7270859284770768,2.0318073538852945,0.007731799649896051,0.016012810248198558,0.080624208,0.007513601965491013,0.002611365407199999,0.08668103578921409,0.3254157104618408,0.0005594836953293223,1.46484375,2.710263282775425,48.194982139609664
0.12814924217037316,0.12820053264357767,0.7667659813677716,3.411814947294772,2.8939018544938877,2.223839657389725,0.007912676187541908,0.017614091273018415,0.12412699875,0.016424999305081154,0.0016646429767999983,0.1281600534686263,0.35216359834599603,0.0014047361309378163,0.48828125,2.195545558997046,50.52658939466364
0.12848174932490847,0.12853317288082974,0.5446280016097703,0.7073422456808443,3.590826509639937,2.7790545737702983,0.00864106977584402,0.01120896717373899,0.15285581075,0.016510355096990913,0.0016718813959999998,0.1284926266249971,0.526962617269954,0.0007345708918840598,0.9765625,2.4776808182852093,49.63481736415681
0.13942668894170676,0.1394824931020127,0.37433338517305964,1.5216538760500633,3.4530784702804245,2.5816486354580355,0.012322105881003282,0.01521216973578863,0.10957913925,0.01944782531037376,-0.002832617363199998,0.13945545995182032,0.9533301631648923,0.0013690238164417107,0.9765625,2.8556401352415506,50.75661969303099
0.05385710968451007,0.053878665462713374,-1.4243395604561555,7.329123298525012,2.5621936352590624,2.062600941033915,0.0043323065100345495,0.013610888710968775,0.039874585000000004,0.002935212459929467,0.005884232860799999,0.05417760109057494,0.9456849369636803,5.3881996810214606e-05,0.48828125,2.2012292513409935,31.75667284491861
0.1085516225315323,0.10859506925031474,-0.23481049564761858,2.827437889125979,3.0948900665827797,2.349432670579955,0.006820974156865388,0.016813450760608487,0.1053915305,0.011890222029701284,-0.010332825144799997,0.10904229468284903,0.1317407923296211,0.0006172413270119457,1.46484375,2.560542275650203,59.097086802826595
0.09201232598630757,0.09204915301439262,-1.6059148414526114,3.6256246087631556,2.949625171447362,2.3664306817633447,0.004617493472225786,0.010408326661329063,0.07473563875,0.008495638781727934,0.005419469375999999,0.09217178951136804,0.279251747463715,0.0007576439731785526,0.48828125,2.26083811771144,63.765479729828954
0.08336894553223985,0.08340231313234804,-0.7669721543461,0.5502156675703946,3.9118873131315093,2.888909766225903,0.005417186002438793,0.016813450760608487,0.09993095075,0.007013154205984911,-0.0079229493768,0.08374457717359919,0.3708584635679763,0.0004886279950380002,0.48828125,2.3623647568077586,70.31777141864826
0.0776527108695854,0.07768379060301699,-0.6045893542413957,1.2055972335417824,3.4899858732470546,2.6578882565479542,0.005135936740711751,0.013610888710968775,0.07106931275,0.006040565388343569,-0.003259123033600001,0.07772107428711705,0.40419137381525927,0.0005496943090676975,0.9765625,2.566557125215362,46.60551730974046
0.061758408403622164,0.0617831265988899,0.10745460752630613,1.8808667781698345,3.1076829926858753,2.478249668424933,0.0032581303809939193,0.01200960768614892,0.04709118650000001,0.003819146656362482,-0.002246251947999999,0.061799244787962275,0.23203064931646897,0.00030832992732901537,0.48828125,2.4015767468394564,79.74122226051583
0.1292546888141639,0.1293064217315101,0.8148301893618514,1.6107479083035452,2.99101067974536,2.453516471694727,0.005579014756724311,0.01200960768614892,0.11194329775,0.016732812044501173,0.0051026918440000004,0.12935537114670256,0.33423780320440877,0.0015476024724912923,0.48828125,2.0915428950218073,84.50796500554769
0.11260484124013138,0.11264991021981872,-1.4426246780487355,3.3059616966013188,3.1415769355544962,2.3488296202722663,0.00898467242332424,0.021617293835068056,0.06500273975000001,0.012752330460847441,-0.008513529828,0.11292621688893789,0.22610440066482565,0.0008479477125465489,0.48828125,2.639261437550907,32.1498790133282
0.07399320975952356,0.07402282481364492,-2.1731335554947386,9.43113369690592,2.299191019140186,1.7857606571970344,0.006397013128601803,0.01521216973578863,0.056568694,0.005485927157371308,0.0033063676224000006,0.07406704501579166,0.2932352453081128,0.00038915619587203017,0.48828125,2.730656717725851,28.37111081872285
0.10703409975516683,0.10707693910039029,1.293946433776638,3.8278439079145707,3.3166419633332493,2.509835878523132,0.0070353974187048795,0.01921537229783827,0.10988807749999999,0.011466641695970352,-0.0032160823327999992,0.10708240609908964,0.18335063279262098,0.00036199144108477334,0.9765625,2.2967231809523634,64.63032027159659
0.1261320852391447,0.1261825683651361,0.8629718950786481,2.0447963668774145,3.6002767024478555,2.6126159816050247,0.011322450993801641,0.020816653322658127,0.12947588,0.015910533888834857,0.001109487295999999,0.12613696479951805,0.28416896382258217,0.0010306062889679727,0.48828125,2.9337004691058346,47.75098256932219
0.05037645128803986,0.05039661396696926,-1.2873371617184024,8.35111559179937,2.283451699896503,1.8517876105175821,0.005647934798444344,0.008006405124099279,0.0169102825,0.002538416842845127,0.0007937244287999998,0.05038270380641681,4.656000000000001,0.00016912883715577767,0.48828125,2.549263687587537,38.57713333859018
0.002476831989815965,0.0024778233174481395,1.1265024964237609,0.5408265735905537,3.12436381087065,2.8807421165669296,1.9808799883760333e-05,0.0032025620496397116,0.00297703875,7.15412995781568e-06,0.0010096698728000002,0.0026747205382648257,0.6719999999999997,1.0055736697713097e-07,0.48828125,0.7521066675101447,199.4322110837691
0.020097498351344452,0.020105542177302448,0.2135262420932186,1.9654919364587737,2.5331945663940165,2.291371449201962,0.0008490199019391477,0.0032025620496397116,0.01008138775,0.00040567101024918716,-0.0013272416008,0.020141276281536558,4.216,2.062075454462166e-05,0.48828125,2.200919837533278,90.10524054614025
0.045795058601016986,0.045813387622603806,0.3036489660450497,0.10558976479795623,3.5799469201493133,2.8187955795538526,0.002867374550956501,0.010408326661329063,0.067689689,0.002097187593362651,1.4180693600000183e-05,0.045795060796582104,0.5440490173994742,8.74263446369853e-05,1.46484375,2.5054414595427654,70.33783129793304
0.10345311190878025,0.1034945179988547,0.011859626051373964,1.0758048324861162,3.3152232475008274,2.6006990842811093,0.006557436350880283,0.01200960768614892,0.125362675,0.010702552383958374,-7.759089999999915e-05,0.10345314100576344,0.23907822987465835,0.0008047017097992531,0.48828125,2.5375246360211685,83.09033024147409
0.09406568529869123,0.09410333416363624,0.37234911368524,3.062260011209019,2.8722414469559965,2.1240423402030792,0.007343673887707625,0.025620496397117692,0.0819252895,0.008977617304074155,0.011369439448,0.09475028920311618,0.23681216184985096,0.00042594162856766655,1.46484375,2.693105601785281,27.82783639630512
0.08116042028722449,0.08119290394683501,-0.6455138173054887,1.6221943048559053,3.48228717556708,2.5484193783123326,0.006347973454958408,0.02321857485988791,0.096436671,0.006595331866523613,-0.0028841021695999998,0.08121164858887925,0.2383677830580299,0.0006482277160864464,0.9765625,2.6007799280804482,54.23226232252147
0.09341793201776413,0.09345532162583225,-0.20535675895732355,1.333928573555605,3.4955334991326903,2.589252039848192,0.006238443741557994,0.018414731785428344,0.103318372,0.008731461078244233,-0.0021333203624,0.0934422874197985,0.26220879951949466,0.00040123216136953027,0.48828125,2.7168684738460156,56.55012358043433
0.089177635951659,0.08921332842295071,-0.38060672317825045,2.342398394968872,3.1000115279005023,2.4238683031255164,0.004842837784328417,0.016012810248198558,0.09171405575,0.007953173334548636,-0.0007228973799999984,0.08918056590170662,0.22155811878601966,0.0007132562430242143,0.48828125,2.2692112426256075,96.54529189224303
0.12213796114856174,0.12218684566568759,0.33322851002408915,1.7549699143476696,3.128653727156656,2.4767370820146812,0.005871628212383267,0.012810248198558846,0.1058303145,0.01501786053261177,0.010008944953600002,0.12254738076601951,0.36738112211828317,0.0006897274473516357,0.48828125,2.2736256044664716,61.59145301260051
0.12762197843341463,0.12767305787449665,0.7754861280223582,1.0034831768428525,3.4431519077905426,2.7646102051877692,0.005489484196029372,0.01200960768614892,0.133370206,0.016316187272153802,-0.005368229959199999,0.12773483186724677,0.48499896907106926,0.0012143760785117178,0.48828125,1.9495955383724084,85.13811844877357
0.0793738455894398,0.07940561419010722,0.38629717048246126,-0.2680972183018415,4.147117305306595,3.070493404110998,0.005234366814150972,0.01921537229783827,0.09147960375,0.006342600129896023,0.0065109727568,0.07964044280323926,0.3015055555043721,0.0005026675936060861,0.48828125,2.5626380165859914,62.97127452442983
0.07824135602758885,0.07827267136045271,0.6806156188162639,0.7071874463662415,3.8032794459334296,2.700032492242334,0.006117056228899602,0.02321857485988791,0.08782457975,0.006142169227182339,0.0045232106016000004,0.07837199261970018,0.23666777635249875,0.0005335005029265334,0.9765625,2.6384106900632647,26.401208043901644
0.08694849535424334,0.08698329563394543,2.348821796667163,11.110349466511575,2.1424400555746668,1.6011879028012421,0.007546212341239063,0.016813450760608487,0.05030973675,0.007561638570864814,0.0012640120640000003,0.08695768264428862,0.3475721507831144,0.0005325525879787124,0.48828125,2.828959301126239,26.814713439232712
0.11235720295314404,0.11240217281804375,1.4232859917312983,4.472700008800239,3.1303338032270407,2.3690235940551108,0.009128682596021074,0.012810248198558846,0.13109626024999999,0.012632133555387025,-0.0028271009768000006,0.11239276469322669,0.22344216253876528,0.0009409378305129154,0.48828125,2.771607292989048,49.80611978431131
0.06395526822670244,0.06398086569349751,-0.3306724159089138,0.254439401665711,3.879966331462435,2.9543351885871783,0.0036393014193554863,0.013610888710968775,0.07675578425,0.004135121794140946,0.0066966753088,0.0643049126750122,0.3519752057383381,0.0002366071238189551,0.48828125,2.401372801772429,50.41327999548543
0.09584989528920207,0.09588825826663934,-1.7394169588745088,6.050769835074039,2.992176198543944,2.258598397906957,0.005610927152928274,0.018414731785428344,0.09151938174999999,0.009187204935970002,-5.0090108799998846e-05,0.09584990837747318,0.2980762562591233,0.0009946566329166796,0.48828125,2.2325458493458847,58.980838119600676
0.10031646693772249,0.10035661761651153,-0.913725579998158,6.494985245237469,2.5041997471883115,1.9361387243188148,0.008806151386706594,0.016012810248198558,0.0759149395,0.010119351377968445,0.007480497249599998,0.10059498684312476,0.24898338754368188,0.0006974662707124064,1.46484375,2.8753747467351434,28.370782799514764
