15_2,15_7,15_11,15_10
1.0,1.0,1.0,2.0
0.2088605313657326,-0.096204505211612,0.0268796624902077,7.40183761996892e-05
0.2110524146096896,-0.1018624013659073,0.0361921175751841,-0.0089694165202861
0.2133474251129336,-0.10746771531646,0.0457920066936743,-0.0178977053761407
0.215707440215821,-0.1128105619249988,0.0555339440357701,-0.0264970191047015
0.2180927349605656,-0.1176875201889964,0.0652453483738734,-0.0345601864389129
0.2204619338488052,-0.1219062830667334,0.0747221277051006,-0.0418903736838347
0.2227718679681919,-0.1252897968263463,0.083725901316728,-0.0483044788390481
0.2249773658463457,-0.1276797854926851,0.0919831213033653,-0.0536361873131258
0.2270310110174186,-0.1289395891536089,0.0991863824859747,-0.0577386379505027
0.2288829010154753,-0.1289562800666071,0.1049981191095604,-0.0604866503609991
0.2304804422427688,-0.1276420552896439,0.1090567808938171,-0.0617784694887158
0.2317682143498505,-0.1249349364124867,0.1109854628983971,-0.0615369922858446
0.2326879376016242,-0.1207988336759156,0.1104028368961334,-0.0597104543819831
0.233178577684635,-0.1152230517864826,0.1069361008924614,-0.0562725706986485
0.2331766242997031,-0.108221327293401,0.1002355330851786,-0.0512221413128691
0.2326165817570031,-0.0998304924824255,0.0899901123495145,-0.0445821506752624
0.2314317100448086,-0.0901088589775049,0.0759435548252842,-0.0363984030052838
0.2295550513525685,-0.0791344066813379,0.0579100209869372,-0.0267377484384341
0.2269207675837182,-0.0670028517067009,0.0357886755932414,-0.0156859632138643
0.2234657973101967,-0.0538256521354183,0.0095762407655638,-0.0033453533443187
0.219131815357525,-0.0397279942914162,-0.0206233219647524,0.0101678447335482
0.213867445888293,-0.0248467857736504,-0.0545928216384419,0.0247261910131242
0.2076306435292936,-0.0093286653223454,-0.0920002582595602,0.04019382104332
0.2003911215311104,0.0066719757200017,-0.1324021976545309,0.0564292049216722
0.1921326768352085,0.0229949787954138,-0.1752523908541937,0.0732878191447932
0.1828552446820548,0.0394764380437784,-0.2199155978064398,0.0906246720367139
0.1725765140419886,0.0559507859689676,-0.2656861906533346,0.1082966330934719
0.1613329513783292,0.0722529729160143,-0.3118107156237145,0.1261645274693008
0.1491801129729163,0.0882207579929298,-0.3575132418188367,0.1440949683780775
0.1361921715779666,0.1036971108676039,-0.4020220769405773,0.1619619119194589
0.1224606360306483,0.1185326974181536,-0.4445963259740947,0.1796479302200596
0.1080922966211589,0.1325883882671197,-0.4845508232275003,0.1970452089259183
0.0932064790072822,0.1457376923390819,-0.5212781625210418,0.2140562830555437
0.0779317311598544,0.1578689876835709,-0.554266839586693,0.2305945307527866
0.0624020983358147,0.1688874105260593,-0.5831148504979929,0.2465844482043251
0.0467531587937546,0.1787162763577879,-0.607538414794115,0.2619617318333145
0.0311179977839851,0.1872979394266929,-0.6273757834000923,0.276673196308967
0.0156232907875673,0.1945940391731458,-0.6425863357198528,0.2906765587420575
0.0003856518201947,0.2005851250312583,-0.6532453630712856,0.3039401201631905
-0.0144916178371588,0.2052696896646985,-0.6595350780277933,0.3164423745746617
-0.0289212677590533,0.2086626731907854,-0.6617324854037981,0.3281715734263541
-0.0428342331428449,0.2107935265901419,-0.6601948065423804,0.3391252694461962
-0.0561810972698875,0.2117039410470986,-0.6553431711703838,0.3493098583236388
-0.0689328326894669,0.211445361460618,-0.6476452875501457,0.3587401292199546
-0.0810807915004512,0.2100764071553111,-0.6375977783698008,0.367438824750308
-0.0926359344993087,0.2076603214446475,-0.6257088310679233,0.3754361981396963
-0.1036273090045612,0.2042625646863001,-0.6124817584517773,0.3827695412932682
-0.1140998067172851,0.1999486532914979,-0.5983999977650863,0.3894826448957513
-0.1241112572441015,0.1947823304165395,-0.583913993075803,0.3956251424231177
-0.1337289408634894,0.1888241338214681,-0.569430308334849,0.4012516853941
-0.1430256356621967,0.1821304041515513,-0.5553032105996276,0.4064208980253728
-0.1520753476437219,0.174752754352072,-0.5418288503199276,0.4111940662314072
-0.1609489045427823,0.1667379994163954,-0.5292420543067666,0.4156335291494935
-0.1697096203686179,0.1581285259663976,-0.5177156425332192,0.4198007612705672
-0.1784092532495346,0.1489630635941387,-0.5073620865510999,0.4237541591184868
-0.1870844797836462,0.1392778046373844,-0.4982372480826678,0.4275465762652776
-0.1957540923330034,0.1291078063412629,-0.4903458733654116,0.4312226812948455
-0.204417091263756,0.1184885993569238,-0.4836484735511251,0.4348162419210137
-0.2130517941192266,0.1074579192171431,-0.4780691946299695,0.4383474621887748
-0.2216160224228884,0.0960574725603209,-0.4735042717560312,0.441820516770621
-0.2300483602265653,0.0843346473022097,-0.469830671300698,0.4452214357918541
-0.2382704132529591,0.0723440760281754,-0.4669145475076511,0.4485164948719786
-0.2461899395521066,0.0601489653219324,-0.4646191768729602,0.4516512579839342
-0.2537046765420902,0.0478221109815831,-0.4628120797250893,0.4545504053924176
-0.2607066578203057,0.0354465297564353,-0.4613710922660656,0.4571184556440153
-0.267086797087219,0.0231156515466334,-0.4601892108379282,0.4592414598675707
-0.2727395152788728,0.0109330312822416,-0.4591780906268067,0.4607897092445832
-0.2775671987664734,-0.0009884432441362,-0.4582701408227076,0.4616214534041866
-0.2814842986349388,-0.0125278523694293,-0.4574192154462904,0.4615875799204285
-0.2844209104429546,-0.0235580383719397,-0.4565999524578855,0.4605371545498442
-0.2863257072069524,-0.0339478540993981,-0.4558058626774989,0.4583236701342696
-0.2871681328632226,-0.043564806456468,-0.4550463137933729,0.4548118012745418
-0.2869397974921809,-0.0522780144623556,-0.4543425925079657,0.4498844142835749
-0.2856550487006926,-0.0599613842483881,-0.4537232588207712,0.4434495401118221
-0.2833507260516749,-0.0664968898408716,-0.4532190298630605,0.435446984649841
-0.2800851376645819,-0.0717778392989275,-0.4528574460856208,0.4258542289224343
-0.275936329922605,-0.0757120013348285,-0.4526575797067013,0.4146912641171975
-0.2709997515152735,-0.0782244689455576,-0.4526250440965331,0.4020240160178234
-0.2653854396619596,-0.0792601448267969,-0.452747553169929,0.3879660429777942
-0.2592148763767267,-0.0787857486790591,-0.4529912617027683,0.3726782435582213
-0.2526176730538803,-0.0767912680985472,-0.4532980906256853,0.3563663864784407
-0.2457282403372913,-0.0732908007015411,-0.4535842061013376,0.3392763782123532
-0.2386825866948154,-0.0683227628420936,-0.4537397786179923,0.3216873134220377
-0.2316153648100999,-0.0619494668164991,-0.453630099994335,0.3039025101558629
-0.2246572529359471,-0.0542560912740838,-0.4530980837349304,0.286238909809464
-0.2179327228113418,-0.0453490873361185,-0.4519681191031715,0.2690154015233431
-0.211558210921099,-0.0353540758608856,-0.4500511929588106,0.2525407729107609
-0.2056406795567472,-0.0244133006797496,-0.4471511372253761,0.2371020496140548
-0.2002765310344406,-0.0126827099747723,-0.4430718053676337,0.2229539447143926
-0.1955508238942934,-0.0003287443410287,-0.4376249302427138,0.2103100124612939
-0.1915367339520948,0.012475084024009,-0.4306383699779762,0.1993359280270741
-0.1882952046167747,0.0255517311301989,-0.4219644098597377,0.1901451323349167
-0.1858747381601282,0.0387241856915271,-0.4114877583359224,0.1827969110273163
-0.1843112906122612,0.0518189615942961,-0.3991328562534848,0.1772968299628396
-0.1836282457097658,0.0646694224537439,-0.384870113000105,0.1735993300449096
-0.1838364561240811,0.0771188472664424,-0.3687206942000049,0.1716121924588993
-0.1849343516395565,0.0890231552829245,-0.3507595158215744,0.1712025211693957
-0.1869081230532875,0.1002532211824739,-0.3311161514775764,0.1722038517501921
-0.1897319968467357,0.1106967275868009,-0.3099734354862559,0.1744239823613202
-0.1933686190845497,0.1202595195966124,-0.2875636457426422,0.1776531311331189
-0.1977695677569291,0.1288664438948764,-0.2641622790806519,0.1816720508566925
-0.2028760112263861,0.1364616719207657,-0.2400795879290571,0.1862597728242182
-0.2086195268854973,0.1430085220511342,-0.2156502259634339,0.1912007029680238
-0.21492308889709,0.1484888091688042,-0.1912215335380712,0.1962908512941704
-0.2217022273694316,0.1529017611539989,-0.1671411432341009,0.2013430362523524
-0.2288663539795884,0.1562625508853947,-0.1437446584963308,0.2061909654163296
-0.2363202412333604,0.1586004998408223,-0.1213441327676462,0.2106921493152269
-0.2439656342707852,0.1599570158421991,-0.1002179672794501,0.2147296541399707
-0.2517029653207269,0.1603833330718132,-0.0806026886327913,0.2182127404577012
-0.259433131932007,0.1599381270255757,-0.0626868966894774,0.2210764691896933
-0.267059291983111,0.1586850800713015,-0.0466075110065438,0.2232803835298678
-0.2744886224709679,0.1566904741299761,-0.0324483014239145,0.2248063967533537
-0.2816339861049611,0.1540208853274217,-0.0202405705421529,0.2256560314427255
-0.2884154500994108,0.1507410513520771,-0.00996576432643,0.2258471659507225
-0.294761605204274,0.1469119760482251,-0.0015597215157148,0.2254104492880593
-0.300610639765595,0.1425893278184518,0.005081768805144,0.2243855463718224
-0.3059111332517873,0.1378221789912017,0.0100964517077839,0.2228173718939527
-0.3106225458821327,0.132652122695941,0.0136484840705536,0.220752463018951
-0.3147153951253876,0.1271127921985209,0.0159210416750874,0.2182356285967737
-0.3181711248092512,0.121229795258387,0.0171089647905576,0.2153069955641254
-0.3209816868470143,0.1150210631179678,0.0174117145693867,0.2119995521306437
-0.3231488675671606,0.1084976006184506,0.0170268692964556,0.2083372631900714
-0.3246833993735492,0.1016646112039386,0.016144342413944,0.2043338074512633
-0.3256039039279733,0.0945229588768941,0.014941455744395,0.199991959328167
-0.3259357157688829,0.0870709191481393,0.0135789535589449,0.195303612788282
-0.3257096358333743,0.0793061631348371,0.0121979978165129,0.1902504200822296
-0.3249606630881214,0.0712279132516745,0.0109181434303545,0.1848049962914109
-0.3237267496085266,0.0628392050590326,0.0098362559044013,0.1789326214350332
-0.3220476202078716,0.0541491872236118,0.0090263029428308,0.1725933558076052
-0.3199636924287858,0.0451753895977318,0.008539927209662,0.1657444714961634
-0.3175151266906319,0.0359458874157829,0.0084076895549342,0.1583430937454559
-0.3147410297987714,0.026501286848615,0.0086408606783722,0.1503489400220061
-0.3116788277641523,0.0168964534775988,0.009233634005124,0.1417270424139347
-0.3083638157591297,0.0072019013969328,0.0101656328826343,0.132450340715841
-0.304828884107351,-0.0024952418672404,0.0114045903077308,0.1225020394879565
-0.3011044099156283,-0.0120907788414286,0.0129090884380366,0.1118776325503259
-0.2972182949136797,-0.0214635728375955,0.0146312572905498,0.1005865123881967
-0.2931961218359822,-0.0304763333215656,0.0165193464106679,0.0886530990971688
-0.2890613948115439,-0.0389771052108529,0.0185200990161347,0.0761174428539862
-0.2848358243636954,-0.0468014871247752,0.0205808743383277,0.0630352743720356
-0.2805396154272162,-0.053775574506352,0.022651479881889,0.0494774982507529
-0.2761917177839192,-0.0597195913492927,0.0246856905545647,0.0355291435730213
-0.2718100027443585,-0.064452140701635,0.0266424456668808,0.0212878039788052
-0.2674113376179012,-0.0677949707279833,0.0284867273067417,0.0068616157145157
-0.2630115398987244,-0.0695781214332605,0.0301901342251365,-0.0076331629052039
-0.2586252051839549,-0.0696452888678042,0.0317311738721584,-0.0220748934807497
-0.2542654156412648,-0.0678592205828727,0.0330953014855883,-0.0363395316837846
-0.2499433485393088,-0.0641069401358494,0.0342747392003682,-0.0503037344465627
-0.245667816180266,-0.0583045911970519,0.0352681101893679,-0.0638479942074951
-0.2414447786169808,-0.0504016944842754,0.0360799231395046,-0.0768596911208533
-0.2372768777578958,-0.0403846238797668,0.0367199412548182,-0.0892359552823455
-0.2331630449469633,-0.0282791313184875,0.0372024678112752,-0.1008862367750361
-0.2290982333513144,-0.0141517820709716,0.037545577388688,-0.1117344918669425
-0.2250733215432813,0.0018897991342693,0.0377703185808395,-0.1217209089059725
-0.2210752260683987,0.0196979273251332,0.0378999105550282,-0.1308031167928736
-0.2170872493994756,0.0390871120912273,0.0379589525906133,-0.1389568411292711
-0.2130896763775645,0.0598375313805782,0.0379726628554817,-0.1461759965190051
-0.2090606177051724,0.0816996411873486,0.0379661602120999,-0.1524722264057424
-0.2049770836746024,0.1043997931177453,0.0379638007161576,-0.1578739230983487
-0.2008162553490338,0.1276466901482644,0.037988578602262,-0.1624247795390227
-0.1965569042065065,0.1511384749851953,0.038061599883785,-0.166181940348718
-0.1921808953386004,0.1745702184171427,0.0382016351584971,-0.169213832201777
-0.187674694488528,0.1976415589559036,0.0384247566945192,-0.1715977621353897
-0.1830307867797492,0.2200642390387699,0.0387440632415184,-0.1734173766478793
-0.1782489066860232,0.2415692840954875,0.0391694941931029,-0.1747600743658781
-0.1733369766770719,0.2619135768289792,0.039707732740481,-0.1757144610466418
-0.1683116579248078,0.2808855912274157,0.0403621956171162,-0.1763679284049976
-0.1631984316535981,0.2983100725285227,0.0411331050813559,-0.1768044284735935
-0.1580311541926618,0.314051484168303,0.0420176369986094,-0.1771025036007252
-0.1528510612144524,0.3280160926506472,0.0430101372472309,-0.1773336193396278
-0.1477052344942087,0.3401526251467338,0.0441023971433207,-0.1775608339244261
-0.1426445844973334,0.3504515072825171,0.0452839772046954,-0.1778378243108608
-0.1377214405377646,0.3589427617381827,0.0465425674938956,-0.1782082754379739
-0.1329868734580749,0.3656927135037169,0.0478643721513844,-0.178705626931014
-0.1284879003682717,0.3707996988984263,0.0492345056491667,-0.1793531602620658
-0.124264734365315,0.3743890100343583,0.0506373887821471,-0.1801643995991124
-0.1203482431024822,0.3766073241590092,0.0520571334430704,-0.1811437913253779
-0.1167577689481999,0.3776168697076107,0.0534779067281643,-0.1822876206633375
-0.1134994420811859,0.3775895701854023,0.0548842667591864,-0.1835851191709145
-0.1105650890255244,0.3767013857578427,0.0562614645948879,-0.1850197140956504
-0.1079318060320015,0.3751270432712726,0.0575957085564426,-0.1865703693958708
-0.1055622322728986,0.3730353108892118,0.0588743890536584,-0.1882129682954106
-0.1034055241276707,0.3705849359711915,0.0600862634353555,-0.1899216884133636
-0.1013990000209753,0.3679213263623407,0.0612216013935039,-0.1916703230312706
-0.0994703957762267,0.3651740177297015,0.06227229201242,-0.1934335062198419
-0.097540643436182,0.3624549344823847,0.0632319137719444,-0.195187805367044
-0.0955270621076429,0.3598574203288442,0.0640957688373627,-0.1969126518174037
-0.0933468278085555,0.3574559875194995,0.0648608829090335,-0.1985910883754137
-0.0909205709391528,0.3553067118591658,0.0655259718162835,-0.2002103208637525
-0.0881759356734663,0.3534481839367138,0.0660913759796943,-0.2017620693090973
-0.0850509266100808,0.3519029157475697,0.0665589639327154,-0.2032427222352741
-0.0814968662302806,0.350679095803605,0.0669320064092477,-0.2046533045973428
-0.0774807940669513,0.3497725845835771,0.067215023152157,-0.2059992757315827
-0.0729871567387289,0.3491690452850435,0.0674136055628666,-0.2072901779627314
-0.0680186683750818,0.3488461117020618,0.0675342194610246,-0.208539158915851
-0.0625962642222861,0.3487755050102877,0.0675839933530305,-0.2097623910643967
-0.0567581268261295,0.348925023594366,0.0675704985222026,-0.2109784108227693
-0.0505578330027041,0.3492603440962341,0.0675015278069605,-0.2122073969762276
-0.0440617445724437,0.3497465869087121,0.0673848800469339,-0.2134704049746978
-0.0373458327363564,0.350349614735827,0.067228156837456,-0.214788570235605
-0.0304921683855621,0.3510370479930016,0.0670385774832556,-0.2161822907619252
-0.0235853194766445,0.3517789951962095,0.0668228169555503,-0.2176703976370252
-0.0167088757243398,0.3525485096339124,0.0665868703235263,-0.2192693216862833
-0.0099422820178123,0.3533217951533081,0.0663359456786573,-0.2209922660122165
-0.0033581164496832,0.35407819352926,0.0660743861839279,-0.2228483971952701
0.0029800963355211,0.3547999934077474,0.0658056207599106,-0.224842072290551
0.009019487234454,0.3554721060921926,0.0655321421782855,-0.226972123555532
0.014718847330127,0.3560816564120117,0.0652555109450225,-0.2292312272870629
0.0200490529348006,0.3566175375896773,0.0649763832117819,-0.231605386665448
0.0249929538776983,0.3570699774813969,0.0646945609387333,-0.2340735607846592
0.0295447872061339,0.3574301599416969,0.0644090625430134,-0.2366074727952417
0.0337091922953138,0.3576899395409098,0.064118212220293,-0.239171628880822
0.0374999120038419,0.3578416806806977,0.0638197459676457,-0.2417235761630726
0.0409382683934886,0.3578782435813243,0.063510932048065,-0.2442144212667932
0.0440515011821385,0.3577931299658669,0.0631887032535577,-0.2465896221687375
0.046871053117337,0.3575807908814039,0.0628497979327163,-0.2487900544538
0.0494308794676119,0.3572370883400943,0.0624909064648882,-0.2507533398669353
0.0517658494673976,0.3567598917170271,0.0621088197684108,-0.2524154108678529
0.0539102964804029,0.3561497795015428,0.0617005765263049,-0.253712270525304
0.0558967615162542,0.3554108074637911,0.061263606020656,-0.2545818933028625
0.0577549621234964,0.3545512959643649,0.0607958636759892,-0.2549662000578422
0.059511006061676,0.3535845823849252,0.0602959565400767,-0.254813031043667
0.0611868569052455,0.3525296798516604,0.0597632559509333,-0.2540780349380035
0.0628000471750468,0.3514117808865429,0.0591979945655915,-0.2527263906900479
0.0643636240447614,0.3502625446320607,0.0586013447914554,-0.2507342827326729
0.065886303449354,0.3491201090717828,0.0579754755036459,-0.2480900589295754
0.0673728008131031,0.348028775356572,0.057323583804723,-0.2447950141735889
0.0688243008424982,0.3470383200023512,0.0566498985734574,-0.2408637599327766
0.0702390250944174,0.3462029023082673,0.0559596527870227,-0.2363241598826773
0.0716128545119238,0.3455795487010412,0.0552590222207874,-0.2312168324693632
0.0729399649088428,0.3452262125692127,0.0545550291943572,-0.2255942413370497
0.0742134364113083,0.3451994271103253,0.0538554114824279,-0.2195194128533465
0.0754258029119339,0.3455515892463674,0.0531684581866785,-0.2130643356016675
0.0765695143579074,0.3463279341126577,0.0525028160859831,-0.206308109032217
0.0776372928213603,0.3475632812181982,0.0518672715958328,-0.1993349170024733
0.0786223723396332,0.3492786542308281,0.0512705148698703,-0.1922319063987323
0.0795186218802692,0.3514778954919967,0.0507208936891815,-0.1850870513028034
0.0803205597874779,0.3541444127882561,0.0502261655421601,-0.1779870794022551
0.0810232759960299,0.357238208548894,0.0497932566503908,-0.171015530005413
0.0816222845471881,0.3606933494654819,0.0494280366237188,-0.1642510028501757
0.0821133330956231,0.3644160365645561,0.0491351169483228,-0.1577656447747817
0.0824921979885063,0.3682834311466412,0.0489176806940947,-0.1516239081713701
0.0827544931989504,0.372143380038517,0.0487773497819947,-0.1458816018403166
0.0828955191628781,0.3758151638214096,0.0487140949724542,-0.1405852421506097
0.0829101737796722,0.3790913639091824,0.0487261924477697,-0.1357717008478324
0.0827929429291284,0.3817409087102818,0.048810229437544,-0.1314681357762076
0.0825379822648298,0.3835133161586406,0.0489611597519882,-0.1276921823397272
0.0821392961485149,0.3841441006209126,0.0491724083455836,-0.1244523767336061
0.0815910136887079,0.3833612580296412,0.049436022162023,-0.1217487767802874
0.0808877561495383,0.3808926859963993,0.0497428625841084,-0.1195737425622194
0.0800250846462746,0.3764743380679184,0.050082832963529,-0.1179128369923169
0.0790000121538766,0.3698588561342821,0.0504451331028607,-0.1167458061193312
0.077811559526716,0.3608243756747068,0.0508185313583696,-0.1160476004403647
0.0764613315659543,0.3491831588372968,0.0511916443317505,-0.1157894017529937
0.0749540862927563,0.3347896844373919,0.051553213966106,-0.1159396248381665
0.0732982686484438,0.317547816209894,0.0518923722479627,-0.1164648689744521
0.0715064790745801,0.2974166854771348,0.0521988845984916,-0.117330800240889
0.0695958480919328,0.2744149654949704,0.052463364335472,-0.1185029510978795
0.0675882902739232,0.2486232833360536,0.0526774521873691,-0.119947428398732
0.0655106148445557,0.2201846078361372,0.0528339566056246,-0.1216315246369836
0.063394475219772,0.1893025602739451,0.0529269524202315,-0.1235242299342351
0.0612761457312008,0.1562377064782242,0.052951837102962,-0.1255966441200746
0.0591961201323593,0.1213019935760914,0.052905345453633,-0.1278222893532821
0.0571985329872186,0.0848515826436669,0.0527855248589431,-0.1301773242594229
0.0553304114401025,0.0472783943202778,0.0525916743737181,-0.1326406608031271
0.0536407709720392,0.0090007253377755,0.0523242517324141,-0.1351939854104471
0.0521795744383803,-0.0295466902360188,0.0519847530261539,-0.1378216864784043
0.0509965789183401,-0.0679228087104234,0.0515755702343067,-0.1405106914540028
0.0501400997155603,-0.1056902547939369,0.0510998321526542,-0.1432502180159795
0.0496557252604569,-0.1424248549957867,0.0505612345376274,-0.1460314453213597
0.0495850206394211,-0.1777244861357288,0.0499638654508469,-0.148847112676269
0.0499642608430554,-0.2112170582344555,0.0493120317900911,-0.1516910544878844
0.050823237289659,-0.2425675086947466,0.0486100928131685,-0.1545576821913081
0.0521841823875202,-0.2714837340454928,0.0478623061016573,-0.157441426136339
0.0540608565138947,-0.2977214223967921,0.0470726908570534,-0.1603361530512906
0.0564578395263729,-0.3210877729703343,0.0462449126423561,-0.163234577401749
0.0593700645587597,-0.3414440998915136,0.045382192681152,-0.1661276874416231
0.0627826252309484,-0.3587073184754037,0.0444872436847351,-0.1690042088096174
0.0666708784619056,-0.3728503068580677,0.0435622330426963,-0.1718501300384792
0.0710008539183792,-0.3839011279361697,0.0426087732258445,-0.1746483151662259
0.0757299680944689,-0.3919410906552088,0.0416279384753487,-0.1773782284631421
0.0808080266910391,-0.3971016307081776,0.0406203062691617,-0.1800157947019071
0.0861784841449891,-0.3995600037627759,0.0395860216191019,-0.1825334150818536
0.0917799148165218,-0.3995338137220025,0.0385248819196187,-0.1849001537939125
0.0975476376693629,-0.3972744467247094,0.0374364398059992,-0.187082103419157
0.1034154266400035,-0.3930595486682297,0.0363201212492338,-0.1890429291682833
0.1093172335334144,-0.3871847663956539,0.0351753558817967,-0.190744582788994
0.1151888499442532,-0.3799550594784148,0.0340017162787569,-0.1921481673431425
0.1209694394081849,-0.3716759599424038,0.0327990625895386,-0.1932149247100749
0.1266028800945564,-0.3626451873108916,0.0315676885331461,-0.1939073094487109
0.1320388707703934,-0.3531450037879283,0.0303084643660854,-0.1941901063388018
0.137233767242001,-0.3434356270228263,0.0290229720516728,-0.1940315450346694
0.1421511318169902,-0.3337499257653855,0.0277136275480504,-0.1934043639043448
0.1467619934477831,-0.324289526222361,0.0263837849349047,-0.1922867760736332
0.1510448301116794,-0.3152223664236604,0.0250378170575326,-0.1906632936715448
0.1549852967759378,-0.3066816584165016,0.0236811675185617,-0.1885253711479143
0.1585757314431089,-0.2987661557358375,0.0223203692224078,-0.1858718353038446
0.1618144781516342,-0.291541576345279,0.020963025296428,-0.182709078317458
0.164705069579217,-0.2850429981139328,0.0196177490854367,-0.1790510003405398
0.1672553133089684,-0.2792780236125187,0.0182940610373943,-0.1749186996475683
0.1694763251410977,-0.2742305023287497,0.0170022416366143,-0.1703399200173559
0.1713815503751564,-0.2698646001020353,0.0157531410281766,-0.1653482761260492
0.1729858101096135,-0.266129016352479,0.0145579475237866,-0.1599822875031482
0.1743044047079249,-0.2629611680527729,0.0134279187261997,-0.1542842596248723
0.1753523010691947,-0.260291183717853,0.0123740805520746,-0.148299056863628
0.1761434245550358,-0.258045579158027,0.0114069009721553,-0.1420728163272409
0.1766900705419221,-0.2561505174275579,0.0105359467670105,-0.1356516541457612
0.1770024445906761,-0.2545345863979935,0.0097695329061476,-0.1290804164037099
0.17708833412142,-0.2531310570339593,0.0091143751864071,-0.1224015255018458
0.1769529084287828,-0.251879612483565,0.0085752574429758,-0.11565396916971
0.1765986383228748,-0.2507275616316249,0.0081547249526131,-0.1088724736921659
0.176025322191951,-0.2496305701863963,0.0078528155902563,-0.1020868953296481
0.1752302022797672,-0.2485529572746116,0.0076668398889546,-0.0953218546282581
0.1742081536539828,-0.2474676157546874,0.007591220399323,-0.0885966275867535
0.1729519287029208,-0.2463556201852115,0.0076173996590793,-0.0819252957885479
0.1714524418869029,-0.2452055880684491,0.0077338246812239,-0.0753171450598731
0.169699082655417,-0.2440128583294015,0.0079260141777609,-0.0687772896015394
0.1676800486058874,-0.2427785468397321,0.0081767128059704,-0.0623074866712029
0.165382695651949,-0.2415085330247464,0.0084661346489929,-0.0559070966540935
0.1627939065877078,-0.2402124249657725,0.0087722960480237,-0.0495741354844479
0.1599004833032781,-0.2389025435072417,0.0090714358935982,-0.0433063612829786
0.156689570396345,-0.2375929590597123,0.0093385195722366,-0.037102334917561
0.153149118546028,-0.2362986082127355,0.0095478208667196,-0.0309623950252343
0.1492683944782848,-0.2350345109552088,0.0096735741047405,-0.0248894918617955
0.1450385406170082,-0.2338151032611763,0.0096906866657446,-0.0188898311198315
0.1404531818351811,-0.2326536941388875,0.0095754995738412,-0.0129732883951224
0.1355090696420665,-0.2315620511202808,0.0093065813443668,-0.0071535668882106
0.1302067464572512,-0.230550113675105,0.0088655375570488,-0.001448084585071
0.1245512052692617,-0.2296258300602852,0.0082378158831021,0.0041224081767352
0.1185525138907695,-0.2287951093565422,0.0074134836228137,0.00953446493428
0.1122263689807677,-0.228061876576299,0.0063879523767261,0.0147628028173965
0.1055945435278615,-0.2274282146528173,0.0051626224705214,0.0197813421059133
0.0986851927985019,-0.2268945731116697,0.0037454183846239,0.0245643705832804
0.091532987720533,-0.2264600198501029,0.0021511858913968,0.0290877692208126
0.08417905079695,-0.226122510315793,0.0004019220354251,0.0333302312092543
0.0766706771785046,-0.225879147861082,-0.0014731893591589,0.0372744063043681
0.0690608317333014,-0.2257264102361812,-0.0034379611904318,0.040907906914999
0.0614074213780527,-0.2256603200267689,-0.0054496260064038,0.0442241209676212
0.0537723504857287,-0.225676541281044,-0.0074595132072873,0.0472227887813907
0.0462203760000238,-0.225770390467573,-0.0094139882566753,0.0499103163668902
0.0388177880818331,-0.2259367569163449,-0.0112556529323661,0.0522998148689705
0.031630951521282,-0.2261699355158492,-0.0129247954118326,0.0544108738903934
0.0247247522241212,-0.2264633821393553,-0.0143610674207496,0.0562690931139996
0.0181610010337852,-0.226809409575081,-0.0155053531427164,0.0579054098753307
0.011996853226794,-0.2271988481703714,-0.0163017816047636,0.0593552687931631
0.0062833056126443,-0.2276207004541751,-0.016699821418509,0.0606576830591559
0.0010638336808069,-0.2280618221263446,-0.0166563847311445,0.0618542361513787
-0.0036267719615101,-0.2285066625184259,-0.0161378567338144,0.0629880685025785
-0.007763317900981,-0.2289370956796293,-0.0151219588327564,0.0641028870067004
-0.0113308281775697,-0.2293323686915447,-0.0135993483761221,0.0652420271807926
-0.0143248458771641,-0.2296691870533204,-0.0115748564452027,0.0664475892954246
-0.0167514053862373,-0.2299219486207221,-0.0090682685052897,0.0677596617419066
-0.0186266809084715,-0.2300631283829063,-0.0061145615092974,0.0692156380298521
-0.0199763320896361,-0.2300638071284571,-0.0027635261311248,0.0708496285444338
-0.0208345807168889,-0.2298943285185438,0.0009212751300425,0.0726919646666492
-0.0212430626908474,-0.2295250617843949,0.0048642335718276,0.0747687909009145
-0.0212495063959288,-0.2289272415213724,0.0089800854907874,0.0771017399180717
-0.0209062921218056,-0.2280738520408732,0.0131769048975068,0.0797076856017984
-0.0202689475384192,-0.2269405215310859,0.017359581028757,0.0825985701134607
-0.0193946319016412,-0.2255063907731402,0.0214336101407232,0.0857813025187886
-0.0183406573321786,-0.223754922073757,0.0253089873841342,0.0892577283671482
-0.0171630898502699,-0.2216746160624025,0.0289039639900748,0.0930246713420623
-0.015915466480627,-0.2192596068758167,0.0321484439798759,0.0970740492259708
-0.0146476581807502,-0.216510110069797,0.0349868289205456,0.101393066584368
-0.0134049019571013,-0.2134327025043227,0.0373801682349843,0.10596448570647
-0.0122270195020872,-0.210040419474316,0.0393075261242449,0.1107669756812554
-0.0111478340326223,-0.2063526612972471,0.040766527838008,0.115775537355974
-0.010194791644733,-0.2023949089844108,0.0417730945412292,0.1209619994393943
-0.0093887882607552,-0.1981982559752251,0.0423604158052065,0.1262955781353425
-0.0087441979895971,-0.1937987697279189,0.042577241109951,0.1317434895384431
-0.0082690933967864,-0.1892367029447747,0.042485596513106,0.1372716010005344
-0.0079656428756674,-0.1845555792807352,0.0421580500162511,0.1428451052547467
-0.0078306652183527,-0.1798011825761555,0.0416746595677589,0.1484291995334473
-0.0078563168658447,-0.1750204819995389,0.0411197416204658,0.153989751287502
-0.0080308834733839,-0.1702605279537175,0.0405785963228287,0.1594939323870153
-0.0083396446605824,-0.1655673550993695,0.0401343184529237,0.164910804864008
-0.0087657793548644,-0.1609849292191125,0.0398648118591752,0.1702118433728897
-0.0092912790815445,-0.1565541736494902,0.0398401102336511,0.1753713825764634
-0.0098978378613309,-0.1523121084569388,0.0401200893029121,0.1803669814530443
-0.0105676898636852,-0.1482911314318159,0.0407526357506263,0.1851797006481254
-0.0112843693293622,-0.1445184645350773,0.0417723171206347,0.1897942927526669
-0.0120333711494262,-0.1410157829357823,0.0431995753230129,0.1941993080169504
-0.0128026945288736,-0.1377990364364497,0.0450404449961695,0.1983871191567152
-0.0135832561400714,-0.1348784650568717,0.0472867777858046,0.2023538688814236
-0.0143691629926528,-0.1322588020792224,0.0499169355190123,0.2060993432647033
-0.0151578389101139,-0.1299396493784335,0.052896900092777,0.2096267737245265
-0.0159500020227208,-0.1279160019629048,0.0561817362536997,0.2129425705631823
-0.0167494940713263,-0.1261788919792707,0.0597173356330327,0.2160559918802626
-0.0175629656246171,-0.1247161175879221,0.0634423664396235,0.2189787532330905
-0.0183994246910653,-0.1235130195423084,0.0672903528469443,0.2217245856405603
-0.0192696598467544,-0.1225532682103874,0.071191810802758,0.2243087522842521
-0.0201855530177338,-0.1218196260545043,0.0750763719550219,0.2267475371872391
-0.0211593014047713,-0.1212946548271164,0.0788748337669912,0.229057721535699
-0.022202572498739,-0.120961342339705,0.0825210810347322,0.2312560643237349
-0.0233256203683595,-0.1208036299862154,0.0859538315990681,0.2333588031673267
-0.0245363950585166,-0.1208068287284702,0.0891181669308768,0.2353811885745734
-0.0258396797476775,-0.1209579176164023,0.0919668163182541,0.2373370612576558
-0.0272362920957798,-0.1212457248522626,0.0944611713838709,0.2392384779625362
-0.0287223868079829,-0.1216609966481338,0.0965720154155531,0.241095387465197
-0.0302888956637177,-0.1221963633832903,0.0982799593971556,0.2429153553835838
-0.0319211389563009,-0.1228462155975147,0.0995755836606618,0.2447033346409421
-0.0335986383824744,-0.1236065040376113,0.1004592907706784,0.2464614779843155
-0.0352951559308803,-0.1244744783570144,0.100940881628202,0.2481889899844331
-0.0369789763315888,-0.12544837837945,0.1010388728271515,0.2498820183162452
-0.0386134423042245,-0.1265270904602657,0.1007795789471983,0.2515335873851483
-0.0401577423902746,-0.12770977988854,0.1001959886536513,0.2531335806171598
-0.0415679407809859,-0.1289955089178386,0.0993264681722219,0.2546687798950432
-0.0427982274664608,-0.1303828492023153,0.0982133298713618,0.2561229709832907
-0.0438023555707111,-0.1318694972660507,0.0969013071849443,0.2574771222854373
-0.0445352214413092,-0.1334519020464747,0.0954359797308518,0.2587096413420519
-0.0449545325937278,-0.1351249141925316,0.0938621940334451,0.2597967096713626
-0.0450224996276765,-0.1368814672041504,0.0922225256745964,0.260712692380052
-0.0447074813508405,-0.1387123003380639,0.0905558280779051,0.261430614833889
-0.043985508158112,-0.1406057324593073,0.088895911662841,0.2619226949190451
-0.0428416077765756,-0.1425474949371661,0.087270394935509,0.2621609163676072
-0.0412708602369688,-0.144520630579486,0.0856997662279386,0.2621176265414858
-0.039279115615376,-0.1465054646711122,0.0841966911452846,0.261766141057864
-0.036883318715662,-0.1484796534609934,0.0827655961114595,0.2610813374655376
-0.0341113991915237,-0.1504183148125723,0.0814025524263037,0.2600402204147411
-0.0310017031164868,-0.152294245002777,0.0800954776756651,0.2586224411456335
-0.0276019618898284,-0.1540782246203616,0.0788246620080099,0.2568107547810558
-0.0239678155451314,-0.1557394149476589,0.0775636157498939,0.2545914001685646
-0.0201609287590629,-0.1572458438419719,0.0762802223445102,0.2519543890765957
-0.016246757848115,-0.1585649767529431,0.0749381671541712,0.24889369441624
-0.0122920446012634,-0.1596643641686949,0.0734985989625623,0.2454073307583575
-0.0083621269764573,-0.1605123518521335,0.07192196786553,0.2414973246633749
-0.0045181668547825,-0.1610788352462651,0.0701699715086605,0.2371695771206022
-0.0008144008866769,-0.1613360348900555,0.0682075321736861,0.2324336254932392
0.0027044780298,-0.1612592660061068,0.0660047208805369,0.2273023174407988
0.0060057036264718,-0.1608276729837269,0.0635385422627133,0.2217914138755262
0.0090704844169211,-0.160024898663918,0.0607944961665709,0.2159191415845291
0.0118956265170382,-0.1588396594486053,0.0577678391120694,0.2097057182576858
0.0144946507701462,-0.1572662004473103,0.0544644808751404,0.2031728730146509
0.0168983354640434,-0.1553046100012834,0.0509014679200976,0.1963433840713997
0.0191546291552208,-0.1529609795110544,0.0471070251378216,0.1892406521259246
0.0213278934272813,-0.1502474017965931,0.043120148865168,0.1818883237575634
0.0234974533921507,-0.1471818084371551,0.0389897658096928,0.1743099740866735
0.0257554548441051,-0.1437876530339704,0.0347734926635986,0.166528852601133
0.0282040513259297,-0.1400934527545259,0.030536048545277,0.1585676908937901
0.0309519716225072,-0.1361322047312399,0.0263473861455389,0.1504485665334209
0.0341105475248429,-0.1319406969243262,0.0222806173271053,0.1421928138215056
0.0377893118777091,-0.1275587350521427,0.0184098150415885,0.1338209700789996
0.042091306418553,-0.1230283083768667,0.0148077759405407,0.1253527455478097
0.0471082659651198,-0.1183927177702741,0.0115438270159675,0.1168070059981128
0.052915868131782,-0.113695689739883,0.0086817550779291,0.108201759479543
0.0595692538938771,-0.1089804999911087,0.0062779301188502,0.0995541418749119
0.0670990320777389,-0.1042891295848143,0.0043796831291917,0.0908803994350938
0.0755079786504638,-0.099661475803181,0.0030239864245896,0.0821958697684428
0.0847686282062138,-0.0951346384793564,0.0022364708412028,0.0735149654267531
0.0948219291114584,-0.0907423007279714,0.0020308000747308,0.0648511660045284
0.1055770943207052,-0.0865142205666175,0.0024084086970334,0.0562170254028544
0.116912726141044,-0.0824758466762442,0.0033585975321971,0.0476242005425287
0.1286792251169514,-0.0786480675010393,0.0048589684691145,0.039083506320108
0.1407024127349776,-0.0750470982125793,0.0068761706127649,0.0306049990122339
0.1527882120742203,-0.0716845050441803,0.0093669210052833,0.0221980868634314
0.1647281542317037,-0.0685673614291583,0.0122792560501203,0.0138716627951916
0.1763054279738647,-0.065698525474665,0.0155539644030154,0.0056342508357976
0.1873011745888025,-0.0630770237489854,0.019126148699568,-0.0025058443692556
0.1975007457969839,-0.0606985223901005,0.0229268623158675,-0.0105403965192665
0.2066996786915932,-0.0585558635010776,0.0268847685147947,-0.018461136333318
0.2147091870929692,-0.056639643032933,0.0309277726979624,-0.0262596598546445
0.2213610160822901,-0.0549388060528672,0.0349845837024605,-0.0339273741881773
0.2265115515494117,-0.0534412364109725,0.0389861666185422,-0.0414554858172133
0.2300451169251811,-0.0521343201552102,0.0428670568598053,-0.0488350337394426
0.2318764236884865,-0.0510054653528273,0.046566512594378,-0.0560569668650154
0.2319521705367023,-0.0500425649721542,0.0500294895658777,-0.0631122627579107
0.2302518088339258,-0.0492343938026389,0.0532074283109509,-0.0699920829847876
0.2267875101065107,-0.0485709345978171,0.0560588485852223,-0.0766879588199904
0.2216033859956703,-0.0480436322571421,0.0585497495659168,-0.0831919994147388
0.214774022969669,-0.0476455775651383,0.0606538174999954,-0.0894971125570117
0.2064024036366007,-0.0473716236057055,0.0623524453619602,-0.095597226039471
0.1966172938184461,-0.0472184384580883,0.0636345721028861,-0.1014874958949396
0.1855701796270598,-0.0471844972726099,0.0644963523467838,-0.1071644867992703
0.1734318415158217,-0.0472700155331404,0.0649406708938344,-0.1126263100580095
0.1603886526251776,-0.0474768235619525,0.0649765200003873,-0.1178727059289641
0.1466386868858168,-0.0478081805283673,0.0646182609647283,-0.1229050596428502
0.1323877187312114,-0.0482685248184184,0.0638847948800006,-0.1277263443135743
0.1178451914583062,-0.0488631569418845,0.0627986703189756,-0.1323409887642007
0.1032202257598025,-0.0495978513706989,0.06138515796291,-0.1367546737352578
0.0887177341144071,-0.0504783948898059,0.0596713235610493,-0.1409740653836443
0.0745347009532254,-0.0515100512670165,0.0576851309317644,-0.1450064996339765
0.0608566833668733,-0.0526969553993015,0.0554546058615168,-0.1488596340352104
0.04785458314197,-0.0540414445662439,0.0530070896510503,-0.1525410848791884
0.0356817383156476,-0.0555433397938959,0.050368607707148,-0.1560580665595587
0.0244713808335937,-0.0571991961442583,0.0475633740816601,-0.1594170479896073
0.0143345054912634,-0.0590015464273044,0.0446134473915792,-0.1626234379812722
0.0053581932077292,-0.0609381678790841,0.0415385473390059,-0.1656813083789344
-0.002395572007249,-0.062991405409345,0.038356034340496,-0.1685931608760158
-0.0088905589276488,-0.0651375878595034,0.0350810478398407,-0.171359741130309
-0.0141163928708024,-0.0673465751324323,0.0317267920077978,-0.1739799022453376
-0.0180880936222907,-0.0695814738851254,0.0283049510627558,-0.1764505189897457
-0.0208450475585638,-0.0717985575718577,0.0248262107392259,-0.1787664541588658
-0.0224494297746997,-0.0739474228645483,0.0213008577765242,-0.1809205788400284
-0.0229841091358193,-0.075971408718558,0.0177394258363185,-0.1829038484974997
-0.022550086798125,-0.0778082964445469,0.0141533540033256,-0.1847054364029219
-0.0212635359824116,-0.0793912989906926,0.0105556229653055,-0.1863129250171258
-0.0192525267098174,-0.0806503352858246,0.0069613341133667,-0.1877125547120625
-0.0166535329368813,-0.0815135712410457,0.0033881981914381,-0.1888895279108259
-0.0136078301492557,-0.0819091934737469,-0.0001430971814501,-0.1898283653720734
-0.0102578980247104,-0.0817673659782083,-0.0036086677446878,-0.1905133098896107
-0.0067439443130941,-0.0810223050965032,-0.0069813818367131,-0.1909287710419676
-0.0032006619078729,-0.0796143956425938,-0.0102309932949786,-0.1910598028067126
0.0002456789958989,-0.077492262201069,-0.0133244650028926,-0.1908926039342871
0.0034797173220778,-0.0746147054761514,-0.0162264815115683,-0.1904150290620022
0.0063989998314773,-0.0709524147192338,-0.0189001399508222,-0.1896170966965357
0.0089154490353555,-0.0664893738304008,-0.021307799015106,-0.1884914784591694
0.0109562819442951,-0.0612238902619404,-0.0234120568253204,-0.187033952592292
0.0124643860305214,-0.0551691913947422,-0.0251768206628948,-0.1852438041187228
0.0133981820937662,-0.0483535514334098,-0.0265684255846345,-0.1831241547182945
0.0137310243962594,-0.0408199320307019,-0.0275567552079895,-0.1806822075671847
0.0134502054557132,-0.032625141014979,-0.028116316762236,-0.1779293959027016
0.0125556454050795,-0.023838534994746,-0.0282272238913177,-0.1748814284541089
0.0110583532011837,-0.0145403122683187,-0.0278760445307445,-0.1715582295064209
0.0089787489013965,-0.0048194611760165,-0.0270564771378663,-0.1679837756185931
0.0063449329324262,0.0052285554040713,-0.0257698261628815,-0.1641858344072876
0.003190980435715,0.0155042873143928,-0.024025256385572,-0.1601956131157426
-0.000444672575385,0.0259068575351427,-0.0218398151292282,-0.156047326030191
-0.0045206981026884,0.0363364960110008,-0.0192382209806167,-0.1517776905364237
-0.0089941613646412,0.0466969513809936,-0.0162524270836551,-0.1474253621474427
-0.0138215974305184,0.0568976943883191,-0.0129209758994198,-0.1430303195382063
-0.0189598666321814,0.066855840278303,-0.0092881701279912,-0.1386332117177769
-0.0243667862282167,0.0764977339975501,-0.0054030909556031,-0.1342746809861543
-0.0300015439291225,0.085760159759406,-0.001318499694228,-0.1299946770856622
-0.0358249054356209,0.094591153773001,0.0029103379828987,-0.1258317796383706
-0.0417992334868838,0.1029504145387486,0.0072268648177975,-0.1218225472107776
-0.0478883402957746,0.1108093189681024,0.0115744422200124,-0.1180009118799657
-0.0540571987882629,0.1181505651509543,0.0158975212856042,-0.1143976377803314
-0.060271540873439,0.1249674742926592,0.0201427423410807,-0.1110398606425536
-0.0664973731962569,0.1312629952658569,0.0242599362600794,-0.1079507227723917
-0.0727004426403379,0.1370484651630607,0.0282030065606247,-0.105149114417563
-0.0788456853255807,0.1423421877923382,0.0319306767165947,-0.102649528351985
-0.0848966937902522,0.1471678987118209,0.0354070919316531,-0.1004620301029011
-0.0908152370676638,0.1515531895549277,0.0386022688468832,-0.0985923417977809
-0.0965608672152046,0.1555279653706325,0.0414923904542589,-0.0970420332532347
-0.1020906436180673,0.1591230057548426,0.044059947031048,-0.0958088097717612
-0.1073590033009469,0.1623686931836597,0.0462937272600415,-0.09488688230478
-0.1123178016093213,0.165293960350482,0.0481886668401222,-0.0942674024335793
-0.1169165428000626,0.1679254934389321,0.0497455647928812,-0.0939389423399833
-0.1211028140141511,0.1702872115954235,0.0509706803004301,-0.0938879988747209
-0.1248229285562886,0.1724000258598762,0.0518752251730437,-0.0940995011174667
-0.1280227754239413,0.1742818646434214,0.0524747687796691,-0.0945573023832462
-0.1306488620921669,0.1759479383475861,0.0527885733349859,-0.095244640180215
-0.1326495274943087,0.177411203517434,0.0528388777988459,-0.0961445507183581
-0.1339762927838227,0.1786829776171037,0.0526501484150927,-0.0972402277397391
-0.1345853093667886,0.1797736498393825,0.0522483132578558,-0.0985153183706478
-0.1344388570729383,0.180693431913834,0.0516599971986143,-0.0999541512810945
-0.1335068402778078,0.1814530955610009,0.0509117725479006,-0.101541894714616
-0.1317682264433472,0.1820646490017673,0.0500294393495622,-0.1032646439936392
-0.1292123700741042,0.1825419122759329,0.0490373480493584,-0.1051094399663243
-0.1258401655811434,0.1829009589118179,0.0479577762184272,-0.1070642215760383
-0.1216649750099335,0.1831603992841926,0.0468103703795054,-0.1091177173659656
-0.1167132809900584,0.1833414888712656,0.0456116638637143,-0.1112592823977351
-0.1110250215915943,0.1834680527814385,0.0443746819953073,-0.113478688877983
-0.1046535720566586,0.1835662264513355,0.0431086466290291,-0.1157658807063924
-0.0976653486458069,0.1836640211643556,0.041818792906691,-0.1181107038833907
-0.0901390220444659,0.1837907316398952,0.0405063116716754,-0.1205026258012103
-0.0821643417204739,0.1839762109508615,0.0391684307911185,-0.1229304565780464
-0.0738405879135691,0.1842500450128939,0.03779864721461,-0.1253820848034791
-0.0652746838695434,0.1846406644182052,0.0363871186082581,-0.1278442386463107
-0.0565790164712662,0.1851744349505879,0.0349212186739356,-0.1303022816090737
-0.0478690273675795,0.1858747692179331,0.0333862538112554,-0.1327400505816112
-0.0392606479752284,0.1867613002389709,0.0317663308559338,-0.135139742400966
-0.0308676595504484,0.1878491537033477,0.0300453567328134,-0.137481853919056
-0.0227990634530373,0.1891483494825442,0.0282081416666448,-0.1397451796138354
-0.0151565466022294,0.1906633554049182,0.0262415688351062,-0.1419068700344575
-0.0080321230542601,0.1923928079273738,0.0241357857526822,-0.1439425538034163
-0.0015060249630894,0.1943294057363162,0.0218853668978398,-0.1458265253732046
0.0043550945072958,0.1964599740600197,0.0194903936704524,-0.1475319999612481
0.0094995966395414,0.1987656900776891,0.0169573970659922,-0.1490314357188099
0.0138918952904476,0.201222453691614,0.0143001106837272,-0.1502969210574887
0.0175130758539111,0.203801383391439,0.0115399868730664,-0.1513006222903141
0.0203610860000374,0.2064694140357856,0.0087064368058071,-0.1520152836818056
0.0224505003283935,0.2091899718056107,0.0058367656977333,-0.1524147690322311
0.0238118705972589,0.2119237008663136,0.0029757867410119,-0.15247463139417
0.0244906811376003,0.2146292161299821,0.0001751107954488,-0.1521726957050876
0.0245459356140138,0.2172638570089599,-0.0025078773555373,-0.1514896381796851
0.0240484067275285,0.2197844184250844,-0.0050113322077657,-0.1504095462642987
0.0230785851313402,0.2221478377334946,-0.0072705143204002,-0.1489204436954377
0.0217243681754192,0.2243118196616963,-0.0092195645713204,-0.1470147664946411
0.0200785335331005,0.2262353857970948,-0.0107934313793318,-0.1446897772812113
0.0182360476359064,0.2278793404317915,-0.0119298899821378,-0.1419479068254291
0.0162912643631749,0.2292066504082882,-0.0125715887104861,-0.1387970131352988
0.0143350756519502,0.2301827425450937,-0.012668055597104,-0.1352505495316125
0.0124520824379402,0.2307757276037113,-0.0121775997004774,-0.1313276341503449
0.0107178611228563,0.2309565638127708,-0.0110690450316421,-0.1270530141498114
0.0091964067825979,0.2306991750688063,-0.0093232405847827,-0.1224569186042518
0.0079378386076941,0.2299805389756087,-0.0069342972614856,-0.1175747946618226
0.0069764546542869,0.2287807583598642,-0.0039105109943147,-0.1124469221140295
0.0063292211104817,0.2270831276128295,-0.0002749406467921,-0.1071179022028935
0.0059947754151659,0.2248742028473483,0.0039343811459081,-0.1016360174743764
0.0059530123881384,0.2221438827610601,0.0086646164395661,-0.0960524610680089
0.006165307915938,0.2188855052323094,0.0138486725692455,-0.0904204364792253
0.006575415804629,0.2150959627986174,0.0194061285759479,-0.0847941331508659
0.007111050638056,0.2107758379937764,0.0252445225546707,-0.0792275898131464
0.0076861437682231,0.2059295568644081,0.0312609769961161,-0.0737734665983267
0.00820373215688,0.2005655558275389,0.0373441318423585,-0.0684817585031383
0.0085594121138967,0.1946964534849248,0.0433763482199965,-0.0633984960213179
0.0086452635169215,0.1883392152854109,0.0492361395166512,-0.0585644917200332
0.0083541262600156,0.1815152953221835,0.0548007804721808,-0.0540142005491717
0.0075840906859147,0.1742507364849181,0.0599490391587792,-0.0497747627894329
0.0062430485292395,0.1665762081436795,0.06456397112505,-0.0458652901050025
0.0042531410330442,0.1585269599487547,0.0685357096807942,-0.0422964390235759
0.0015549367086033,0.1501426714683321,0.0717641814238867,-0.0390702961634924
-0.0018888272290425,0.14146718037796,0.0741616717300485,-0.0361805791865278
-0.0060900984675039,0.1325480767177814,0.0756551611454027,-0.0336131389811222
-0.0110331041375125,0.1234361570753333,0.0761883507860394,-0.0313467330859148
-0.0166728138446465,0.1141847399069196,0.0757232936555834,-0.0293540283035303
-0.0229343749510469,0.1048488509031265,0.0742415502030614,-0.027602781876538
-0.029713594779904,0.0954842947541433,0.0717447915495388,-0.0260571452833829
-0.0368785105076327,0.0861466366037809,0.0682547837739157,-0.0246790323308677
-0.0442720495790256,0.0768901228740166,0.0638127026889308,-0.0234294934653474
-0.0517157426322041,0.0677665769296668,0.0584777519363346,-0.0222700408541128
-0.0590144085595527,0.0588243099116089,0.0523250892910272,-0.0211638735399538
-0.0659616891914275,0.0501070904748022,0.0454431078227782,-0.0200769584662434
-0.072346271182089,0.0416532186029535,0.0379301693525679,-0.0189789309188769
-0.0779585971398817,0.0334947477379306,0.0298909420360842,-0.0178437864623477
-0.0825978388969584,0.0256568959036314,0.0214325399740031,-0.0166503454247486
-0.0860788846364211,0.0181576802163013,0.0126606865366553,-0.0153824802244294
-0.0882390793164453,0.0110078002762252,0.003676117787634,-0.0140291052034688
-0.0889444549606278,0.0042107848737395,-0.0054285873312138,-0.0125839379760757
-0.0880951945476889,-0.0022365960080967,-0.014571606320839,-0.0110450503684856
-0.085630091388798,-0.0083436647542253,-0.0236838042490767,-0.0094142355029225
-0.0815297958848212,-0.0141249382712979,-0.0327099423587641,-0.0076962251096246
-0.075818683506645,-0.0195990323151307,-0.0416091483238981,-0.0058977974051235
-0.0685652306975753,-0.0247874099012285,-0.0503546654314764,-0.0040268205669414
-0.0598808469518883,-0.0297130216527067,-0.0589329259877915,-0.0020912797005497
-0.0499171783676385,-0.0343988896533492,-0.0673420177026351,-9.833596677613896e-05
-0.0388619665186922,-0.0388666881022222,-0.0755896311516291,0.0019465349816882
-0.0269336120862942,-0.0431353740438745,-0.083690591809779,0.0040402819060612
-0.0143746509055257,-0.0472199199076436,-0.091664091457362,0.0061828566797421
-0.0014443972422566,-0.0511301967783645,-0.0995307408845263,0.0083776025956063
0.0115889570813469,-0.0548700534472153,-0.1073095689647073,0.0106314306611657
0.0244564796687176,-0.0584366314313224,-0.1150150927335045,0.0129547718123603
0.0368965579698594,-0.0618199501684929,-0.1226545794149066,0.0153613034083207
0.0486625808221217,-0.0650027891398317,-0.1302256144724728,0.017867459513323
0.0595299635689212,-0.0679608843404926,-0.1377140796955633,0.0204917459501235
0.0693022765861106,-0.0706634451255695,-0.1450926320795732,0.0232538922459784
0.0778162839247632,-0.0730739842599946,-0.1523197580180206,0.0261738824872518
0.0849457514009498,-0.0751514396841177,-0.159339458448292,0.0292709148405395
0.0906039380743101,-0.0768515520345195,-0.1660815994274468,0.0325623443907609
0.0947447384607195,-0.078128448431905,-0.1724629393194811,0.036062665595737
0.0973624926737707,-0.0789363716026283,-0.1783888184355212,0.0397825889180399
0.0984905264935267,-0.0792314850959133,-0.1837554700072075,0.0437282610924058
0.0981985222779029,-0.0789736809919915,-0.1884528838648305,0.0479006702473825
0.0965888542496463,-0.0781283164233769,-0.1923681277670826,0.0522952662876419
0.0937920478905814,-0.076667809294676,-0.1953890078413016,0.0569018145025314
0.0899615430110032,-0.0745730311738861,-0.197407930818282,0.0617044874428311
0.0852679536244489,-0.0718344455328161,-0.1983258182040449,0.0666821877567547
0.0798930250924524,-0.0684529513506137,-0.1980559173673537,0.0718090836559812
0.074023490186206,-0.064440404707303,-0.1965273573713262,0.0770553294385783
0.0678450209841611,-0.0598198037675093,-0.1936883081757629,0.0823879362914543
0.0615364633548831,-0.0546251350783911,-0.1895086196927096,0.0877717536387166
0.0552645258152996,-0.0489008910599202,-0.1839818405070099,0.093170518731979
0.0491790755576413,-0.042701279620657,-0.1771265429736241,0.0985479318836425
0.0434091721766958,-0.0360891566237579,-0.1689869100015722,0.1038687162221613
0.0380599448384229,-0.0291347200872672,-0.1596325674517606,0.1090996233869473
0.0332103919647916,-0.0219140112087276,-0.1491576733212468,0.1142103496986155
0.0289121544678479,-0.0145072713555893,-0.1376792997730593,0.1191743310255045
0.0251892844169314,-0.0069972060957507,-0.125335166055709,0.1239693890911871
0.0220390008420125,0.0005327924714581,-0.1122807992037399,0.1285782075596686
0.0194333932645467,0.0080004147800922,-0.098686214958143,0.1329886229127743
0.0173220019099961,0.0153261455385982,-0.0847322233377523,0.1371937226977196
0.0156351722819154,0.022434871460059,-0.0706064713661013,0.1411917518252898
0.0142880522623327,0.0292573408933277,-0.0564993393181789,0.1449858358421159
0.0131850739210917,0.0357314346819235,-0.0425998066374878,0.1485835381071116
0.0122247416634689,0.04180321212346,-0.0290914002283415,0.1519962752055037
0.0113045349093375,0.0474277019415452,-0.0161483323925166,0.1552386212594368
0.0103257283515421,0.0525694160293372,-0.0039319291010466,0.1583275363763172
0.0091979364820684,0.0572025734843269,0.0074125584388965,0.1612815566356736
0.0078432013796281,0.0613110339175023,0.0177586754153314,0.1641199824303483
0.006199463162487,0.0648879516433408,0.027000946486871,0.166862098875151
0.004223280139018,0.0679351752608761,0.0350564629344439,0.1695264570015655
0.0018916992843467,0.0704624291428369,0.041865833631756,0.1721302383334977
-0.0007967844406623,0.0724863231870753,0.0473934792394819,0.17468871893086
-0.0038222012692431,0.0740292438201653,0.0516272707396106,0.1772148427542704
-0.0071439934581877,0.0751181821145606,0.0545775363123178,0.1797189087672503
-0.0107027588210866,0.0757835538944905,0.0562754834039443,0.1822083718982743
-0.0144227598847368,0.07605806212581,0.0567711042078524,0.1846877549610737
-0.0182150788564468,0.0759756442438331,0.0561306512617285,0.1871586666878474
-0.0219812761931264,0.0755705371363335,0.0544337843152836,0.189619919617288
-0.0256173949092023,0.0748764812610073,0.0517704993063235,0.1920677400351778
-0.0290181438121119,0.0739260740092051,0.0482379548464121,0.1944960601578968
-0.0320810903665475,0.0727502720924252,0.0439373110478422,0.1968968804610079
-0.0347106977133201,0.0713780343162151,0.0389706901398295,0.1992606879323182
-0.0368220505092871,0.0698360900941929,0.0334383587056395,0.2015769144445524
-0.0383441305743235,0.0681488155687915,0.0274362182399009,0.203834418586157
-0.0392225252368951,0.0663381981636855,0.0210536748362403,0.2060219742225907
-0.0394214776737101,0.0644238715485634,0.0143719409820834,0.208128749787071
-0.0389252180305147,0.0624232058721923,0.0074628035670014,0.2101447637904882
-0.037738545123981,0.0603514419884961,0.0003878732766607,0.2120613042420717
-0.0358866594253665,0.0582218624146151,-0.0068016875224328,0.2138713024759931
-0.0334142772144047,0.0560459951559633,-0.0140649777500226,0.2155696550155643
-0.0303840818959261,0.0538338487914768,-0.021370745133708,0.2171534900619481
-0.0268745905491682,0.051594178103361,-0.0286963940694215,0.2186223773568602
-0.0229775313202862,0.0493347790724544,-0.0360266693910753,0.2199784811931475
-0.0187948400276266,0.0470628104172923,-0.043352079172558,0.2212266563533102
-0.0144353922511022,0.0447851363057129,-0.0506671251168478,0.2223744861553663
-0.0100115903749972,0.042508681746896,-0.0579684125473534,0.2234322609960538
-0.0056359239835974,0.0402407888362546,-0.0652527137025796,0.2244128951233612
-0.0014176173103677,0.0379895588148651,-0.0725150582131978,0.2253317791096877
0.0025405301959149,0.0357641621427217,-0.0797469235691851,0.2262065658760658
0.006145014070147,0.0335750968346171,-0.0869345960868,0.2270568893160645
0.0093141214007114,0.0314343745921308,-0.0940577689863685,0.2279040166156804
0.0119799824933475,0.0293556151837909,-0.1010884380942022,0.2287704380355023
0.0140901207125545,0.0273540323193408,-0.1079901469819748,0.2296794006867334
0.0156084593023154,0.0254462989156068,-0.1147176221041276,0.2306543950618502
0.016515761344297,0.0236502858487857,-0.121216825084759,0.2317186044121677
0.0168094983198909,0.0219846755079265,-0.1274254342227905,0.2328943275867012
0.0165031642730265,0.0204684591787326,-0.1332737509876597,0.2342023860130893
0.0156250761935439,0.0191203350992148,-0.138686010308498,0.2356615254614436
0.0142167254501813,0.0179580315588438,-0.1435820565730212,0.2372878233360513
0.0123307663194927,0.0169975860891316,-0.1478793313990321,0.239094112653741
0.0100287415142364,0.0162526168613237,-0.1514951054317188,0.2410894346729814
0.007378648816309,0.0157336251603543,-0.1543488755719211,0.2432785333287574
0.0044524486849179,0.0154473678158535,-0.156364841802658,0.2456614061429724
0.0013236032947271,0.0153963356824971,-0.1574743743882698,0.2482329280085893
-0.0019352742231537,0.0155783689497706,-0.157618382587634,0.2509825659276056
-0.0052545939057005,0.0159864327424901,-0.1567495000409056,0.2538942038910574
-0.0085697323203426,0.016608567816649,-0.1548340096391501,0.2569460969883408
-0.0118227028928912,0.0174280219030366,-0.1518534417977034,0.2601109722131752
-0.0149635219748555,0.0184235581136476,-0.1478057939993745,0.2633562905372618
-0.0179512494487231,0.0195699283435031,-0.1427063351055341,0.2666446811833109
-0.0207546917491244,0.0208384920735668,-0.1365879737980343,0.2699345550527413
-0.0233527636531905,0.0221979545570321,-0.1295011852302316,0.2731809000645619
-0.0257345134818018,0.0236151932265298,-0.1215135025872074,0.2763362566598087
-0.0278988247193736,0.0250561375874284,-0.1127085904658133,0.2793518668187588
-0.0298538154964802,0.0264866661775759,-0.1031849250931905,0.2821789846341849
-0.0316159656386108,0.0278734845157737,-0.0930541132004708,0.2847703308832146
-0.0332090086669478,0.0291849501852444,-0.0824388877789706,0.2870816681197199
-0.0346626327551307,0.030391814941997,-0.0714708255360125,0.2890734662328246
-0.036011039663163,0.0314678585725575,-0.0602878376000741,0.2907126207365584
-0.0372914135811866,0.0323903947822564,-0.0490314914382864,0.2919741772152295
-0.0385423522734108,0.0331406354303313,-0.0378442274806983,0.2928430059261138
-0.0398023108210448,0.0337039058045059,-0.0268665380978783,0.2933153614927503
-0.0411081037883548,0.0340697102146226,-0.0162341789347013,0.2934002548141597
-0.0424935051793011,0.0342316537559403,-0.0060754828188682,0.2931205585148544
-0.0439879777766129,0.0341872323134546,0.0034911557207634,0.2925137641348065
-0.0456155552893076,0.0339375083751334,0.0123595619916711,0.2916323094614771
-0.0473938932142517,0.0334866946586288,0.0204377724863136,0.2905433985383537
-0.0493334982956796,0.0328416706728916,0.0276496888015381,0.28932824534891
-0.051437142383872,0.032011458949363,0.0339363570139989,0.2880806849702977
-0.0536994643304398,0.0310066876929742,0.0392568457681762,0.2869051126196142
-0.0561067629207975,0.0298390650644924,0.0435887063371054,0.2859137307375286
-0.0586369840934178,0.028520887405589,0.0469280073786113,0.2852231065830025
-0.0612599060891096,0.0270645997380102,0.0492889461544504,0.2849500677458553
-0.0639375260492014,0.0254824221318807,0.0507030467458387,0.2852069907164034
-0.0666246504687596,0.0237860504230222,0.0512179643166906,0.2860965681184972
-0.0692696895246773,0.0219864346900645,0.0508959227103597,0.2877061728586667
-0.0718156514971863,0.0200936342873769,0.049811820547814,0.2901019712476635
-0.0742013282831093,0.0181167443999461,0.0480510483866447,0.2933229707364241
-0.0763626565134721,0.0160638862691827,0.0457070661887385,0.2973752196476743
-0.0782342314057132,0.0139422515522628,0.042878796119041,0.3022264043404118
-0.079750942855622,0.0117581907300011,0.0396678904664936,0.307801111545753
-0.0808496962997194,0.0095173359673349,0.0361759383571718,0.3139770377847243
-0.0814711754487811,0.0072247501284286,0.032501678216444,0.320582431204545
-0.0815616006645092,0.0048850953825706,0.0287382859361867,0.3273950413780829
-0.081074435520208,0.0025028165216048,0.0249708114928426,0.334142827851511
-0.079971994462875,8.233526710622732e-05,0.0212738390313939,0.3405066377650113
-0.078226905837952,-0.0023717478237395,0.0177094464940196,0.3461250068278463
-0.0758233863754403,-0.0048544477494692,0.0143255398786757,0.3506011669978948
-0.0727582853604944,-0.0073601907399522,0.0111546333918376,0.3535122596481879
-0.0690418591568414,-0.0098826175398822,0.0082131395277635,0.354420656766624
-0.0646982397952331,-0.0124144019297256,0.0055012220504977,0.3528871876239199
-0.0597655655092466,-0.0149470931951605,0.0030032497634627,0.3484859579801854
-0.0542957470549381,-0.0174709919497142,0.0006888699395017,0.3408203376591844
-0.0483538519207327,-0.0199750688994453,-0.0014853021715485,0.3295395851388799
-0.0420170992867072,-0.022446935767614,-0.0035734065674764,0.3143554799025795
-0.0353734715836344,-0.0248728766736582,-0.0056375305451929,0.2950582500594243
-0.0285199631996701,-0.0272379467916702,-0.007744454126113,0.2715310199804189
-0.0215605025546369,-0.029526143113411,-0.0099620616287775,0.2437619670473111
-0.0146035994470374,-0.0317206496249904,-0.0123555581429257,0.2118533760925262
-0.0077597841157298,-0.033804156161868,-0.0149836509796522,0.1760268247427893
-0.0011389166787671,-0.0357592466387423,-0.0178948704192288,0.1366238348122797
0.0051525454570263,-0.0375688483964928,-0.0211242092081141,0.094101496670428
0.0110142296799864,-0.0392167303541215,-0.0246902549073865,0.049022823446292
0.0163543866667421,-0.0406880338019029,-0.0285929729262457,0.002041916932486
0.0210921961342596,-0.0419698162204556,-0.03281227141814,-0.0461155944577368
0.0251597588966176,-0.0430515855678874,-0.0373074435016752,-0.0946759957333431
0.0285037062138368,-0.0439258001520563,-0.0420175394255652,-0.1428436094381985
0.0310863722638598,-0.0445883076675138,-0.0468626738321094,-0.1898281683922112
0.0328864921505006,-0.0450386964683229,-0.0517462242514118,-0.2348719039895839
0.0338994048725346,-0.0452805329508511,-0.0565578297540112,-0.2772748772775327
0.034136756996409,-0.0453214613080822,-0.0611770565483959,-0.3164172796786889
0.0336257177469302,-0.0451731461013209,-0.0654775629643626,-0.3517777239771484
0.0324077298036834,-0.044851044177674,-0.0693315717396591,-0.3829468796083337
0.0305368327230545,-0.0443740004080497,-0.0726144440852868,-0.4096361339443051
0.0280776082979116,-0.0437636713638078,-0.0752091481121374,-0.4316812546654603
0.0251028099026933,-0.0430437920550697,-0.0770104235403964,-0.4490412737375789
0.0216907510773519,-0.0422393126183104,-0.077928464144553,-0.4617930067135953
0.0179225417450685,-0.0413754434480673,-0.0778919674480931,-0.4701217632190162
0.0138792723381447,-0.0404766575819455,-0.0768504356311229,-0.4743088998292442
0.0096392550915979,-0.0395657069991069,-0.0747756501168733,-0.4747169211802182
0.0052754362307437,-0.0386627138133824,-0.0716622826825271,-0.4717728561170764
0.0008530915738768,-0.0377843972536417,-0.0675276463248768,-0.4659506302559923
-0.003572089337694,-0.0369434922425683,-0.0624106278169192,-0.4577531310062848
-0.0079554391868054,-0.0361484051132993,-0.0563698792730344,-0.4476946202597233
-0.0122641973655737,-0.0354031366556276,-0.0494813765230603,-0.4362840950542822
-0.0164777968717537,-0.0347074825326526,-0.0418354763227431,-0.4240101268558945
-0.0205875372279086,-0.0340574969008521,-0.0335336213721827,-0.4113276250176862
-0.0245956591990648,-0.0334461791851692,-0.0246848511355921,-0.3986468708650331
-0.0285138693280902,-0.0328643212889339,-0.0154022774220575,-0.3863250596448156
-0.0323613921639734,-0.0323014388507208,-0.005799677148294,-0.3746604738859981
-0.0361626532663777,-0.0317467085860545,0.004011658099966,-0.3638892996112505
-0.0399447148878915,-0.0311898427436628,0.0139256936209836,-0.3541849917985391
-0.0437345976470017,-0.0306218469040814,0.0238439431798743,-0.345660001805427
-0.0475566251848882,-0.0300356245806734,0.033677203318473,-0.3383696001510724
-0.0514299248906739,-0.0294264087374316,0.0433466792993352,-0.3323174651787157
-0.0553662067618401,-0.0287920150987547,0.0527844798672029,-0.3274626631253274
-0.0593679252457473,-0.0281329243860534,0.0619334877890371,-0.3237276187146125
-0.0634269069171971,-0.0274522101369184,0.0707466435843257,-0.3210066673212702
-0.0675235019124352,-0.0267553355267166,0.079185709838941,-0.3191747888029411
-0.071626291084199,-0.0260498467489672,0.087219611510089,-0.318096147283872
-0.0756923556039477,-0.0253449922624839,0.0948224718664104,-0.317632098076635
-0.079668092549366,-0.0246512969138553,0.1019714822186731,-0.3176483699190675
-0.0834905396328842,-0.0239801179755647,0.1086447545459784,-0.318021185094628
-0.0870891547949997,-0.0233432068838937,0.1148193080502643,-0.3186421390591599
-0.0903879815952193,-0.0227522962892438,0.1204693327911178,-0.3194217221310773
-0.0933081186634743,-0.0222187273475741,0.1255648560003713,-0.3202914260180601
-0.0957704004413411,-0.0217531274421879,0.130070910531675,-0.321204435476089
-0.0976981869007785,-0.0213651441883323,0.1339472719393989,-0.3221349590476995
-0.099020152400003,-0.0210632379738269,0.1371487930963585,-0.3230763019060165
-0.0996729595692797,-0.0208545325373128,0.1396263255472028,-0.3240378276695843
-0.0996037046909181,-0.0207447210894383,0.1413281777080765,-0.3250409938439967
-0.0987720277217384,-0.0207380240609739,0.1422020244311591,-0.3261146764549412
-0.0971517933882685,-0.0208371935335844,0.142197153080179,-0.3272900227588566
-0.0947322692024226,-0.021043558604438,0.1412669103678006,-0.328595086167406
-0.0915187505003381,-0.0213571051879688,0.139371203242031,-0.3300495044605865
-0.0875326098225223,-0.021776582919725,0.1364789065503191,-0.331659480943678
-0.0828107760092871,-0.0222996308296616,0.1325700396773908,-0.3334133183979992
-0.0774046753122625,-0.0229229123627623,0.1276375928926031,-0.3352777373166535
-0.0713786911250939,-0.0236422493342938,0.121688910326932,-0.3371951828559773
-0.0648082196274212,-0.0244527437526267,0.114746568287963,-0.3390822895001976
-0.0577774149849017,-0.0253488763389764,0.106848722294345,-0.3408296296939574
-0.0503767290382695,-0.0263245711779253,0.0980489306180453,-0.3423028242113919
-0.0427003559546383,-0.0273732173407301,0.0884154931372549,-0.343345039450611
-0.0348436916427268,-0.0284876406086253,0.0780303692699963,-0.3437808416707962
-0.0269009108472746,-0.0296600216782557,0.0669877558222067,-0.343421321795973
-0.0189627523298553,-0.0308817615205374,0.055392413884668,-0.3420703481793872
-0.0111145855893017,-0.0321432997989762,0.0433578336793372,-0.3395317502124989
-0.0034348127642258,-0.0334338981125886,0.0310043188086131,-0.3356171846427568
0.0040063615640557,-0.0347414057885442,0.0184570589174284,-0.3301543907692241
0.011147780359815,-0.0360520313579975,0.005844244862345,-0.3229955020474585
0.0179378101880224,-0.0373501469806221,-0.0067047348455389,-0.3140250517978449
0.0243344654383312,-0.0386181552248206,-0.0190609920400494,-0.3031672917826152
0.0303052153088103,-0.0398364471976321,-0.0310977199797366,-0.2903924370248733
0.0358265170651103,-0.0409834777585558,-0.042691656975714,-0.2757214612859398
0.0408831246166787,-0.0420359774560384,-0.0537244403422285,-0.2592290978882952
0.0454672240749527,-0.0429693121987108,-0.0640838639450956,-0.2410447525557138
0.0495774483011528,-0.0437579911264581,-0.0736650552287109,-0.2213511107870697
0.0532178210462113,-0.0443763116008897,-0.0823715874702284,-0.2003803238130785
0.056396678512892,-0.0447991188347656,-0.0901165404944736,-0.1784077858616838
0.0591256123447253,-0.0450026475894587,-0.0968235185044029,-0.1557436716178863
0.061418473483231,-0.0449654055485213,-0.1024276271161389,-0.132722581692595
0.0632904712733288,-0.0446690530545908,-0.1068764031678965,-0.1096918270186916
0.0647573966642627,-0.0440992321706551,-0.1101306809389961,-0.0869990326587842
0.0658349921490399,-0.0432462994810917,-0.1121653683894902,-0.0649798141520857
0.0665384839496722,-0.0421059213879206,-0.112970098619443,-0.0439462539644123
0.0668822838214759,-0.0406794973826248,-0.1125497163767771,-0.0241767963493432
0.0668798590064051,-0.0389743853007474,-0.1109245579018128,-0.0059080218944298
0.0665437599418119,-0.0370039123344848,-0.1081304848658178,0.0106714076031289
0.0658857871245076,-0.0347871660859417,-0.1042186393695384,0.0254245055897548
0.0649172717738942,-0.0323485707138741,-0.0992548962940233,0.0382674328383271
0.0636494401499221,-0.029717263755526,-0.0933190008406299,0.049168817353729
0.0620938288678935,-0.0269262989646454,-0.0865033918193853,0.0581471458146167
0.0602627184559752,-0.0240117089893237,-0.0789117241855619,0.0652665158409748
0.0581695546619468,-0.0210114684485172,-0.0706571168184743,0.0706310797159938
0.0558293312949629,-0.0179644025279122,-0.0618601632313104,0.0743785298016746
0.053258914102566,-0.014909088277221,-0.0526467535226774,0.0766729767373742
0.0504772916349548,-0.0118827952069043,-0.0431457649760382,0.0776975567469648
0.0475057455290136,-0.0089205086469794,-0.0334866856124814,0.0776470771320227
0.0443679384721527,-0.0060540739920386,-0.0237972390010632,0.0767209723173514
0.041089922702086,-0.0033114929684016,-0.0142010792361093,0.0751167995374249
0.037700074967944,-0.000716395046252,-0.004815622106131,0.0730244561342443
0.0342289655455034,0.0017123013871929,0.0042499275616489,0.0706212519373404
0.0307091695960936,0.0039605321050192,0.0128963009632288,0.0680679224190579
0.0271750293098221,0.0060190368412083,0.0210356016858043,0.0655056229937056
0.0236623750823374,0.0078831263005545,0.0285924234890794,0.0630539033552384
0.0202082134596696,0.0095522841681111,0.0355046308362763,0.0608096242287972
0.0168503887404044,0.0110296283056524,0.0417237941162929,0.0588467481665859
0.0136272240172299,0.0123212606626831,0.0472152812667715,0.057216911585807
0.0105771462101258,0.013435539551072,0.0519580165754499,0.055950667380055
0.0077382984069373,0.0143823106233376,0.0559439259644099,0.0550592760840664
0.0051481415844526,0.0151721339095265,0.0591770959925612,0.0545369183699864
0.0028430464452359,0.0158155434005001,0.0616726808938992,0.0543632019829433
0.0008578746194566,0.0163223728217808,0.0634555979263778,0.0545058413195524
-0.000774453053919,0.0167011764741469,0.0645590559693101,0.0549233968945759
-0.0020234047310427,0.0169587675549307,0.0650229656150225,0.0555679740870247
-0.0028613063524276,0.0170998886618321,0.0648922809205982,0.0563877949355304
-0.0032638343761609,0.0171270208705746,0.064215323474303,0.05732957247286
-0.0032105334365402,0.0170403296420982,0.0630421384819322,0.0583406333069145
-0.002685355906594,0.016837738600073,0.0614229302799774,0.0593707501542849
-0.001677215133582,0.0165151164819779,0.0594066212149819,0.0603736612639763
-0.000180538410083,0.0160665585729057,0.0570395733961658,0.0613082677177848
0.0018041996593629,0.0154847416789103,0.054364507565909,0.0621395121007249
0.0042699871392426,0.0147613310490448,0.0514196472417765,0.0628389526676951
0.0072028547994705,0.0138874184671062,0.0482381092914549,0.0633850556374345
0.010581554314999,0.0128539728698465,0.0448475542328191,0.0637632345097727
0.014377362686559,0.0116522881119848,0.0412701010534961,0.0639656693701361
0.0185540396343761,0.0102744165722038,0.0375225026212158,0.0639909411891559
0.0230679622614487,0.0087135817330164,0.0336165691637718,0.0638435164205439
0.0278684575924655,0.0069645671289191,0.0295598190391981,0.0635331160894276
0.0328983483906133,0.0050240825591604,0.025356328284758,0.0630740013977771
0.0380947206101434,0.0028911106716498,0.0210077436296137,0.0624842049752032
0.0433899117923856,0.0005672375782489,0.0165144183626909,0.0617847335799116
0.0487127087681726,-0.0019430300421053,0.0118766270891232,0.0609987646252727
0.0539897305713508,-0.0046319616722184,0.0070958139654396,0.0601508556661673
0.0591469592021764,-0.007488317777027,0.0021758290805572,0.0592661831087218
0.0641113680047245,-0.0104970915420205,-0.0028758912159922,0.0583698239397247
0.0688125866239307,-0.0136392909405232,-0.0080472423622026,0.0574860921431225
0.0731845345620592,-0.0168917784738089,-0.0133205078929341,0.0566379396020867
0.0771669535796947,-0.0202271885469548,-0.0186715910211409,0.0558464296173227
0.0807067730898682,-0.0236139432430043,-0.0240694552783951,0.055130289636286
0.0837592518893665,-0.0270163860240282,-0.0294758043544389,0.0545055482702912
0.08628885290538,-0.0303950497053633,-0.0348450268187171,0.0539852600463037
0.0882698234934779,-0.0337070702042347,-0.0401244254663137,0.053579319520645
0.0896864704967914,-0.0369067514290627,-0.0452547429805561,0.053294364395396
0.0905331352074119,-0.0399462796713169,-0.0501709853396684,0.0531337652374435
0.0908138872208664,-0.0427765784802605,-0.0548035324916344,0.053097697446902
0.0905419668692113,-0.0453482878020637,-0.0590795132578185,0.0531832893358584
0.0897390127835678,-0.0476128446821513,-0.0629244091987972,0.0533848385406585
0.088434114065286,-0.0495236374226563,-0.0662638411178719,0.0536940874617683
0.086662726040003,-0.0510372008423317,-0.0690254826545577,0.0541005470501238
0.0844654855995667,-0.0521144170942524,-0.0711410385647553,0.0545918571784008
0.0818869578885533,-0.0527216842882503,-0.0725482211946431,0.0551541712069003
0.078974341745994,-0.0528320140835325,-0.0731926575719093,0.055772552272842
0.0757761578909986,-0.0524260197354812,-0.0730296615133454,0.0564313693190323
0.0723409420821514,-0.0514927579805534,-0.0720258099902446,0.0571146819065097
0.068715965735526,-0.0500303915833851,-0.0701602702186771,0.0578066043572014
0.0649460086602465,-0.0480466441018238,-0.0674258328596804,0.0584916416113674
0.061072212147109,-0.0455590240826404,-0.063829616660756,0.0591549911721067
0.0571310447895935,-0.0425948021307169,-0.0593934203846647,0.0597828074609193
0.0531534171136827,-0.0391907308862791,-0.0541537086543959,0.0603624266707644
0.049163983290495,-0.035392504874584,-0.0481612291112951,0.0608825516397977
0.0451806679563971,-0.0312539645738336,-0.0414802687226157,0.0613333972753341
0.0412144527749159,-0.0268360570241442,-0.0341875668770866,0.0617067976194265
0.0372694505206243,-0.0222055739087427,-0.0263709117724818,0.0619962758651932
0.0333432842571925,-0.0174336970754426,-0.0181274542057664,0.0621970786569551
0.0294277761630223,-0.0125943904459425,-0.0095617789439054,0.0623061759475234
0.0255099356376742,-0.0077626854737119,-0.0007837783431823,0.0623222275976143
0.0215732206485402,-0.0030129139651927,0.0080936238586283,0.0622455178419645
0.0175990310780216,0.0015830535120256,0.0169568480614114,0.0620778588135309
0.0135683792632569,0.0059575036671278,0.0256940807678828,0.0618224646328637
0.0094636719654938,0.0100484520678596,0.0341976879616158,0.0614837982180232
0.0052705304365214,0.013801035211554,0.0423665631162258,0.0610673939355699
0.0009795715739898,0.0171686745548881,0.0501083521179071,0.060579660361953
-0.0034119265274094,0.020113972930255,0.0573414977174455,0.0600276685543598
-0.0078985474686664,0.0226093146545269,0.0639970481509503,0.0594189321440296
-0.0124655142625154,0.0246371526478816,0.0700201785477934,0.058761186118571
-0.0170877802750735,0.0261899782078221,0.0753713797639606,0.0580621712733043
-0.0217294831365408,0.0272699811186804,0.0800272772702345,0.0573294309721396
-0.0263438023256262,0.0278884191311953,0.0839810524311411,0.0565701261088177
-0.0308732514883278,0.0280647262118288,0.0872424493858668,0.0557908730726783
-0.0352504257792566,0.0278253980295012,0.0898373619355086,0.0549976081898718
-0.0393992120347606,0.0272027006204768,0.0918070053991565,0.0541954806583733
-0.0432364549263254,0.0262332537881818,0.0932066876113228,0.0533887746087416
-0.0466740551589308,0.024956544346167,0.094104200878387,0.0525808598024406
-0.0496214564142133,0.0234134256639867,0.0945778630838155,0.0517741697381725
-0.051988456746344,0.021644659097755,0.0947142418428613,0.0509702055482992
-0.0536882587337885,0.0196895499016634,0.0946056013651231,0.050169563923775
-0.0546406525567164,0.0175847253698765,0.0943471181259194,0.0493719872906575
-0.0547752092241533,0.0153630964700311,0.0940339190170062,0.0485764344723046
-0.05403434927938,0.0130530361958227,0.0937580044895337,0.0477811700246238
-0.0523761470652606,0.0106777983862695,0.093605129129478,0.0469838702724839
-0.049776733279665,0.0082551901495609,0.0936517226284805,0.0461817437875661
-0.0462321699608369,0.0057974998739784,0.0939619444796543,0.0453716636645349
-0.0417596925145014,0.003311671844087,0.0945849749143306,0.0445503085613958
-0.0363982421184401,0.0007997084512551,0.0955526512814627,0.0437143091861433
-0.0302082463924149,-0.001740727486639,0.0968775617269353,0.0428603968171636
-0.0232706430366308,-0.0043155443067715,0.0985517051564641,0.041985550540796
-0.0156851769477231,-0.0069333254147838,0.1005458168670037,0.0410871400973036
-0.0075680341095617,-0.0096043462773995,0.1028094422064873,0.0401630614355887
0.0009510957854485,-0.0123395455481283,0.1052718161038303,0.0392118622051281
0.0097324125630174,-0.0151494898871875,0.1078435749959004,0.0382328544339242
0.0186297221513497,-0.0180433691347555,0.110419291061841,0.0372262115681084
0.0274943342767646,-0.0210280547228483,0.1128807789114689,0.0361930469140358
0.0361789968319894,-0.024107250103909,0.1151010844828176,0.0351354703663307
0.0445417274139655,-0.0272807579234257,0.1169490274514693,0.0340566201783037
0.052449413577713,-0.0305438848516958,0.118294134316237,0.0329606665214496
0.0597810690375086,-0.0338870014131498,0.1190117715982202,0.0318527838184272
0.0664306516525992,-0.0372952706868628,0.1189882691426022,0.0307390894537229
0.0723093690029456,-0.0407485562439209,0.118125813993047,0.0296265475306674
0.0773474176636284,-0.0442215160208107,0.1163468969448348,0.0285228377933814
0.0814951225570244,-0.0476838849209234,0.1135981071860008,0.0274361915098826
0.0847234630099135,-0.0511009446675746,0.1098530950267136,0.0263751978336407
0.0870239922370815,-0.0544341746254529,0.1051145573488296,0.0253485857744656
0.0884081763306318,-0.0576420718516347,0.099415143111214,0.0243649883116301
0.0889061964994221,-0.0606811226209352,0.0928172245150921,0.0234326962948598
0.0885652732329757,-0.0635069013718958,0.0854115304621847,0.0225594105359972
0.0874475824523299,-0.0660752667888643,0.0773146900077026,0.0217520008467705
0.0856278412502438,-0.0683436189172976,0.0686657823515598,0.0210162807058233
0.0831906447713721,-0.0702721761629483,0.0596220346366626,0.020356805758805
0.0802276367866626,-0.0718252271781924,0.0503538474483911,0.0197767035378119
0.0768345953717225,-0.0729723104888987,0.0410393581310998,0.0192775407408347
0.0731085125865619,-0.0736892747580966,0.0318587716552938,0.0188592332322679
0.0691447438129758,-0.0739591751916673,0.0229886963238063,0.0185200026374155
0.0650342987809279,-0.0737729668903567,0.0145967166975002,0.0182563819800376
0.0608613422775419,-0.0731299637301589,0.0068364193827024,0.0180632712277421
0.0567009678050744,-0.0720380410977089,-0.0001569397661948,0.0179340418677147
0.0526173017461706,-0.0705135718484773,-0.00626997384689,0.0178606877637006
0.0486619886972239,-0.0685810964834657,-0.0114137966117332,0.0178340176179116
0.0448731003611437,-0.0662727400339482,-0.0155256804835779,0.0178438825127814
0.0412745005739238,-0.0636273987844913,-0.0185697193238072,0.0178794304049101
0.0378756875801641,-0.0606897291149811,-0.0205365184829315,0.017929378239782
0.0346721216311589,-0.0575089779620969,-0.0214419750687974,0.0179822916553909
0.0316460316497628,-0.0541376994884476,-0.0213252465252902,0.0180268620900804
0.028767679687748,-0.0506304054821228,-0.020246034604566,0.0180521714964014
0.0259970470099003,-0.047042197869599,-0.0182813341047606,0.0180479357441558
0.0232858916509093,-0.0434274306663056,-0.0155218109087686,0.0180047190941724
0.0205801147173718,-0.03983844594754,-0.0120679815212062,0.0179141137241898
0.0178223617424237,-0.0363244242703326,-0.0080263662406317,0.01776888005295
0.0149547760458485,-0.0329303846369171,-0.0035057803798097,0.0175630454075778
0.0119218133531509,-0.0296963627056321,0.0013860870429358,0.0172919602986207
0.0086730211574936,-0.0266567886701675,0.0065456791855265,0.0169523131181329
0.0051656829535762,-0.0238400782730508,0.0118760606073839,0.0165421054103443
0.0013672270795916,-0.0212684420651682,0.0172888189933276,0.0160605909647485
-0.002742697014223,-0.0189579094848665,0.0227053408184647,0.015508182839463
-0.0071705652229466,-0.0169185557911852,0.0280574549578698,0.0148863330501337
-0.0119078267396482,-0.0151549116275178,0.033287469681589,0.0141973901133956
-0.0169303163068706,-0.0136665274567454,0.038347657499359,0.0134444399869276
-0.022198273164427,-0.012448658827947,0.0431992676483295,0.0126311362255846
-0.0276569848986916,-0.0114930339013482,0.047811166433786,0.0117615253378354
-0.0332380475279637,-0.0107886622257804,0.0521582201225276,0.0108398733286246
-0.0388612049638739,-0.0103226435867426,0.0562195429327958,0.0098704992351302
-0.0444367029349219,-0.0100809377610693,0.0599767334966833,0.0088576211023745
-0.0498680661740804,-0.0100490599870723,0.0634122170591612,0.0078052192912224
-0.0550551850434086,-0.0102126725623922,0.06650779820061,0.0067169212317887
-0.0598975808220593,-0.0105580498766003,0.0692435110453001,0.0055959107343092
-0.0642977093958633,-0.0110724020131526,0.0715968319893096,0.0044448638280061
-0.0681641620914761,-0.0117440503948385,0.0735422952580706,0.0032659119633744
-0.0714146298784351,-0.0125624573128393,0.0750515254853531,0.0020606324267474
-0.0739785120793077,-0.0135181190744482,0.0760936755321916,0.0008300650410239
-0.0757990713744383,-0.0146023394749897,0.0766362335226865,-0.0004252463563837
-0.0768350613717462,-0.0158069059634104,0.0766461420071265,-0.0017051896050086
-0.0770617795984495,-0.0171236949437546,0.0760911554478974,-0.0030099993611703
-0.0764715259806497,-0.0185442349912934,0.0749413507359299,-0.0043401542284411
-0.075073473453122,-0.0200592573785061,0.0731706997085031,-0.0056962586515169
-0.0728929822104154,-0.0216582623436657,0.0707586127259042,-0.0070789125792347
-0.06997041136241,-0.0233291271846976,0.0676913678719775,-0.0084885721723105
-0.0663595006666485,-0.0250577787033102,0.0639633505430632,-0.0099254051604754
-0.062125410009134,-0.0268279479180738,0.0595780422501918,-0.0113891448361807
-0.0573425148862945,-0.0286210194929869,0.0545487145126389,-0.0128789470756287
-0.0520920618161196,-0.0304159822786286,0.0488988027099436,-0.0143932551584247
-0.0464597880784716,-0.0321894811972728,0.0426619543161823,-0.0159296774685153
-0.0405336055787406,-0.0339159650155145,0.0358817645057615,-0.0174848833563991
-0.0344014394996486,-0.0355679198734103,0.0286112281998855,-0.0190545224839513
-0.0281492995040937,-0.0371161750150248,0.0209119499822288,-0.0206331728215387
-0.0218596453498172,-0.0385302648585221,0.0128531610989323,-0.0222143220923285
-0.015610090675286,-0.0397788300567459,0.0045105956115975,-0.0237903868398182
-0.0094724692558017,-0.0408300393910527,-0.004034724126807,-0.0253527724219118
-0.0035122680111241,-0.0416520143881513,-0.0126977484994809,-0.0268919761137255
0.0022115887937305,-0.0422132398680624,-0.0213906730412652,-0.0283977341627754
0.0076466385907546,-0.042482946719637,-0.0300241978196837,-0.0298592121528654
0.0127465141632182,-0.0424314585177252,-0.0385087598886415,-0.0312652364864438
0.017470377037886,-0.0420305014082414,-0.0467557334884427,-0.0326045632483258
0.0217822249400059,-0.0412534866473558,-0.0546785980949702,-0.0338661791709415
0.0256501509806309,-0.040075785575178,-0.0621940764556496,-0.0350396278822395
0.0290456289136861,-0.0384750242458859,-0.0692232437914801,-0.0361153531380525
0.0319428888553423,-0.0364314257312609,-0.0756926060770418,-0.0370850494311525
0.0343184324347565,-0.0339282207683329,-0.0815351405371477,-0.0379420093411345
0.0361507174507674,-0.0309521337955701,-0.0866912860819462,-0.0386814563118418
0.0374200221705345,-0.0274939354109635,-0.0911098661967905,-0.0393008512367932
0.0381084808042895,-0.0235490376980546,-0.0947489226043864,-0.039800161291498
0.0382002664181424,-0.0191180983024778,-0.0975764354687393,-0.0401820798627621
0.0376818869687538,-0.0142075938875343,-0.0995709053338963,-0.0404521871788412
0.0365425548453548,-0.008830323806341,-0.1007217732847143,-0.0406190423299195
0.0347745901052315,-0.003005809700352,-0.1010296586321038,-0.0406941987703857
0.0323738217432433,0.0032394351980556,-0.1005063975001245,-0.0406921370860288
0.0293399588074283,0.0098717837141306,-0.0991748709848744,-0.0406301107391485
0.025676912813904,0.0168505264621214,-0.0970686180222622,-0.0405279025798083
0.0213930635156332,0.0241280565481462,-0.0942312354372385,-0.0404074920059027
0.0165014703766488,0.03165020004314,-0.0907155753021236,-0.0402926346645058
0.0110200408319832,0.0393566814630303,-0.0865827571528997,-0.0402083584981612
0.0049716724347397,0.0471817122808825,-0.081901019411032,-0.0401803818377457
-0.0016156115139358,0.0550546910912265,-0.076744440279084,-0.0402344612470484
-0.0087085145643375,0.0629010058105419,-0.0711915631733342,-0.0403956790091193
-0.0162682944162684,0.0706429305493359,-0.0653239651396942,-0.0406876825263506
-0.0242505588209826,0.0782006117584011,-0.059224808438016,-0.0411318904665514
-0.0326050333096784,0.0854931392063519,-0.052977415501034,-0.0417466831818944
-0.0412753145204812,0.0924396968829125,-0.0466639058254226,-0.042546597673231
-0.0501986339532936,0.0989607870553125,-0.0403639300801496,-0.0435415500430572
-0.0593056674517268,0.1049795176901834,-0.034153531866555,-0.0447361108138641
-0.0685204342532854,0.1104229395725145,-0.0281041613151745,-0.0461288604916468
-0.0777603349862515,0.1152234148550985,-0.0222818574483096,-0.0477118541234525
-0.0869363799916984,0.1193199933927075,-0.0167466085013756,-0.0494702241460379
-0.0959536575937136,0.1226597669297296,-0.0115518917013783,-0.0513819503901336
-0.1047120862144483,0.1251991642078308,-0.0067443867805338,-0.0534178245564059
-0.1131074843365944,0.126905143095529,-0.0023638511017908,-0.0555416336993503
-0.1210329782929767,0.127756230081244,0.0015568610313447,-0.0577105831361786
-0.128380750123727,0.1277433540866815,0.0049916563023906,-0.0598759736295199
-0.1350441071106982,0.1268704213978958,0.0079209614891946,-0.0619841405786183
-0.1409198322809038,0.1251545820399376,0.0103314086085654,-0.0639776542501446
-0.1459107525414113,0.1226261453138862,0.0122154702120675,-0.0657967698440622
-0.1499284394145947,0.1193281134077744,0.0135710666489705,-0.0673811046234575
-0.1528959377374525,0.115315316600278,0.0144011635124104,-0.0686715068069979
-0.1547504016844216,0.1106531508376102,0.0147133728890008,-0.0696120679391636
-0.1554455072051888,0.1054159373528979,0.0145195667752793,-0.0701522176186685
-0.1549535077779331,0.0996849434099999,0.0138355055453348,-0.0702488274397839
-0.1532668079991472,0.0935461220989191,0.0126804792404495,-0.0698682404946077
-0.1503989474563248,0.0870876462865752,0.0110769553518925,-0.0689881345420584
-0.1463849146157774,0.0803973262552192,0.009050224201741,-0.0675991217368117
-0.1412807449201985,0.073560011325395,0.0066280322346908,-0.0657059864270781
-0.1351623958768078,0.0666550822145874,0.0038401944977784,-0.0633284658164622
-0.1281239311168371,0.0597541426080213,0.000718180156705,-0.0605014870828564
-0.1202750817669402,0.0529190151268431,-0.0027053311636822,-0.0572747896309729
-0.1117382842336276,0.0462001383823334,-0.0063969195436622,-0.0537118832191212
-0.102645317053026,0.0396354480484497,-0.0103229135606378,-0.0498883223620747
-0.0931336752645146,0.0332498060576127,-0.0144498849596535,-0.0458893151553494
-0.0833428289281937,0.0270550187605544,-0.0187451323978104,-0.0418067305867023
-0.0734105133609872,0.0210504583872833,-0.0231771344885257,-0.0377356210493039
-0.0634691931647857,0.0152242739473289,-0.0277159506873571,-0.0337704305709741
-0.0536428311642742,0.0095551492919659,-0.0323335484213322,-0.0300011029569248
-0.0440440779639995,0.0040145386562376,-0.0370040365183414,-0.0265093246154471
-0.0347719787023111,-0.0014307152594561,-0.0417037884619782,-0.0233651278513747
-0.025910271082615,-0.006815497469522,-0.0464114439160595,-0.0206240461041662
-0.0175263230569597,-0.0121734050529346,-0.0511077826639052,-0.0183249636198409
-0.0096707299759306,-0.0175337446443447,-0.0557754709246876,-0.0164887484982391
-0.0023775605518728,-0.0229186920218328,-0.0603986855906983,-0.0151177063785159
0.0043347897461379,-0.0283407589825416,-0.0649626272655653,-0.0141958455144315
0.0104622081983292,-0.0338007009881861,-0.0694529381605459,-0.0136899042112319
0.0160130327560419,-0.039285979731094,-0.0738550458983417,-0.0135510592378774
0.021005893594932,-0.0447698685834104,-0.0781534589550618,-0.0137172090606795
0.025467356256878,-0.0502112569542366,-0.0823310437349321,-0.0141157083695173
0.0294294988212981,-0.055555173442122,-0.0863683171205434,-0.0146664199602008
0.0329275508326253,-0.0607340095364621,-0.090242791887912,-0.0152849460581706
0.0359977075962316,-0.0656693882421936,-0.0939284157720777,-0.0158859030089884
0.0386752108347598,-0.0702745881367256,-0.0973951482384505,-0.0163861102309981
0.0409927577114893,-0.0744574052155127,-0.1006087216797071,-0.0167075756714949
0.0429792680735056,-0.0781233138938327,-0.1035306342486735,-0.0167801749461394
0.0446590081873154,-0.0811787755755349,-0.1061184170799695,-0.016543939082366
0.0460510418400633,-0.0835345387970226,-0.1083262066182862,-0.0159508855582565
0.0471689592991925,-0.0851087793525145,-0.1101056328836795,-0.0149663483935679
0.048020823001244,-0.0858299417964543,-0.1114070096243655,-0.013569784675174
0.048609266628969,-0.0856391643449924,-0.1121807868830769,-0.0117550562678146
0.0489316910680895,-0.0844921956946657,-0.1123792044484188,-0.0095302056521111
0.0489805151518736,-0.0823607424695307,-0.1119580684186691,-0.006916762912894
0.0487434585587005,-0.0792332179123238,-0.1108785637756548,-0.0039486360582028
0.0482038554507788,-0.0751148944862033,-0.109109013579526,-0.0006706484897806
0.0473410170486107,-0.0700274938514873,-0.1066264995157673,0.0028632047435136
0.0461306764365116,-0.0640082756694381,-0.1034182677804198,0.0065917063187484
0.0445455575191346,-0.0571087101425318,-0.0994828569979682,0.0104484956836964
0.0425561113502767,-0.04939283650862,-0.0948308993532114,0.0143642045132963
0.0401314572406559,-0.0409354196098432,-0.0894855611510587,0.0182685802849496
0.0372405541067877,-0.0318200183756768,-0.0834826039908903,0.022092536061061
0.0338536109291419,-0.0221370733325978,-0.0768700624894925,0.0257700717090102
0.0299437257119284,-0.0119821055191409,-0.0697075489273629,0.0292400193685929
0.0254887218043596,-0.0014540978994618,-0.0620652091053152,0.0324475738642977
0.0204731304513176,0.0093458949144708,-0.0540223666884556,0.0353455768090948
0.0148902501892874,0.0203158889950882,-0.0456659048274554,0.037895531145139
0.0087441981012278,0.0313538702221809,-0.0370884431647184,0.040068330619509
0.0020518558854148,0.0423584758715861,-0.0283863747176351,0.041844696094247
-0.0051553937980563,0.0532295011410338,-0.0196578301624245,0.0432153176199645
-0.0128302471603364,0.0638682854036505,-0.011000636871917,0.0441807078877451
-0.0209084774854269,0.0741780404346172,-0.0025103372770054,0.0447507790441459
-0.0293084434708459,0.0840641849285413,0.005721673657373,0.0449441608943315
-0.0379311835136097,0.0934347458800647,0.0136098384525363,0.044787284161436
-0.046661151057959,0.1022008778669875,0.0210759091273772,0.0443132576501176
-0.0553676215454054,0.1102775366845731,0.0280501649825578,0.0435605728518439
-0.0639067740223595,0.11758432539209,0.0344723504270476,0.0425716736869947
-0.0721244213211803,0.1240465100590797,0.0402923183768379,0.0413914325721226
-0.0798593333560395,0.1295961808413793,0.0454703761948078,0.0400655766175463
-0.0869470697759352,0.1341735133390061,0.0499773421547301,0.0386391093081461
-0.093224212035166,0.1377280677003907,0.0537943304729001,0.0371547734338521
-0.0985328617139721,0.1402200506501914,0.0569122915720831,0.0356516004151602
-0.1027252525012472,0.14162145975337,0.0593313409644484,0.0341635897023896
-0.1056683087339887,0.1419170300457824,0.0610599146466271,0.0327185597612338
-0.1072479751477808,0.1411049101416232,0.0621137912020411,0.031337209309116
-0.1073731418502332,0.1391970070937985,0.0625150212893363,0.0300324238241012
-0.1059789962561339,0.1362189555219522,0.0622908044332152,0.0288088576920428
-0.1030296498581136,0.1322096858033791,0.0614723515254069,0.0276628163959714
-0.0985199117881335,0.1272205875295661,0.0600937695232907,0.0265824555984626
-0.0924761123620494,0.1213142870289775,0.0581910026971114,0.0255483046607775
-0.0849559169210677,0.1145630803812825,0.0558008624296946,0.024534111123904
-0.0760471113916597,0.1070470844857881,0.0529601747325846,0.0235079902122687
-0.0658653836977046,0.0988521866394444,0.0497050708005255,0.0224338500015759
-0.0545511669303422,0.0900678860728688,0.0460704406269412,0.0212730492105879
-0.0422656486010427,0.0807851277998356,0.0420895628750089,0.0199862314511872
-0.0291860833168583,0.0710942293771083,0.0377939162993567,0.0185352680592238
-0.0155005723046595,0.0610829947317487,0.0332131698617205,0.0168852321869312
-0.0014024915964801,0.0508350966236796,0.0283753410924676,0.0150063205115885
0.0129152384270645,0.0404287916697616,0.0233071057356105,0.0128756365084866
0.0272658448769872,0.029936010702324,0.0180342364546976,0.0104787514240396
0.041474158511293,0.0194218443246685,0.0125821443227772,0.0078109662581221
0.0553816410114813,0.0089444207546605,0.0069764938325285,0.0048782101643196
0.0688507976358093,-0.0014448475491545,0.0012438600972649,0.001697527112363
0.0817688011030795,-0.0117006886301397,-0.0045876043830528,-0.0017028776580965
0.0940501690881059,-0.0217831192249023,-0.0104875267535489,-0.0052840383953184
0.1056383599561469,-0.0316563762451256,-0.0164227284137799,-0.0089970622196337
0.1165061801430934,-0.0412876962930118,-0.0223567311943953,-0.0127843604566031
0.1266549327118367,-0.0506460112220248,-0.0282493888594095,-0.0165812259606612
0.1361122806824832,-0.0597006301142592,-0.0340566763535357,-0.0203176908086078
0.1449288507264378,-0.0684199796937714,-0.0397306659464808,-0.0239205889479375
0.1531736615551856,-0.0767704758541737,-0.045219713780157,-0.0273157423438042
0.1609285241294343,-0.0847155979446506,-0.050468872452794,-0.0304301867243551
0.1682816237216493,-0.0922152337028707,-0.0554205356268487,-0.0331943541236329
0.1753205525054273,-0.0992253550117879,-0.0600153096235456,-0.0355441339933735
0.1821251114898003,-0.1056980717658857,-0.0641930949501404,-0.0374227424395055
0.1887602381704818,-0.1115820924040665,-0.0678943482806551,-0.0387823396289345
0.1952694371787806,-0.1168235957359077,-0.0710614834053785,-0.0395853478964908
0.2016690918261601,-0.1213674916653897,-0.0736403590542869,-0.0398054367370747
0.2079440121810036,-0.1251590212117816,-0.075581793289545,-0.0394281548710468
0.2140445291777439,-0.128145621598588,-0.0768430392300072,-0.0384512032029555
0.2198853752125869,-0.1302789622291313,-0.0773891557935682,-0.0368843552050586
0.2253465029356394,-0.1315170435838702,-0.0771942101454078,-0.034749042691224
0.2302758909207319,-0.1318262445338865,-0.0762422555785954,-0.0320776349238544
0.2344942745222776,-0.1311832048902624,-0.074528039365883,-0.0289124474469243
0.2378016299507784,-0.1295764391580566,-0.0720574091309668,-0.0253045238984212
0.239985136741132,-0.1270075936103805,-0.0688474024979722,-0.0213122391780997
0.2408282555006758,-0.1234922804293499,-0.0649260218160984,-0.0169997754930863
0.2401204907001561,-0.1190604478176044,-0.0603317120483082,-0.0124355237399361
0.2376673672125709,-0.1137562715773307,-0.0551125739133296,-0.0076904613099339
0.233300136446724,-0.1076375797279271,-0.0493253548273938,-0.0028365538553219
0.226884742515009,-0.100774845549406,-0.0430342664264047,0.0020547768001428
0.2183296180320739,-0.0932498044666464,-0.0363096795071148,0.0069140830356288
0.2075919387789389,-0.0851537652106568,-0.0292267457940504,0.0116751917817854
0.1946820420142995,-0.0765856949794078,-0.0218639920819723,0.0162763538316322
0.1796658001034973,-0.067650161712496,-0.0143019271375584,0.0206612278531791
0.1626648352372696,-0.0584552144248143,-0.006621696109569,0.0247796905544116
0.1438545589473692,-0.0491102755469881,0.0010961885161476,0.0285884688884111
0.1234601191295542,-0.0397241085124814,0.0087730161044949,0.0320515934742334
0.1017504346291259,-0.0304029109201621,0.0163329295722559,0.0351406749451303
0.0790305899009491,-0.0212485702479677,0.0237038474156494,0.0378350071797394
0.0556329454285323,-0.0123571069823635,0.0308182488647302,0.040121503665719
0.031907386390391,-0.0038173203400808,0.0376138194934811,0.0419944757435537
0.0082111720042466,0.0042903551482152,0.0440339589113312,0.0434552641772363
-0.0151011490262506,0.0118947785053076,0.0500281564129683,0.0445117383056369
-0.0376873280199163,0.0189348161053767,0.0555522445035804,0.0451776798190624
-0.0592261497530192,0.0253598425151497,0.0605685435231251,0.0454720708413338
-0.0794250341033722,0.0311300331481904,0.0650459126519173,0.045418308315751
-0.098026319586279,0.0362164563490588,0.0689597233003222,0.0450433685073577
-0.1148121264887823,0.0406009754078599,0.072291770623612,0.0443769465664752
-0.1296077701627277,0.0442759736354809,0.075030138071679,0.043450596410572
-0.1422837538241207,0.047243917796804,0.0771690286179328,0.0422968955773195
-0.1527564144869827,0.0495167768731167,0.0787085745178508,0.0409486581356111
-0.1609873269519623,0.0511153143745239,0.0796546350211441,0.039438216240028
-0.1669815917325822,0.0520682733215006,0.0800185883829922,0.0377967875849334
-0.1707851463742796,0.0524114736494882,0.0798171208563582,0.0360539420276633
-0.17248124842242,0.0521868422921091,0.0790720113086515,0.0342371762128229
-0.1721862842910572,0.0514413966619153,0.0778099061016989,0.0323716003613466
-0.1700450625715853,0.0502262025997036,0.0760620754268509,0.0304797367083045
-0.1662257529853844,0.0485953278591557,0.0738641398246136,0.0285814246084675
-0.1609146323719764,0.0466048115763487,0.0712557543479073,0.0266938233336855
-0.1543107954695315,0.0443116688057217,0.06828023781723,0.0248315003272634
-0.1466209796332338,0.0417729470127261,0.0649841359297106,0.0230065903398664
-0.1380546385308377,0.0390448483194775,0.0614167096641811,0.0212290094697013
-0.1288193804143824,0.0361819273903881,0.0576293443447791,0.0195067075617124
-0.1191168625935669,0.0332363706388932,0.0536748795422126,0.0178459425485142
-0.1091392067569006,0.0302573587725948,0.049606865247862,0.0162515610260837
-0.0990659720165722,0.027290512225397,0.045478754998212,0.0147272705799154
-0.0890616964835756,0.0243774178875938,0.0413430514542455,0.0132758910838641
-0.0792739959435516,0.0215552354966565,0.0372504240459593,0.0118995743623845
